
**
Time      : 2026-07-24 19:33:35
Service   : Department
Method    : GET
Endpoint  : /departments
Status    : 401

Request:
""

Response:
"{\"message\":\"Authorization header is required\",\"success\":false}"

**


**
Time      : 2026-07-24 19:33:35
Service   : Department
Method    : GET
Endpoint  : /departments
Status    : 401

Request:
""

Response:
"{\"message\":\"Authorization header is required\",\"success\":false}"

**


**
Time      : 2026-07-24 19:34:34
Service   : Department
Method    : GET
Endpoint  : /departments
Status    : 401

Request:
""

Response:
"{\"message\":\"Authorization header is required\",\"success\":false}"

**


**
Time      : 2026-07-24 19:34:34
Service   : Department
Method    : GET
Endpoint  : /departments
Status    : 401

Request:
""

Response:
"{\"message\":\"Authorization header is required\",\"success\":false}"

**


**
Time      : 2026-07-24 19:34:35
Service   : Department
Method    : GET
Endpoint  : /departments
Status    : 401

Request:
""

Response:
"{\"message\":\"Authorization header is required\",\"success\":false}"

**


**
Time      : 2026-07-24 19:35:01
Service   : Department
Method    : GET
Endpoint  : /departments
Status    : 401

Request:
""

Response:
"{\"message\":\"Authorization header is required\",\"success\":false}"

**


**
Time      : 2026-07-24 19:35:01
Service   : Department
Method    : GET
Endpoint  : /departments
Status    : 401

Request:
""

Response:
"{\"message\":\"Authorization header is required\",\"success\":false}"

**


**
Time      : 2026-07-24 19:35:21
Service   : Institution
Method    : GET
Endpoint  : /institutes/
Status    : 401

Request:
""

Response:
"{\"message\":\"Authorization header is required\",\"success\":false}"

**


**
Time      : 2026-07-24 19:35:21
Service   : Department
Method    : GET
Endpoint  : /departments
Status    : 401

Request:
""

Response:
"{\"message\":\"Authorization header is required\",\"success\":false}"

**


**
Time      : 2026-07-24 19:35:21
Service   : Student
Method    : GET
Endpoint  : /students
Status    : 401

Request:
""

Response:
"{\"message\":\"Authorization header is required\",\"success\":false}"

**


**
Time      : 2026-07-24 19:35:21
Service   : General
Method    : GET
Endpoint  : /principal
Status    : 401

Request:
""

Response:
"{\"message\":\"Authorization header is required\",\"success\":false}"

**


**
Time      : 2026-07-24 19:35:21
Service   : Faculty
Method    : GET
Endpoint  : /faculties
Status    : 401

Request:
""

Response:
"{\"message\":\"Authorization header is required\",\"success\":false}"

**


**
Time      : 2026-07-24 19:35:21
Service   : Fees
Method    : GET
Endpoint  : /fees
Status    : 401

Request:
""

Response:
"{\"message\":\"Authorization header is required\",\"success\":false}"

**


**
Time      : 2026-07-24 19:35:26
Service   : Department
Method    : GET
Endpoint  : /departments
Status    : 401

Request:
""

Response:
"{\"message\":\"Authorization header is required\",\"success\":false}"

**


**
Time      : 2026-07-24 19:35:26
Service   : Department
Method    : GET
Endpoint  : /departments
Status    : 401

Request:
""

Response:
"{\"message\":\"Authorization header is required\",\"success\":false}"

**


**
Time      : 2026-07-24 19:35:49
Service   : Department
Method    : GET
Endpoint  : /departments
Status    : 401

Request:
""

Response:
"{\"message\":\"Authorization header is required\",\"success\":false}"

**


**
Time      : 2026-07-24 19:35:50
Service   : Department
Method    : GET
Endpoint  : /departments
Status    : 401

Request:
""

Response:
"{\"message\":\"Authorization header is required\",\"success\":false}"

**


**
Time      : 2026-07-27 10:24:33
Service   : General
Method    : GET
Endpoint  : /api/faculties
Status    : 401

Request:
""

Response:
"{\"message\":\"Authorization header is required\",\"success\":false}"

**


**
Time      : 2026-07-27 10:24:33
Service   : General
Method    : GET
Endpoint  : /api/facultiesons
Status    : 401

Request:
""

Response:
"{\"message\":\"Authorization header is required\",\"success\":false}"

**


**
Time      : 2026-07-27 10:24:33
Service   : General
Method    : GET
Endpoint  : /api/principals
Status    : 401

Request:
""

Response:
"{\"message\":\"Authorization header is required\",\"success\":false}"

**


**
Time      : 2026-07-27 10:24:33
Service   : General
Method    : GET
Endpoint  : /api/fees
Status    : 401

Request:
""

Response:
"{\"message\":\"Authorization header is required\",\"success\":false}"

**


**
Time      : 2026-07-27 10:24:33
Service   : General
Method    : GET
Endpoint  : /api/students
Status    : 401

Request:
""

Response:
"{\"message\":\"Authorization header is required\",\"success\":false}"

**


**
Time      : 2026-07-27 10:24:33
Service   : General
Method    : GET
Endpoint  : /api/feesrtments
Status    : 401

Request:
""

Response:
"{\"message\":\"Authorization header is required\",\"success\":false}"

**


**
Time      : 2026-07-27 10:24:36
Service   : General
Method    : GET
Endpoint  : /api/institutions
Status    : 401

Request:
""

Response:
"{\"message\":\"Authorization header is required\",\"success\":false}"

**


**
Time      : 2026-07-27 10:24:36
Service   : General
Method    : GET
Endpoint  : /api/departments
Status    : 401

Request:
""

Response:
"{\"message\":\"Authorization header is required\",\"success\":false}"

**


**
Time      : 2026-07-27 10:24:36
Service   : General
Method    : GET
Endpoint  : /api/students
Status    : 401

Request:
""

Response:
"{\"message\":\"Authorization header is required\",\"success\":false}"

**


**
Time      : 2026-07-27 10:24:36
Service   : General
Method    : GET
Endpoint  : /api/principals
Status    : 401

Request:
""

Response:
"{\"message\":\"Authorization header is required\",\"success\":false}"

**


**
Time      : 2026-07-27 10:24:36
Service   : General
Method    : GET
Endpoint  : /api/faculties
Status    : 401

Request:
""

Response:
"{\"message\":\"Authorization header is required\",\"success\":false}"

**


**
Time      : 2026-07-27 10:24:36
Service   : General
Method    : GET
Endpoint  : /api/fees
Status    : 401

Request:
""

Response:
"{\"message\":\"Authorization header is required\",\"success\":false}"

**


**
Time      : 2026-07-27 10:24:38
Service   : General
Method    : GET
Endpoint  : /api/institutions
Status    : 401

Request:
""

Response:
"{\"message\":\"Authorization header is required\",\"success\":false}"

**


**
Time      : 2026-07-27 10:24:38
Service   : General
Method    : GET
Endpoint  : /api/students
Status    : 401

Request:
""

Response:
"{\"message\":\"Authorization header is required\",\"success\":false}"

**


**
Time      : 2026-07-27 10:24:38
Service   : General
Method    : GET
Endpoint  : /api/departments
Status    : 401

Request:
""

Response:
"{\"message\":\"Authorization header is required\",\"success\":false}"

**


**
Time      : 2026-07-27 10:24:38
Service   : General
Method    : GET
Endpoint  : /api/faculties
Status    : 401

Request:
""

Response:
"{\"message\":\"Authorization header is required\",\"success\":false}"

**


**
Time      : 2026-07-27 10:24:38
Service   : General
Method    : GET
Endpoint  : /api/principals
Status    : 401

Request:
""

Response:
"{\"message\":\"Authorization header is required\",\"success\":false}"

**


**
Time      : 2026-07-27 10:24:38
Service   : General
Method    : GET
Endpoint  : /api/fees
Status    : 401

Request:
""

Response:
"{\"message\":\"Authorization header is required\",\"success\":false}"

**


**
Time      : 2026-07-27 10:24:40
Service   : General
Method    : GET
Endpoint  : /api/institutions
Status    : 401

Request:
""

Response:
"{\"message\":\"Authorization header is required\",\"success\":false}"

**


**
Time      : 2026-07-27 10:24:40
Service   : General
Method    : GET
Endpoint  : /api/departments
Status    : 401

Request:
""

Response:
"{\"message\":\"Authorization header is required\",\"success\":false}"

**


**
Time      : 2026-07-27 10:24:40
Service   : General
Method    : GET
Endpoint  : /api/principals
Status    : 401

Request:
""

Response:
"{\"message\":\"Authorization header is required\",\"success\":false}"

**


**
Time      : 2026-07-27 10:24:40
Service   : General
Method    : GET
Endpoint  : /api/faculties
Status    : 401

Request:
""

Response:
"{\"message\":\"Authorization header is required\",\"success\":false}"

**


**
Time      : 2026-07-27 10:24:40
Service   : General
Method    : GET
Endpoint  : /api/students
Status    : 401

Request:
""

Response:
"{\"message\":\"Authorization header is required\",\"success\":false}"

**


**
Time      : 2026-07-27 10:24:40
Service   : General
Method    : GET
Endpoint  : /api/fees
Status    : 401

Request:
""

Response:
"{\"message\":\"Authorization header is required\",\"success\":false}"

**


**
Time      : 2026-07-27 10:25:42
Service   : General
Method    : GET
Endpoint  : /api/departments
Status    : 401

Request:
""

Response:
"{\"message\":\"Authorization header is required\",\"success\":false}"

**


**
Time      : 2026-07-27 10:25:42
Service   : General
Method    : GET
Endpoint  : /api/institutions
Status    : 401

Request:
""

Response:
"{\"message\":\"Authorization header is required\",\"success\":false}"

**


**
Time      : 2026-07-27 10:25:42
Service   : General
Method    : GET
Endpoint  : /api/faculties
Status    : 401

Request:
""

Response:
"{\"message\":\"Authorization header is required\",\"success\":false}"

**


**
Time      : 2026-07-27 10:25:42
Service   : General
Method    : GET
Endpoint  : /api/students
Status    : 401

Request:
""

Response:
"{\"message\":\"Authorization header is required\",\"success\":false}"

**


**
Time      : 2026-07-27 10:25:42
Service   : General
Method    : GET
Endpoint  : /api/fees
Status    : 401

Request:
""

Response:
"{\"message\":\"Authorization header is required\",\"success\":false}"

**


**
Time      : 2026-07-27 10:25:42
Service   : General
Method    : GET
Endpoint  : /api/principals
Status    : 401

Request:
""

Response:
"{\"message\":\"Authorization header is required\",\"success\":false}"

**


**
Time      : 2026-07-27 10:25:46
Service   : General
Method    : GET
Endpoint  : /api/institutions
Status    : 401

Request:
""

Response:
"{\"message\":\"Authorization header is required\",\"success\":false}"

**


**
Time      : 2026-07-27 10:25:46
Service   : General
Method    : GET
Endpoint  : /api/departments
Status    : 401

Request:
""

Response:
"{\"message\":\"Authorization header is required\",\"success\":false}"

**


**
Time      : 2026-07-27 10:25:46
Service   : General
Method    : GET
Endpoint  : /api/students
Status    : 401

Request:
""

Response:
"{\"message\":\"Authorization header is required\",\"success\":false}"

**


**
Time      : 2026-07-27 10:25:46
Service   : General
Method    : GET
Endpoint  : /api/principals
Status    : 401

Request:
""

Response:
"{\"message\":\"Authorization header is required\",\"success\":false}"

**


**
Time      : 2026-07-27 10:25:46
Service   : General
Method    : GET
Endpoint  : /api/faculties
Status    : 401

Request:
""

Response:
"{\"message\":\"Authorization header is required\",\"success\":false}"

**


**
Time      : 2026-07-27 10:25:46
Service   : General
Method    : GET
Endpoint  : /api/fees
Status    : 401

Request:
""

Response:
"{\"message\":\"Authorization header is required\",\"success\":false}"

**


**
Time      : 2026-07-27 10:26:12
Service   : General
Method    : GET
Endpoint  : /api/institutions
Status    : 401

Request:
""

Response:
"{\"message\":\"Authorization header is required\",\"success\":false}"

**


**
Time      : 2026-07-27 10:26:12
Service   : General
Method    : GET
Endpoint  : /api/departments
Status    : 401

Request:
""

Response:
"{\"message\":\"Authorization header is required\",\"success\":false}"

**


**
Time      : 2026-07-27 10:26:12
Service   : General
Method    : GET
Endpoint  : /api/faculties
Status    : 401

Request:
""

Response:
"{\"message\":\"Authorization header is required\",\"success\":false}"

**


**
Time      : 2026-07-27 10:26:12
Service   : General
Method    : GET
Endpoint  : /api/fees
Status    : 401

Request:
""

Response:
"{\"message\":\"Authorization header is required\",\"success\":false}"

**


**
Time      : 2026-07-27 10:26:12
Service   : General
Method    : GET
Endpoint  : /api/students
Status    : 401

Request:
""

Response:
"{\"message\":\"Authorization header is required\",\"success\":false}"

**


**
Time      : 2026-07-27 10:26:12
Service   : General
Method    : GET
Endpoint  : /api/principals
Status    : 401

Request:
""

Response:
"{\"message\":\"Authorization header is required\",\"success\":false}"

**


**
Time      : 2026-07-27 10:26:49
Service   : General
Method    : GET
Endpoint  : /api/students
Status    : 401

Request:
""

Response:
"{\"message\":\"Authorization header is required\",\"success\":false}"

**


**
Time      : 2026-07-27 10:26:49
Service   : General
Method    : GET
Endpoint  : /api/departments
Status    : 401

Request:
""

Response:
"{\"message\":\"Authorization header is required\",\"success\":false}"

**


**
Time      : 2026-07-27 10:26:49
Service   : General
Method    : GET
Endpoint  : /api/institutions
Status    : 401

Request:
""

Response:
"{\"message\":\"Authorization header is required\",\"success\":false}"

**


**
Time      : 2026-07-27 10:26:49
Service   : General
Method    : GET
Endpoint  : /api/faculties
Status    : 401

Request:
""

Response:
"{\"message\":\"Authorization header is required\",\"success\":false}"

**


**
Time      : 2026-07-27 10:26:49
Service   : General
Method    : GET
Endpoint  : /api/principals
Status    : 401

Request:
""

Response:
"{\"message\":\"Authorization header is required\",\"success\":false}"

**


**
Time      : 2026-07-27 10:26:49
Service   : General
Method    : GET
Endpoint  : /api/fees
Status    : 401

Request:
""

Response:
"{\"message\":\"Authorization header is required\",\"success\":false}"

**


**
Time      : 2026-07-27 10:26:52
Service   : General
Method    : GET
Endpoint  : /api/institutions
Status    : 401

Request:
""

Response:
"{\"message\":\"Authorization header is required\",\"success\":false}"

**


**
Time      : 2026-07-27 10:26:52
Service   : General
Method    : GET
Endpoint  : /api/students
Status    : 401

Request:
""

Response:
"{\"message\":\"Authorization header is required\",\"success\":false}"

**


**
Time      : 2026-07-27 10:26:52
Service   : General
Method    : GET
Endpoint  : /api/departments
Status    : 401

Request:
""

Response:
"{\"message\":\"Authorization header is required\",\"success\":false}"

**


**
Time      : 2026-07-27 10:26:52
Service   : General
Method    : GET
Endpoint  : /api/faculties
Status    : 401

Request:
""

Response:
"{\"message\":\"Authorization header is required\",\"success\":false}"

**


**
Time      : 2026-07-27 10:26:52
Service   : General
Method    : GET
Endpoint  : /api/principals
Status    : 401

Request:
""

Response:
"{\"message\":\"Authorization header is required\",\"success\":false}"

**


**
Time      : 2026-07-27 10:26:52
Service   : General
Method    : GET
Endpoint  : /api/fees
Status    : 401

Request:
""

Response:
"{\"message\":\"Authorization header is required\",\"success\":false}"

**


**
Time      : 2026-07-27 10:26:59
Service   : General
Method    : GET
Endpoint  : /api/students
Status    : 401

Request:
""

Response:
"{\"message\":\"Authorization header is required\",\"success\":false}"

**


**
Time      : 2026-07-27 10:26:59
Service   : General
Method    : GET
Endpoint  : /api/institutions
Status    : 401

Request:
""

Response:
"{\"message\":\"Authorization header is required\",\"success\":false}"

**


**
Time      : 2026-07-27 10:26:59
Service   : General
Method    : GET
Endpoint  : /api/departments
Status    : 401

Request:
""

Response:
"{\"message\":\"Authorization header is required\",\"success\":false}"

**


**
Time      : 2026-07-27 10:26:59
Service   : General
Method    : GET
Endpoint  : /api/faculties
Status    : 401

Request:
""

Response:
"{\"message\":\"Authorization header is required\",\"success\":false}"

**


**
Time      : 2026-07-27 10:26:59
Service   : General
Method    : GET
Endpoint  : /api/principals
Status    : 401

Request:
""

Response:
"{\"message\":\"Authorization header is required\",\"success\":false}"

**


**
Time      : 2026-07-27 10:26:59
Service   : General
Method    : GET
Endpoint  : /api/fees
Status    : 401

Request:
""

Response:
"{\"message\":\"Authorization header is required\",\"success\":false}"

**


**
Time      : 2026-07-27 10:30:48
Service   : Student
Method    : GET
Endpoint  : /students
Status    : 401

Request:
""

Response:
"{\"message\":\"Authorization header is required\",\"success\":false}"

**


**
Time      : 2026-07-27 10:30:48
Service   : Institution
Method    : GET
Endpoint  : /institutes/
Status    : 401

Request:
""

Response:
"{\"message\":\"Authorization header is required\",\"success\":false}"

**


**
Time      : 2026-07-27 10:30:48
Service   : Department
Method    : GET
Endpoint  : /departments
Status    : 401

Request:
""

Response:
"{\"message\":\"Authorization header is required\",\"success\":false}"

**


**
Time      : 2026-07-27 10:30:48
Service   : Faculty
Method    : GET
Endpoint  : /faculties
Status    : 401

Request:
""

Response:
"{\"message\":\"Authorization header is required\",\"success\":false}"

**


**
Time      : 2026-07-27 10:30:48
Service   : General
Method    : GET
Endpoint  : /principals
Status    : 401

Request:
""

Response:
"{\"message\":\"Authorization header is required\",\"success\":false}"

**


**
Time      : 2026-07-27 10:30:48
Service   : Fees
Method    : GET
Endpoint  : /fees
Status    : 401

Request:
""

Response:
"{\"message\":\"Authorization header is required\",\"success\":false}"

**


**
Time      : 2026-07-27 10:30:52
Service   : Institution
Method    : GET
Endpoint  : /institutes/
Status    : 401

Request:
""

Response:
"{\"message\":\"Authorization header is required\",\"success\":false}"

**


**
Time      : 2026-07-27 10:30:52
Service   : Student
Method    : GET
Endpoint  : /students
Status    : 401

Request:
""

Response:
"{\"message\":\"Authorization header is required\",\"success\":false}"

**


**
Time      : 2026-07-27 10:30:52
Service   : Department
Method    : GET
Endpoint  : /departments
Status    : 401

Request:
""

Response:
"{\"message\":\"Authorization header is required\",\"success\":false}"

**


**
Time      : 2026-07-27 10:30:52
Service   : General
Method    : GET
Endpoint  : /principals
Status    : 401

Request:
""

Response:
"{\"message\":\"Authorization header is required\",\"success\":false}"

**


**
Time      : 2026-07-27 10:30:52
Service   : Faculty
Method    : GET
Endpoint  : /faculties
Status    : 401

Request:
""

Response:
"{\"message\":\"Authorization header is required\",\"success\":false}"

**


**
Time      : 2026-07-27 10:30:52
Service   : Fees
Method    : GET
Endpoint  : /fees
Status    : 401

Request:
""

Response:
"{\"message\":\"Authorization header is required\",\"success\":false}"

**


**
Time      : 2026-07-27 10:32:05
Service   : Institution
Method    : GET
Endpoint  : /institutes/
Status    : 401

Request:
""

Response:
"{\"message\":\"Authorization header is required\",\"success\":false}"

**


**
Time      : 2026-07-27 10:32:05
Service   : Department
Method    : GET
Endpoint  : /departments
Status    : 401

Request:
""

Response:
"{\"message\":\"Authorization header is required\",\"success\":false}"

**


**
Time      : 2026-07-27 10:32:05
Service   : Student
Method    : GET
Endpoint  : /students
Status    : 401

Request:
""

Response:
"{\"message\":\"Authorization header is required\",\"success\":false}"

**


**
Time      : 2026-07-27 10:32:05
Service   : Faculty
Method    : GET
Endpoint  : /faculties
Status    : 401

Request:
""

Response:
"{\"message\":\"Authorization header is required\",\"success\":false}"

**


**
Time      : 2026-07-27 10:32:05
Service   : General
Method    : GET
Endpoint  : /principals
Status    : 401

Request:
""

Response:
"{\"message\":\"Authorization header is required\",\"success\":false}"

**


**
Time      : 2026-07-27 10:32:05
Service   : Fees
Method    : GET
Endpoint  : /fees
Status    : 401

Request:
""

Response:
"{\"message\":\"Authorization header is required\",\"success\":false}"

**


**
Time      : 2026-07-27 10:32:10
Service   : Institution
Method    : GET
Endpoint  : /institutes/
Status    : 401

Request:
""

Response:
"{\"message\":\"Authorization header is required\",\"success\":false}"

**


**
Time      : 2026-07-27 10:32:10
Service   : Department
Method    : GET
Endpoint  : /departments
Status    : 401

Request:
""

Response:
"{\"message\":\"Authorization header is required\",\"success\":false}"

**


**
Time      : 2026-07-27 10:32:10
Service   : Student
Method    : GET
Endpoint  : /students
Status    : 401

Request:
""

Response:
"{\"message\":\"Authorization header is required\",\"success\":false}"

**


**
Time      : 2026-07-27 10:32:10
Service   : Fees
Method    : GET
Endpoint  : /fees
Status    : 401

Request:
""

Response:
"{\"message\":\"Authorization header is required\",\"success\":false}"

**


**
Time      : 2026-07-27 10:32:10
Service   : Faculty
Method    : GET
Endpoint  : /faculties
Status    : 401

Request:
""

Response:
"{\"message\":\"Authorization header is required\",\"success\":false}"

**


**
Time      : 2026-07-27 10:32:10
Service   : General
Method    : GET
Endpoint  : /principals
Status    : 401

Request:
""

Response:
"{\"message\":\"Authorization header is required\",\"success\":false}"

**


**
Time      : 2026-07-27 10:32:31
Service   : Institution
Method    : GET
Endpoint  : /institutes/
Status    : 401

Request:
""

Response:
"{\"message\":\"Authorization header is required\",\"success\":false}"

**


**
Time      : 2026-07-27 10:32:31
Service   : Department
Method    : GET
Endpoint  : /departments
Status    : 401

Request:
""

Response:
"{\"message\":\"Authorization header is required\",\"success\":false}"

**


**
Time      : 2026-07-27 10:32:31
Service   : Student
Method    : GET
Endpoint  : /students
Status    : 401

Request:
""

Response:
"{\"message\":\"Authorization header is required\",\"success\":false}"

**


**
Time      : 2026-07-27 10:32:31
Service   : Faculty
Method    : GET
Endpoint  : /faculties
Status    : 401

Request:
""

Response:
"{\"message\":\"Authorization header is required\",\"success\":false}"

**


**
Time      : 2026-07-27 10:32:31
Service   : General
Method    : GET
Endpoint  : /principals
Status    : 401

Request:
""

Response:
"{\"message\":\"Authorization header is required\",\"success\":false}"

**


**
Time      : 2026-07-27 10:32:31
Service   : Fees
Method    : GET
Endpoint  : /fees
Status    : 401

Request:
""

Response:
"{\"message\":\"Authorization header is required\",\"success\":false}"

**


**
Time      : 2026-07-27 10:33:04
Service   : Institution
Method    : GET
Endpoint  : /institutes/
Status    : 401

Request:
""

Response:
"{\"message\":\"Authorization header is required\",\"success\":false}"

**


**
Time      : 2026-07-27 10:33:04
Service   : General
Method    : GET
Endpoint  : /principals
Status    : 401

Request:
""

Response:
"{\"message\":\"Authorization header is required\",\"success\":false}"

**


**
Time      : 2026-07-27 10:33:04
Service   : Department
Method    : GET
Endpoint  : /departments
Status    : 401

Request:
""

Response:
"{\"message\":\"Authorization header is required\",\"success\":false}"

**


**
Time      : 2026-07-27 10:33:04
Service   : Student
Method    : GET
Endpoint  : /students
Status    : 401

Request:
""

Response:
"{\"message\":\"Authorization header is required\",\"success\":false}"

**


**
Time      : 2026-07-27 10:33:04
Service   : Faculty
Method    : GET
Endpoint  : /faculties
Status    : 401

Request:
""

Response:
"{\"message\":\"Authorization header is required\",\"success\":false}"

**


**
Time      : 2026-07-27 10:33:04
Service   : Fees
Method    : GET
Endpoint  : /fees
Status    : 401

Request:
""

Response:
"{\"message\":\"Authorization header is required\",\"success\":false}"

**


**
Time      : 2026-07-27 10:33:42
Service   : Institution
Method    : GET
Endpoint  : /institutes/
Status    : 401

Request:
""

Response:
"{\"message\":\"Authorization header is required\",\"success\":false}"

**


**
Time      : 2026-07-27 10:33:42
Service   : Student
Method    : GET
Endpoint  : /students
Status    : 401

Request:
""

Response:
"{\"message\":\"Authorization header is required\",\"success\":false}"

**


**
Time      : 2026-07-27 10:33:42
Service   : Department
Method    : GET
Endpoint  : /departments
Status    : 401

Request:
""

Response:
"{\"message\":\"Authorization header is required\",\"success\":false}"

**


**
Time      : 2026-07-27 10:33:42
Service   : Faculty
Method    : GET
Endpoint  : /faculties
Status    : 401

Request:
""

Response:
"{\"message\":\"Authorization header is required\",\"success\":false}"

**


**
Time      : 2026-07-27 10:33:42
Service   : General
Method    : GET
Endpoint  : /principals
Status    : 401

Request:
""

Response:
"{\"message\":\"Authorization header is required\",\"success\":false}"

**


**
Time      : 2026-07-27 10:33:42
Service   : Fees
Method    : GET
Endpoint  : /fees
Status    : 401

Request:
""

Response:
"{\"message\":\"Authorization header is required\",\"success\":false}"

**


**
Time      : 2026-07-27 10:33:49
Service   : Institution
Method    : GET
Endpoint  : /institutes/
Status    : 401

Request:
""

Response:
"{\"message\":\"Authorization header is required\",\"success\":false}"

**


**
Time      : 2026-07-27 10:33:49
Service   : Student
Method    : GET
Endpoint  : /students
Status    : 401

Request:
""

Response:
"{\"message\":\"Authorization header is required\",\"success\":false}"

**


**
Time      : 2026-07-27 10:33:49
Service   : Department
Method    : GET
Endpoint  : /departments
Status    : 401

Request:
""

Response:
"{\"message\":\"Authorization header is required\",\"success\":false}"

**


**
Time      : 2026-07-27 10:33:49
Service   : Faculty
Method    : GET
Endpoint  : /faculties
Status    : 401

Request:
""

Response:
"{\"message\":\"Authorization header is required\",\"success\":false}"

**


**
Time      : 2026-07-27 10:33:49
Service   : General
Method    : GET
Endpoint  : /principals
Status    : 401

Request:
""

Response:
"{\"message\":\"Authorization header is required\",\"success\":false}"

**


**
Time      : 2026-07-27 10:33:49
Service   : Fees
Method    : GET
Endpoint  : /fees
Status    : 401

Request:
""

Response:
"{\"message\":\"Authorization header is required\",\"success\":false}"

**


**
Time      : 2026-07-27 10:37:36
Service   : Institution
Method    : GET
Endpoint  : /institutes/
Status    : 401

Request:
""

Response:
"{\"message\":\"Authorization header is required\",\"success\":false}"

**


**
Time      : 2026-07-27 10:37:36
Service   : Department
Method    : GET
Endpoint  : /departments
Status    : 401

Request:
""

Response:
"{\"message\":\"Authorization header is required\",\"success\":false}"

**


**
Time      : 2026-07-27 10:37:36
Service   : Student
Method    : GET
Endpoint  : /students
Status    : 401

Request:
""

Response:
"{\"message\":\"Authorization header is required\",\"success\":false}"

**


**
Time      : 2026-07-27 10:37:36
Service   : Faculty
Method    : GET
Endpoint  : /faculties
Status    : 401

Request:
""

Response:
"{\"message\":\"Authorization header is required\",\"success\":false}"

**


**
Time      : 2026-07-27 10:37:36
Service   : General
Method    : GET
Endpoint  : /principals
Status    : 401

Request:
""

Response:
"{\"message\":\"Authorization header is required\",\"success\":false}"

**


**
Time      : 2026-07-27 10:37:36
Service   : Fees
Method    : GET
Endpoint  : /fees
Status    : 401

Request:
""

Response:
"{\"message\":\"Authorization header is required\",\"success\":false}"

**


**
Time      : 2026-07-27 10:39:00
Service   : Institution
Method    : GET
Endpoint  : /institutes/
Status    : 401

Request:
""

Response:
"{\"message\":\"Authorization header is required\",\"success\":false}"

**


**
Time      : 2026-07-27 10:39:00
Service   : Department
Method    : GET
Endpoint  : /departments
Status    : 401

Request:
""

Response:
"{\"message\":\"Authorization header is required\",\"success\":false}"

**


**
Time      : 2026-07-27 10:39:00
Service   : Faculty
Method    : GET
Endpoint  : /faculties
Status    : 401

Request:
""

Response:
"{\"message\":\"Authorization header is required\",\"success\":false}"

**


**
Time      : 2026-07-27 10:39:00
Service   : Student
Method    : GET
Endpoint  : /students
Status    : 401

Request:
""

Response:
"{\"message\":\"Authorization header is required\",\"success\":false}"

**


**
Time      : 2026-07-27 10:39:00
Service   : Fees
Method    : GET
Endpoint  : /fees
Status    : 401

Request:
""

Response:
"{\"message\":\"Authorization header is required\",\"success\":false}"

**


**
Time      : 2026-07-27 10:39:00
Service   : General
Method    : GET
Endpoint  : /principals
Status    : 401

Request:
""

Response:
"{\"message\":\"Authorization header is required\",\"success\":false}"

**


**
Time      : 2026-07-27 10:42:45
Service   : Auth
Method    : POST
Endpoint  : /signin
Status    : 401

Request:
"[REDACTED/SENSITIVE]"

Response:
"{\"message\":\"account is inactive\",\"success\":false}"

**


**
Time      : 2026-07-27 10:42:56
Service   : Auth
Method    : POST
Endpoint  : /signup
Status    : 400

Request:
"[REDACTED/SENSITIVE]"

Response:
"{\"message\":\"email already exists\",\"success\":false}"

**


**
Time      : 2026-07-27 10:43:02
Service   : Auth
Method    : POST
Endpoint  : /signin
Status    : 401

Request:
"[REDACTED/SENSITIVE]"

Response:
"{\"message\":\"account is inactive\",\"success\":false}"

**


**
Time      : 2026-07-27 10:43:04
Service   : Auth
Method    : POST
Endpoint  : /signin
Status    : 401

Request:
"[REDACTED/SENSITIVE]"

Response:
"{\"message\":\"account is inactive\",\"success\":false}"

**


**
Time      : 2026-07-27 10:43:05
Service   : Auth
Method    : POST
Endpoint  : /signin
Status    : 401

Request:
"[REDACTED/SENSITIVE]"

Response:
"{\"message\":\"account is inactive\",\"success\":false}"

**


**
Time      : 2026-07-27 10:43:05
Service   : Auth
Method    : POST
Endpoint  : /signin
Status    : 401

Request:
"[REDACTED/SENSITIVE]"

Response:
"{\"message\":\"account is inactive\",\"success\":false}"

**


**
Time      : 2026-07-27 10:44:05
Service   : General
Method    : POST
Endpoint  : /resendmail
Status    : 400

Request:
"{\r\n    \"email\":\"television85599@gmail.com\"\r\n}"

Response:
"{\"message\":\"email is already verified\",\"success\":false}"

**


**
Time      : 2026-07-27 10:44:41
Service   : Auth
Method    : POST
Endpoint  : /signin
Status    : 401

Request:
"[REDACTED/SENSITIVE]"

Response:
"{\"message\":\"account is inactive\",\"success\":false}"

**


**
Time      : 2026-07-27 10:44:41
Service   : Auth
Method    : POST
Endpoint  : /signin
Status    : 401

Request:
"[REDACTED/SENSITIVE]"

Response:
"{\"message\":\"account is inactive\",\"success\":false}"

**


**
Time      : 2026-07-27 10:44:42
Service   : Auth
Method    : POST
Endpoint  : /signin
Status    : 401

Request:
"[REDACTED/SENSITIVE]"

Response:
"{\"message\":\"account is inactive\",\"success\":false}"

**


**
Time      : 2026-07-27 10:44:42
Service   : Auth
Method    : POST
Endpoint  : /signin
Status    : 401

Request:
"[REDACTED/SENSITIVE]"

Response:
"{\"message\":\"account is inactive\",\"success\":false}"

**


**
Time      : 2026-07-27 10:45:14
Service   : General
Method    : DELETE
Endpoint  : /users/105
Status    : 401

Request:
""

Response:
"{\"message\":\"Invalid or expired token\",\"success\":false}"

**


**
Time      : 2026-07-27 10:45:37
Service   : Auth
Method    : POST
Endpoint  : /signin
Status    : 401

Request:
"[REDACTED/SENSITIVE]"

Response:
"{\"message\":\"account is inactive\",\"success\":false}"

**


**
Time      : 2026-07-27 10:46:34
Service   : Auth
Method    : POST
Endpoint  : /signin
Status    : 401

Request:
"[REDACTED/SENSITIVE]"

Response:
"{\"message\":\"account is inactive\",\"success\":false}"

**


**
Time      : 2026-07-27 10:50:10
Service   : Auth
Method    : POST
Endpoint  : /signin
Status    : 401

Request:
"[REDACTED/SENSITIVE]"

Response:
"{\"message\":\"account is inactive\",\"success\":false}"

**


**
Time      : 2026-07-27 10:50:18
Service   : Auth
Method    : POST
Endpoint  : /signup
Status    : 400

Request:
"[REDACTED/SENSITIVE]"

Response:
"{\"message\":\"email already exists\",\"success\":false}"

**


**
Time      : 2026-07-27 10:51:58
Service   : Auth
Method    : POST
Endpoint  : /signup
Status    : 400

Request:
"[REDACTED/SENSITIVE]"

Response:
"{\"message\":\"email already exists\",\"success\":false}"

**


**
Time      : 2026-07-27 10:52:07
Service   : Auth
Method    : POST
Endpoint  : /signin
Status    : 401

Request:
"[REDACTED/SENSITIVE]"

Response:
"{\"message\":\"account is inactive\",\"success\":false}"

**


**
Time      : 2026-07-27 10:59:43
Service   : Auth
Method    : POST
Endpoint  : /signin
Status    : 401

Request:
"[REDACTED/SENSITIVE]"

Response:
"{\"message\":\"invalid email or password\",\"success\":false}"

**


**
Time      : 2026-07-27 11:00:01
Service   : Auth
Method    : POST
Endpoint  : /signin
Status    : 401

Request:
"[REDACTED/SENSITIVE]"

Response:
"{\"message\":\"please verify your email before signing in\",\"success\":false}"

**


**
Time      : 2026-07-27 11:00:29
Service   : Auth
Method    : POST
Endpoint  : /signup
Status    : 400

Request:
"[REDACTED/SENSITIVE]"

Response:
"{\"message\":\"email already exists\",\"success\":false}"

**


**
Time      : 2026-07-27 11:00:44
Service   : Auth
Method    : POST
Endpoint  : /signin
Status    : 200

Request:
"[REDACTED/SENSITIVE]"

Response:
"{\"data\":{\"access_token\":\"eyJhbGciOiJIUzI1NiIsInR5cCI6IkpXVCJ9.eyJleHAiOjE3ODUxMzExNDQsImlhdCI6MTc4NTEzMDI0NCwic2Vzc2lvbl9pZCI6IjQwYzBjMWRkLTZhNjktNGRjMy04ZjI0LTEyYjljMzc5NzQ2MyIsInVzZXJfaWQiOjk0fQ.FIy0p02w6IHTEZgJ9R5f0Ill5qLk-Fv8SzBY45HNeCI\",\"refresh_token\":\"eyJhbGciOiJIUzI1NiIsInR5cCI6IkpXVCJ9.eyJleHAiOjE3ODc3MjIyNDQsImlhdCI6MTc4NTEzMDI0NCwic2Vzc2lvbl9pZCI6IjQwYzBjMWRkLTZhNjktNGRjMy04ZjI0LTEyYjljMzc5NzQ2MyIsInVzZXJfaWQiOjk0fQ.lTk2I9mYenYYTLIOf2r4AvBIXCwXN2Qx0lxXEE5X940\",\"user_id\":94,\"session_id\":\"40c0c1dd-6a69-4dc3-8f24-12b9c3797463\"},\"message\":\"Signed in successfully\",\"success\":true}"

**


**
Time      : 2026-07-27 11:01:09
Service   : Auth
Method    : POST
Endpoint  : /signin
Status    : 200

Request:
"[REDACTED/SENSITIVE]"

Response:
"{\"data\":{\"access_token\":\"eyJhbGciOiJIUzI1NiIsInR5cCI6IkpXVCJ9.eyJleHAiOjE3ODUxMzExNjksImlhdCI6MTc4NTEzMDI2OSwic2Vzc2lvbl9pZCI6ImU0ODUzMDVhLWE4OGItNDAyYS1hMWViLTI4NTY3ZmI3ZDA0NCIsInVzZXJfaWQiOjk0fQ.Dbkdu1lF5JCvTgRVc45P6nHEHdstT1TPlD0AAPk65ks\",\"refresh_token\":\"eyJhbGciOiJIUzI1NiIsInR5cCI6IkpXVCJ9.eyJleHAiOjE3ODc3MjIyNjksImlhdCI6MTc4NTEzMDI2OSwic2Vzc2lvbl9pZCI6ImU0ODUzMDVhLWE4OGItNDAyYS1hMWViLTI4NTY3ZmI3ZDA0NCIsInVzZXJfaWQiOjk0fQ.wGXTGreMEru-1z_JXSRH0jKiGvWcrHR4u0kyaaVz8gk\",\"user_id\":94,\"session_id\":\"e485305a-a88b-402a-a1eb-28567fb7d044\"},\"message\":\"Signed in successfully\",\"success\":true}"

**


**
Time      : 2026-07-27 11:01:09
Service   : Institution
Method    : GET
Endpoint  : /institutes/
Status    : 401

Request:
""

Response:
"{\"message\":\"Authorization header is required\",\"success\":false}"

**


**
Time      : 2026-07-27 11:01:09
Service   : Department
Method    : GET
Endpoint  : /departments
Status    : 401

Request:
""

Response:
"{\"message\":\"Authorization header is required\",\"success\":false}"

**


**
Time      : 2026-07-27 11:01:09
Service   : Student
Method    : GET
Endpoint  : /students
Status    : 401

Request:
""

Response:
"{\"message\":\"Authorization header is required\",\"success\":false}"

**


**
Time      : 2026-07-27 11:01:09
Service   : Faculty
Method    : GET
Endpoint  : /faculties
Status    : 401

Request:
""

Response:
"{\"message\":\"Authorization header is required\",\"success\":false}"

**


**
Time      : 2026-07-27 11:01:09
Service   : General
Method    : GET
Endpoint  : /principals
Status    : 401

Request:
""

Response:
"{\"message\":\"Authorization header is required\",\"success\":false}"

**


**
Time      : 2026-07-27 11:01:09
Service   : Fees
Method    : GET
Endpoint  : /fees
Status    : 401

Request:
""

Response:
"{\"message\":\"Authorization header is required\",\"success\":false}"

**


**
Time      : 2026-07-27 11:02:27
Service   : General
Method    : DELETE
Endpoint  : /users/105
Status    : 200

Request:
""

Response:
"{\"data\":null,\"message\":\"User deleted successfully\",\"success\":true}"

**


**
Time      : 2026-07-27 11:02:49
Service   : Institution
Method    : GET
Endpoint  : /institutes/
Status    : 401

Request:
""

Response:
"{\"message\":\"Authorization header is required\",\"success\":false}"

**


**
Time      : 2026-07-27 11:02:49
Service   : Department
Method    : GET
Endpoint  : /departments
Status    : 401

Request:
""

Response:
"{\"message\":\"Authorization header is required\",\"success\":false}"

**


**
Time      : 2026-07-27 11:02:49
Service   : Student
Method    : GET
Endpoint  : /students
Status    : 401

Request:
""

Response:
"{\"message\":\"Authorization header is required\",\"success\":false}"

**


**
Time      : 2026-07-27 11:02:49
Service   : Faculty
Method    : GET
Endpoint  : /faculties
Status    : 401

Request:
""

Response:
"{\"message\":\"Authorization header is required\",\"success\":false}"

**


**
Time      : 2026-07-27 11:02:49
Service   : General
Method    : GET
Endpoint  : /principals
Status    : 401

Request:
""

Response:
"{\"message\":\"Authorization header is required\",\"success\":false}"

**


**
Time      : 2026-07-27 11:02:49
Service   : Fees
Method    : GET
Endpoint  : /fees
Status    : 401

Request:
""

Response:
"{\"message\":\"Authorization header is required\",\"success\":false}"

**


**
Time      : 2026-07-27 11:02:55
Service   : Institution
Method    : GET
Endpoint  : /institutes/
Status    : 401

Request:
""

Response:
"{\"message\":\"Authorization header is required\",\"success\":false}"

**


**
Time      : 2026-07-27 11:02:55
Service   : Department
Method    : GET
Endpoint  : /departments
Status    : 401

Request:
""

Response:
"{\"message\":\"Authorization header is required\",\"success\":false}"

**


**
Time      : 2026-07-27 11:02:55
Service   : Student
Method    : GET
Endpoint  : /students
Status    : 401

Request:
""

Response:
"{\"message\":\"Authorization header is required\",\"success\":false}"

**


**
Time      : 2026-07-27 11:02:55
Service   : Faculty
Method    : GET
Endpoint  : /faculties
Status    : 401

Request:
""

Response:
"{\"message\":\"Authorization header is required\",\"success\":false}"

**


**
Time      : 2026-07-27 11:02:55
Service   : Fees
Method    : GET
Endpoint  : /fees
Status    : 401

Request:
""

Response:
"{\"message\":\"Authorization header is required\",\"success\":false}"

**


**
Time      : 2026-07-27 11:02:55
Service   : General
Method    : GET
Endpoint  : /principals
Status    : 401

Request:
""

Response:
"{\"message\":\"Authorization header is required\",\"success\":false}"

**


**
Time      : 2026-07-27 11:04:59
Service   : Department
Method    : GET
Endpoint  : /departments
Status    : 401

Request:
""

Response:
"{\"message\":\"Authorization header is required\",\"success\":false}"

**


**
Time      : 2026-07-27 11:04:59
Service   : Institution
Method    : GET
Endpoint  : /institutes/
Status    : 401

Request:
""

Response:
"{\"message\":\"Authorization header is required\",\"success\":false}"

**


**
Time      : 2026-07-27 11:04:59
Service   : Student
Method    : GET
Endpoint  : /students
Status    : 401

Request:
""

Response:
"{\"message\":\"Authorization header is required\",\"success\":false}"

**


**
Time      : 2026-07-27 11:04:59
Service   : Faculty
Method    : GET
Endpoint  : /faculties
Status    : 401

Request:
""

Response:
"{\"message\":\"Authorization header is required\",\"success\":false}"

**


**
Time      : 2026-07-27 11:04:59
Service   : General
Method    : GET
Endpoint  : /principals
Status    : 401

Request:
""

Response:
"{\"message\":\"Authorization header is required\",\"success\":false}"

**


**
Time      : 2026-07-27 11:04:59
Service   : Fees
Method    : GET
Endpoint  : /fees
Status    : 401

Request:
""

Response:
"{\"message\":\"Authorization header is required\",\"success\":false}"

**


**
Time      : 2026-07-27 11:05:06
Service   : Institution
Method    : GET
Endpoint  : /institutes/
Status    : 401

Request:
""

Response:
"{\"message\":\"Authorization header is required\",\"success\":false}"

**


**
Time      : 2026-07-27 11:05:06
Service   : Department
Method    : GET
Endpoint  : /departments
Status    : 401

Request:
""

Response:
"{\"message\":\"Authorization header is required\",\"success\":false}"

**


**
Time      : 2026-07-27 11:05:06
Service   : Student
Method    : GET
Endpoint  : /students
Status    : 401

Request:
""

Response:
"{\"message\":\"Authorization header is required\",\"success\":false}"

**


**
Time      : 2026-07-27 11:05:06
Service   : Faculty
Method    : GET
Endpoint  : /faculties
Status    : 401

Request:
""

Response:
"{\"message\":\"Authorization header is required\",\"success\":false}"

**


**
Time      : 2026-07-27 11:05:06
Service   : General
Method    : GET
Endpoint  : /principals
Status    : 401

Request:
""

Response:
"{\"message\":\"Authorization header is required\",\"success\":false}"

**


**
Time      : 2026-07-27 11:05:06
Service   : Fees
Method    : GET
Endpoint  : /fees
Status    : 401

Request:
""

Response:
"{\"message\":\"Authorization header is required\",\"success\":false}"

**


**
Time      : 2026-07-27 11:05:21
Service   : Institution
Method    : GET
Endpoint  : /institutes/
Status    : 401

Request:
""

Response:
"{\"message\":\"Authorization header is required\",\"success\":false}"

**


**
Time      : 2026-07-27 11:05:21
Service   : Department
Method    : GET
Endpoint  : /departments
Status    : 401

Request:
""

Response:
"{\"message\":\"Authorization header is required\",\"success\":false}"

**


**
Time      : 2026-07-27 11:05:21
Service   : Student
Method    : GET
Endpoint  : /students
Status    : 401

Request:
""

Response:
"{\"message\":\"Authorization header is required\",\"success\":false}"

**


**
Time      : 2026-07-27 11:05:21
Service   : Faculty
Method    : GET
Endpoint  : /faculties
Status    : 401

Request:
""

Response:
"{\"message\":\"Authorization header is required\",\"success\":false}"

**


**
Time      : 2026-07-27 11:05:21
Service   : General
Method    : GET
Endpoint  : /principals
Status    : 401

Request:
""

Response:
"{\"message\":\"Authorization header is required\",\"success\":false}"

**


**
Time      : 2026-07-27 11:05:21
Service   : Fees
Method    : GET
Endpoint  : /fees
Status    : 401

Request:
""

Response:
"{\"message\":\"Authorization header is required\",\"success\":false}"

**


**
Time      : 2026-07-27 11:05:29
Service   : Department
Method    : GET
Endpoint  : /departments
Status    : 401

Request:
""

Response:
"{\"message\":\"Authorization header is required\",\"success\":false}"

**


**
Time      : 2026-07-27 11:05:29
Service   : Institution
Method    : GET
Endpoint  : /institutes/
Status    : 401

Request:
""

Response:
"{\"message\":\"Authorization header is required\",\"success\":false}"

**


**
Time      : 2026-07-27 11:05:29
Service   : Faculty
Method    : GET
Endpoint  : /faculties
Status    : 401

Request:
""

Response:
"{\"message\":\"Authorization header is required\",\"success\":false}"

**


**
Time      : 2026-07-27 11:05:29
Service   : Student
Method    : GET
Endpoint  : /students
Status    : 401

Request:
""

Response:
"{\"message\":\"Authorization header is required\",\"success\":false}"

**


**
Time      : 2026-07-27 11:05:29
Service   : General
Method    : GET
Endpoint  : /principals
Status    : 401

Request:
""

Response:
"{\"message\":\"Authorization header is required\",\"success\":false}"

**


**
Time      : 2026-07-27 11:05:29
Service   : Fees
Method    : GET
Endpoint  : /fees
Status    : 401

Request:
""

Response:
"{\"message\":\"Authorization header is required\",\"success\":false}"

**


**
Time      : 2026-07-27 11:06:41
Service   : Department
Method    : GET
Endpoint  : /studentsnts
Status    : 401

Request:
""

Response:
"{\"message\":\"Authorization header is required\",\"success\":false}"

**


**
Time      : 2026-07-27 11:06:41
Service   : General
Method    : GET
Endpoint  : /feescipals
Status    : 401

Request:
""

Response:
"{\"message\":\"Authorization header is required\",\"success\":false}"

**


**
Time      : 2026-07-27 11:06:41
Service   : Student
Method    : GET
Endpoint  : /students
Status    : 401

Request:
""

Response:
"{\"message\":\"Authorization header is required\",\"success\":false}"

**


**
Time      : 2026-07-27 11:06:41
Service   : Institution
Method    : GET
Endpoint  : /facultiess/
Status    : 401

Request:
""

Response:
"{\"message\":\"Authorization header is required\",\"success\":false}"

**


**
Time      : 2026-07-27 11:06:41
Service   : Fees
Method    : GET
Endpoint  : /fees
Status    : 401

Request:
""

Response:
"{\"message\":\"Authorization header is required\",\"success\":false}"

**


**
Time      : 2026-07-27 11:06:41
Service   : Faculty
Method    : GET
Endpoint  : /faculties
Status    : 401

Request:
""

Response:
"{\"message\":\"Authorization header is required\",\"success\":false}"

**


**
Time      : 2026-07-27 11:07:00
Service   : Auth
Method    : POST
Endpoint  : /signin
Status    : 401

Request:
"[REDACTED/SENSITIVE]"

Response:
"{\"message\":\"invalid email or password\",\"success\":false}"

**


**
Time      : 2026-07-27 11:07:08
Service   : Auth
Method    : POST
Endpoint  : /signin
Status    : 200

Request:
"[REDACTED/SENSITIVE]"

Response:
"{\"data\":{\"access_token\":\"eyJhbGciOiJIUzI1NiIsInR5cCI6IkpXVCJ9.eyJleHAiOjE3ODUxMzE1MjgsImlhdCI6MTc4NTEzMDYyOCwic2Vzc2lvbl9pZCI6Ijg4ZWQxZWRlLTliN2UtNDgyMi04ZDZhLTA3MzRlZDA3NDM3NyIsInVzZXJfaWQiOjk0fQ.3N9EGBidlTyCuTOVtXemu-aLbrdFWijDn0tyGEmPmik\",\"refresh_token\":\"eyJhbGciOiJIUzI1NiIsInR5cCI6IkpXVCJ9.eyJleHAiOjE3ODc3MjI2MjgsImlhdCI6MTc4NTEzMDYyOCwic2Vzc2lvbl9pZCI6Ijg4ZWQxZWRlLTliN2UtNDgyMi04ZDZhLTA3MzRlZDA3NDM3NyIsInVzZXJfaWQiOjk0fQ.xd7auc-E_DdgjIVghHodQfQ2AkMcyI4jAuKJtme5miE\",\"user_id\":94,\"session_id\":\"88ed1ede-9b7e-4822-8d6a-0734ed074377\"},\"message\":\"Signed in successfully\",\"success\":true}"

**


**
Time      : 2026-07-27 11:07:08
Service   : Institution
Method    : GET
Endpoint  : /institutes/
Status    : 401

Request:
""

Response:
"{\"message\":\"Authorization header is required\",\"success\":false}"

**


**
Time      : 2026-07-27 11:07:08
Service   : Department
Method    : GET
Endpoint  : /departments
Status    : 401

Request:
""

Response:
"{\"message\":\"Authorization header is required\",\"success\":false}"

**


**
Time      : 2026-07-27 11:07:08
Service   : General
Method    : GET
Endpoint  : /principals
Status    : 401

Request:
""

Response:
"{\"message\":\"Authorization header is required\",\"success\":false}"

**


**
Time      : 2026-07-27 11:07:08
Service   : Student
Method    : GET
Endpoint  : /students
Status    : 401

Request:
""

Response:
"{\"message\":\"Authorization header is required\",\"success\":false}"

**


**
Time      : 2026-07-27 11:07:08
Service   : Faculty
Method    : GET
Endpoint  : /faculties
Status    : 401

Request:
""

Response:
"{\"message\":\"Authorization header is required\",\"success\":false}"

**


**
Time      : 2026-07-27 11:07:08
Service   : Fees
Method    : GET
Endpoint  : /fees
Status    : 401

Request:
""

Response:
"{\"message\":\"Authorization header is required\",\"success\":false}"

**


**
Time      : 2026-07-27 11:08:05
Service   : General
Method    : GET
Endpoint  : /principals
Status    : 401

Request:
""

Response:
"{\"message\":\"Authorization header is required\",\"success\":false}"

**


**
Time      : 2026-07-27 11:08:56
Service   : Institution
Method    : GET
Endpoint  : /institutes/
Status    : 401

Request:
""

Response:
"{\"message\":\"Authorization header is required\",\"success\":false}"

**


**
Time      : 2026-07-27 11:08:56
Service   : Department
Method    : GET
Endpoint  : /departments
Status    : 401

Request:
""

Response:
"{\"message\":\"Authorization header is required\",\"success\":false}"

**


**
Time      : 2026-07-27 11:08:56
Service   : Student
Method    : GET
Endpoint  : /students
Status    : 401

Request:
""

Response:
"{\"message\":\"Authorization header is required\",\"success\":false}"

**


**
Time      : 2026-07-27 11:08:56
Service   : Faculty
Method    : GET
Endpoint  : /faculties
Status    : 401

Request:
""

Response:
"{\"message\":\"Authorization header is required\",\"success\":false}"

**


**
Time      : 2026-07-27 11:08:56
Service   : Fees
Method    : GET
Endpoint  : /fees
Status    : 401

Request:
""

Response:
"{\"message\":\"Authorization header is required\",\"success\":false}"

**


**
Time      : 2026-07-27 11:08:56
Service   : General
Method    : GET
Endpoint  : /principals
Status    : 401

Request:
""

Response:
"{\"message\":\"Authorization header is required\",\"success\":false}"

**


**
Time      : 2026-07-27 11:09:32
Service   : Institution
Method    : GET
Endpoint  : /institutes/
Status    : 401

Request:
""

Response:
"{\"message\":\"Authorization header is required\",\"success\":false}"

**


**
Time      : 2026-07-27 11:09:32
Service   : Department
Method    : GET
Endpoint  : /departments
Status    : 401

Request:
""

Response:
"{\"message\":\"Authorization header is required\",\"success\":false}"

**


**
Time      : 2026-07-27 11:09:32
Service   : Student
Method    : GET
Endpoint  : /students
Status    : 401

Request:
""

Response:
"{\"message\":\"Authorization header is required\",\"success\":false}"

**


**
Time      : 2026-07-27 11:09:32
Service   : Faculty
Method    : GET
Endpoint  : /faculties
Status    : 401

Request:
""

Response:
"{\"message\":\"Authorization header is required\",\"success\":false}"

**


**
Time      : 2026-07-27 11:09:32
Service   : General
Method    : GET
Endpoint  : /principals
Status    : 401

Request:
""

Response:
"{\"message\":\"Authorization header is required\",\"success\":false}"

**


**
Time      : 2026-07-27 11:09:32
Service   : Fees
Method    : GET
Endpoint  : /fees
Status    : 401

Request:
""

Response:
"{\"message\":\"Authorization header is required\",\"success\":false}"

**


**
Time      : 2026-07-27 11:09:44
Service   : Auth
Method    : POST
Endpoint  : /signin
Status    : 200

Request:
"[REDACTED/SENSITIVE]"

Response:
"{\"data\":{\"access_token\":\"eyJhbGciOiJIUzI1NiIsInR5cCI6IkpXVCJ9.eyJleHAiOjE3ODUxMzE2ODQsImlhdCI6MTc4NTEzMDc4NCwic2Vzc2lvbl9pZCI6ImRkZDcyNDQ1LTQ3NDItNGRiMy1hYTNiLTc2ZjI0YzBjZDE2MyIsInVzZXJfaWQiOjk0fQ.I4ZrRrytPMIewrFy_mrgqRlKz6YE-ruztY1F7EZNVMQ\",\"refresh_token\":\"eyJhbGciOiJIUzI1NiIsInR5cCI6IkpXVCJ9.eyJleHAiOjE3ODc3MjI3ODQsImlhdCI6MTc4NTEzMDc4NCwic2Vzc2lvbl9pZCI6ImRkZDcyNDQ1LTQ3NDItNGRiMy1hYTNiLTc2ZjI0YzBjZDE2MyIsInVzZXJfaWQiOjk0fQ.73OfFK0ShikUP67LTzAN4KC9Nzz1AH9aK40eWZWOdz0\",\"user_id\":94,\"session_id\":\"ddd72445-4742-4db3-aa3b-76f24c0cd163\"},\"message\":\"Signed in successfully\",\"success\":true}"

**


**
Time      : 2026-07-27 11:09:44
Service   : Institution
Method    : GET
Endpoint  : /institutes/
Status    : 401

Request:
""

Response:
"{\"message\":\"Authorization header is required\",\"success\":false}"

**


**
Time      : 2026-07-27 11:09:44
Service   : Student
Method    : GET
Endpoint  : /students
Status    : 401

Request:
""

Response:
"{\"message\":\"Authorization header is required\",\"success\":false}"

**


**
Time      : 2026-07-27 11:09:44
Service   : Faculty
Method    : GET
Endpoint  : /faculties
Status    : 401

Request:
""

Response:
"{\"message\":\"Authorization header is required\",\"success\":false}"

**


**
Time      : 2026-07-27 11:09:44
Service   : Department
Method    : GET
Endpoint  : /departments
Status    : 401

Request:
""

Response:
"{\"message\":\"Authorization header is required\",\"success\":false}"

**


**
Time      : 2026-07-27 11:09:44
Service   : General
Method    : GET
Endpoint  : /principals
Status    : 401

Request:
""

Response:
"{\"message\":\"Authorization header is required\",\"success\":false}"

**


**
Time      : 2026-07-27 11:09:44
Service   : Fees
Method    : GET
Endpoint  : /fees
Status    : 401

Request:
""

Response:
"{\"message\":\"Authorization header is required\",\"success\":false}"

**


**
Time      : 2026-07-27 11:10:57
Service   : Institution
Method    : GET
Endpoint  : /institutes/
Status    : 401

Request:
""

Response:
"{\"message\":\"Authorization header is required\",\"success\":false}"

**


**
Time      : 2026-07-27 11:10:57
Service   : Department
Method    : GET
Endpoint  : /departments
Status    : 401

Request:
""

Response:
"{\"message\":\"Authorization header is required\",\"success\":false}"

**


**
Time      : 2026-07-27 11:10:58
Service   : Student
Method    : GET
Endpoint  : /students
Status    : 401

Request:
""

Response:
"{\"message\":\"Authorization header is required\",\"success\":false}"

**


**
Time      : 2026-07-27 11:10:58
Service   : General
Method    : GET
Endpoint  : /principals
Status    : 401

Request:
""

Response:
"{\"message\":\"Authorization header is required\",\"success\":false}"

**


**
Time      : 2026-07-27 11:10:58
Service   : Faculty
Method    : GET
Endpoint  : /faculties
Status    : 401

Request:
""

Response:
"{\"message\":\"Authorization header is required\",\"success\":false}"

**


**
Time      : 2026-07-27 11:10:58
Service   : Fees
Method    : GET
Endpoint  : /fees
Status    : 401

Request:
""

Response:
"{\"message\":\"Authorization header is required\",\"success\":false}"

**


**
Time      : 2026-07-27 11:11:23
Service   : Auth
Method    : POST
Endpoint  : /signin
Status    : 200

Request:
"[REDACTED/SENSITIVE]"

Response:
"{\"data\":{\"access_token\":\"eyJhbGciOiJIUzI1NiIsInR5cCI6IkpXVCJ9.eyJleHAiOjE3ODUxMzE3ODMsImlhdCI6MTc4NTEzMDg4Mywic2Vzc2lvbl9pZCI6IjYxOGM0Zjc2LWYwNDAtNDVhYy05NTE3LTYzZGU4ZmQ1NzIzYiIsInVzZXJfaWQiOjk0fQ.m5_0Onx47zhC5vZZdpT1mU5PTKZWui5BBBMtSXxNDW8\",\"refresh_token\":\"eyJhbGciOiJIUzI1NiIsInR5cCI6IkpXVCJ9.eyJleHAiOjE3ODc3MjI4ODMsImlhdCI6MTc4NTEzMDg4Mywic2Vzc2lvbl9pZCI6IjYxOGM0Zjc2LWYwNDAtNDVhYy05NTE3LTYzZGU4ZmQ1NzIzYiIsInVzZXJfaWQiOjk0fQ.IT1fBaGp-ws9r4INrrZVg0ag6Pvd4NW9Af7Bt0wxgQA\",\"user_id\":94,\"session_id\":\"618c4f76-f040-45ac-9517-63de8fd5723b\"},\"message\":\"Signed in successfully\",\"success\":true}"

**


**
Time      : 2026-07-27 11:13:57
Service   : Auth
Method    : POST
Endpoint  : /signin
Status    : 200

Request:
"[REDACTED/SENSITIVE]"

Response:
"{\"data\":{\"access_token\":\"eyJhbGciOiJIUzI1NiIsInR5cCI6IkpXVCJ9.eyJleHAiOjE3ODUxMzE5MzcsImlhdCI6MTc4NTEzMTAzNywic2Vzc2lvbl9pZCI6IjFhODU5ZTcxLTk2ZWYtNGMyMy1iODAxLTBmMzc2OTQzMjA3ZCIsInVzZXJfaWQiOjk0fQ.FjEmY11XAqlBA5x2YAHDkzmyePaUIQfy0HPFnYnbfVw\",\"refresh_token\":\"eyJhbGciOiJIUzI1NiIsInR5cCI6IkpXVCJ9.eyJleHAiOjE3ODc3MjMwMzcsImlhdCI6MTc4NTEzMTAzNywic2Vzc2lvbl9pZCI6IjFhODU5ZTcxLTk2ZWYtNGMyMy1iODAxLTBmMzc2OTQzMjA3ZCIsInVzZXJfaWQiOjk0fQ.ZVrhTHFX6zOFmGIn4tQZRp_BLtlDTWS3tJ1iZk9X4gA\",\"user_id\":94,\"session_id\":\"1a859e71-96ef-4c23-b801-0f376943207d\"},\"message\":\"Signed in successfully\",\"success\":true}"

**


**
Time      : 2026-07-27 11:14:03
Service   : Auth
Method    : POST
Endpoint  : /signin
Status    : 200

Request:
"[REDACTED/SENSITIVE]"

Response:
"{\"data\":{\"access_token\":\"eyJhbGciOiJIUzI1NiIsInR5cCI6IkpXVCJ9.eyJleHAiOjE3ODUxMzE5NDMsImlhdCI6MTc4NTEzMTA0Mywic2Vzc2lvbl9pZCI6IjNjM2YyZjhlLTk3NTUtNGY2Ny04NmEyLTY3MDQ3MGMxMmFjYyIsInVzZXJfaWQiOjk0fQ.Sl3QGitUJUMYh5yLZkpkeelFqsID2waIjcoyg4TTQmQ\",\"refresh_token\":\"eyJhbGciOiJIUzI1NiIsInR5cCI6IkpXVCJ9.eyJleHAiOjE3ODc3MjMwNDMsImlhdCI6MTc4NTEzMTA0Mywic2Vzc2lvbl9pZCI6IjNjM2YyZjhlLTk3NTUtNGY2Ny04NmEyLTY3MDQ3MGMxMmFjYyIsInVzZXJfaWQiOjk0fQ.6DUZ55ng3Bq-rn3EJ3mGwagsBQGtRx70P6D2S7nDcXk\",\"user_id\":94,\"session_id\":\"3c3f2f8e-9755-4f67-86a2-670470c12acc\"},\"message\":\"Signed in successfully\",\"success\":true}"

**


**
Time      : 2026-07-27 11:14:03
Service   : Institution
Method    : GET
Endpoint  : /institutes/
Status    : 401

Request:
""

Response:
"{\"message\":\"Invalid or expired token\",\"success\":false}"

**


**
Time      : 2026-07-27 11:14:03
Service   : Department
Method    : GET
Endpoint  : /departments
Status    : 401

Request:
""

Response:
"{\"message\":\"Invalid or expired token\",\"success\":false}"

**


**
Time      : 2026-07-27 11:14:03
Service   : Student
Method    : GET
Endpoint  : /students
Status    : 401

Request:
""

Response:
"{\"message\":\"Invalid or expired token\",\"success\":false}"

**


**
Time      : 2026-07-27 11:14:03
Service   : Fees
Method    : GET
Endpoint  : /fees
Status    : 401

Request:
""

Response:
"{\"message\":\"Invalid or expired token\",\"success\":false}"

**


**
Time      : 2026-07-27 11:14:03
Service   : Faculty
Method    : GET
Endpoint  : /faculties
Status    : 401

Request:
""

Response:
"{\"message\":\"Invalid or expired token\",\"success\":false}"

**


**
Time      : 2026-07-27 11:14:03
Service   : General
Method    : GET
Endpoint  : /principals
Status    : 401

Request:
""

Response:
"{\"message\":\"Invalid or expired token\",\"success\":false}"

**


**
Time      : 2026-07-27 11:14:27
Service   : Institution
Method    : GET
Endpoint  : /institutes/
Status    : 200

Request:
""

Response:
"{\"data\":{\"items\":[{\"id\":1,\"name\":\"Anna\",\"institution_code\":\"sw51001\",\"state\":\"Tamil Nadu\",\"isactive\":true,\"departments\":[]},{\"id\":3,\"name\":\"Anna\",\"institution_code\":\"sw51001\",\"state\":\"Tamil Nadu\",\"isactive\":true,\"departments\":[{\"id\":2,\"department_name\":\"Manu\",\"institution_id\":3,\"isactive\":true,\"faculties\":[]}]},{\"id\":4,\"name\":\"Anna University Main Campus\",\"institution_code\":\"AU1001-M\",\"state\":\"Tamil Nadu\",\"isactive\":true,\"departments\":[{\"id\":3,\"department_name\":\"Manu\",\"institution_id\":4,\"isactive\":true,\"faculties\":[{\"id\":2,\"name\":\"Dr. Amit Anand\",\"gender\":\"Male\",\"joining_date\":\"2026-06-24T00:00:00+05:30\",\"department_id\":3,\"isactive\":true,\"students\":[{\"id\":2,\"name\":\"Rahul Kumar Sharma\",\"email\":\"rahul.sharma@example.com\",\"gender\":\"male\",\"faculty_id\":2,\"isactive\":true,\"fees\":[{\"id\":2,\"payment_mode\":\"Online\",\"amount\":50000,\"student_id\":2,\"isactive\":true}]},{\"id\":4,\"name\":\"Rahul Kumar\",\"email\":\"raha@example.com\",\"gender\":\"Male\",\"faculty_id\":2,\"isactive\":true,\"fees\":[]},{\"id\":5,\"name\":\"Rahula Kumar\",\"email\":\"rahaaa@example.com\",\"gender\":\"Male\",\"faculty_id\":2,\"isactive\":true,\"fees\":[]}]}]}]},{\"id\":5,\"name\":\"Annas\",\"institution_code\":\"SW01001\",\"state\":\"Tamil Nadu\",\"isactive\":true,\"departments\":[{\"id\":5,\"department_name\":\"Manu\",\"institution_id\":5,\"isactive\":true,\"faculties\":[{\"id\":3,\"name\":\"Dr. Amit Anand\",\"gender\":\"Male\",\"joining_date\":\"2026-06-24T00:00:00+05:30\",\"department_id\":5,\"isactive\":true,\"students\":[{\"id\":6,\"name\":\"Rahula Kumar\",\"email\":\"raa@example.com\",\"gender\":\"Male\",\"faculty_id\":3,\"isactive\":true,\"fees\":[]},{\"id\":7,\"name\":\"Rahusla Kumar\",\"email\":\"radbshdsdiha@example.com\",\"gender\":\"Male\",\"faculty_id\":3,\"isactive\":true,\"fees\":[]},{\"id\":8,\"name\":\"Rarrhusla Kumar\",\"email\":\"rarrdbshdsdiha@example.com\",\"gender\":\"Male\",\"faculty_id\":3,\"isactive\":true,\"fees\":[]},{\"id\":9,\"name\":\"Rarrhuslddda Kumar\",\"email\":\"rarrdbshddsdiha@example.com\",\"gender\":\"Male\",\"faculty_id\":3,\"isactive\":true,\"fees\":[]}]}]}]},{\"id\":6,\"name\":\"Annasw\",\"institution_code\":\"SW018001\",\"state\":\"Tamil Nadu\",\"isactive\":true,\"departments\":[]}],\"limit\":5,\"page\":1,\"total_count\":15,\"total_pages\":3},\"message\":\"Institutes fetched successfully\",\"success\":true}"

**


**
Time      : 2026-07-27 11:15:25
Service   : Institution
Method    : GET
Endpoint  : /institutes/
Status    : 401

Request:
""

Response:
"{\"message\":\"Invalid or expired token\",\"success\":false}"

**


**
Time      : 2026-07-27 11:15:25
Service   : Department
Method    : GET
Endpoint  : /departments
Status    : 401

Request:
""

Response:
"{\"message\":\"Invalid or expired token\",\"success\":false}"

**


**
Time      : 2026-07-27 11:15:25
Service   : Student
Method    : GET
Endpoint  : /students
Status    : 401

Request:
""

Response:
"{\"message\":\"Invalid or expired token\",\"success\":false}"

**


**
Time      : 2026-07-27 11:15:25
Service   : Faculty
Method    : GET
Endpoint  : /faculties
Status    : 401

Request:
""

Response:
"{\"message\":\"Invalid or expired token\",\"success\":false}"

**


**
Time      : 2026-07-27 11:15:25
Service   : General
Method    : GET
Endpoint  : /principals
Status    : 401

Request:
""

Response:
"{\"message\":\"Invalid or expired token\",\"success\":false}"

**


**
Time      : 2026-07-27 11:15:25
Service   : Fees
Method    : GET
Endpoint  : /fees
Status    : 401

Request:
""

Response:
"{\"message\":\"Invalid or expired token\",\"success\":false}"

**


**
Time      : 2026-07-27 11:16:25
Service   : Auth
Method    : POST
Endpoint  : /signin
Status    : 200

Request:
"[REDACTED/SENSITIVE]"

Response:
"{\"data\":{\"access_token\":\"eyJhbGciOiJIUzI1NiIsInR5cCI6IkpXVCJ9.eyJleHAiOjE3ODUxMzIwODUsImlhdCI6MTc4NTEzMTE4NSwic2Vzc2lvbl9pZCI6Ijk1MDgwM2M2LTVmNzUtNGUxYi1iZGE4LTU5ZDM5YzM0ZjI5ZiIsInVzZXJfaWQiOjk0fQ.r-WfvX89gFoPj2CtyEFiYML-w71erDFdGrbnE_tZ8fY\",\"refresh_token\":\"eyJhbGciOiJIUzI1NiIsInR5cCI6IkpXVCJ9.eyJleHAiOjE3ODc3MjMxODUsImlhdCI6MTc4NTEzMTE4NSwic2Vzc2lvbl9pZCI6Ijk1MDgwM2M2LTVmNzUtNGUxYi1iZGE4LTU5ZDM5YzM0ZjI5ZiIsInVzZXJfaWQiOjk0fQ.H4BepCTrT0a3FrCfHLMgcLkbY4jqwNjY0HyK8yxPWoc\",\"user_id\":94,\"session_id\":\"950803c6-5f75-4e1b-bda8-59d39c34f29f\"},\"message\":\"Signed in successfully\",\"success\":true}"

**


**
Time      : 2026-07-27 11:16:25
Service   : Institution
Method    : GET
Endpoint  : /institutes/
Status    : 401

Request:
""

Response:
"{\"message\":\"Invalid or expired token\",\"success\":false}"

**


**
Time      : 2026-07-27 11:16:25
Service   : Department
Method    : GET
Endpoint  : /departments
Status    : 401

Request:
""

Response:
"{\"message\":\"Invalid or expired token\",\"success\":false}"

**


**
Time      : 2026-07-27 11:16:25
Service   : Student
Method    : GET
Endpoint  : /students
Status    : 401

Request:
""

Response:
"{\"message\":\"Invalid or expired token\",\"success\":false}"

**


**
Time      : 2026-07-27 11:16:25
Service   : General
Method    : GET
Endpoint  : /principals
Status    : 401

Request:
""

Response:
"{\"message\":\"Invalid or expired token\",\"success\":false}"

**


**
Time      : 2026-07-27 11:16:25
Service   : Fees
Method    : GET
Endpoint  : /fees
Status    : 401

Request:
""

Response:
"{\"message\":\"Invalid or expired token\",\"success\":false}"

**


**
Time      : 2026-07-27 11:16:25
Service   : Faculty
Method    : GET
Endpoint  : /faculties
Status    : 401

Request:
""

Response:
"{\"message\":\"Invalid or expired token\",\"success\":false}"

**


**
Time      : 2026-07-27 11:17:16
Service   : Student
Method    : GET
Endpoint  : /students
Status    : 401

Request:
""

Response:
"{\"message\":\"Invalid or expired token\",\"success\":false}"

**


**
Time      : 2026-07-27 11:17:16
Service   : Department
Method    : GET
Endpoint  : /departments
Status    : 401

Request:
""

Response:
"{\"message\":\"Invalid or expired token\",\"success\":false}"

**


**
Time      : 2026-07-27 11:17:16
Service   : Institution
Method    : GET
Endpoint  : /institutes/
Status    : 401

Request:
""

Response:
"{\"message\":\"Invalid or expired token\",\"success\":false}"

**


**
Time      : 2026-07-27 11:17:16
Service   : Faculty
Method    : GET
Endpoint  : /faculties
Status    : 401

Request:
""

Response:
"{\"message\":\"Invalid or expired token\",\"success\":false}"

**


**
Time      : 2026-07-27 11:17:16
Service   : General
Method    : GET
Endpoint  : /principals
Status    : 401

Request:
""

Response:
"{\"message\":\"Invalid or expired token\",\"success\":false}"

**


**
Time      : 2026-07-27 11:17:16
Service   : Fees
Method    : GET
Endpoint  : /fees
Status    : 401

Request:
""

Response:
"{\"message\":\"Invalid or expired token\",\"success\":false}"

**


**
Time      : 2026-07-27 11:17:55
Service   : Department
Method    : GET
Endpoint  : /departments
Status    : 401

Request:
""

Response:
"{\"message\":\"Invalid or expired token\",\"success\":false}"

**


**
Time      : 2026-07-27 11:17:55
Service   : Institution
Method    : GET
Endpoint  : /institutes/
Status    : 401

Request:
""

Response:
"{\"message\":\"Invalid or expired token\",\"success\":false}"

**


**
Time      : 2026-07-27 11:17:55
Service   : Student
Method    : GET
Endpoint  : /students
Status    : 401

Request:
""

Response:
"{\"message\":\"Invalid or expired token\",\"success\":false}"

**


**
Time      : 2026-07-27 11:17:55
Service   : Fees
Method    : GET
Endpoint  : /fees
Status    : 401

Request:
""

Response:
"{\"message\":\"Invalid or expired token\",\"success\":false}"

**


**
Time      : 2026-07-27 11:17:55
Service   : General
Method    : GET
Endpoint  : /principals
Status    : 401

Request:
""

Response:
"{\"message\":\"Invalid or expired token\",\"success\":false}"

**


**
Time      : 2026-07-27 11:17:55
Service   : Faculty
Method    : GET
Endpoint  : /faculties
Status    : 401

Request:
""

Response:
"{\"message\":\"Invalid or expired token\",\"success\":false}"

**


**
Time      : 2026-07-27 11:18:01
Service   : Auth
Method    : POST
Endpoint  : /signin
Status    : 200

Request:
"[REDACTED/SENSITIVE]"

Response:
"{\"data\":{\"access_token\":\"eyJhbGciOiJIUzI1NiIsInR5cCI6IkpXVCJ9.eyJleHAiOjE3ODUxMzIxODEsImlhdCI6MTc4NTEzMTI4MSwic2Vzc2lvbl9pZCI6ImZjYWU5YTlkLTQ5YTEtNDIzMi1hOWVlLWQzYTdlODI3NWI4YiIsInVzZXJfaWQiOjk0fQ.gwBdlkXVSbsmaBXCNrmmxSooQGlQAklD61C5zkBHSm0\",\"refresh_token\":\"eyJhbGciOiJIUzI1NiIsInR5cCI6IkpXVCJ9.eyJleHAiOjE3ODc3MjMyODEsImlhdCI6MTc4NTEzMTI4MSwic2Vzc2lvbl9pZCI6ImZjYWU5YTlkLTQ5YTEtNDIzMi1hOWVlLWQzYTdlODI3NWI4YiIsInVzZXJfaWQiOjk0fQ.RL5oMrXbDRcYarErO6V9VwSeISfADSUNs7CsqzP2faI\",\"user_id\":94,\"session_id\":\"fcae9a9d-49a1-4232-a9ee-d3a7e8275b8b\"},\"message\":\"Signed in successfully\",\"success\":true}"

**


**
Time      : 2026-07-27 11:18:01
Service   : Institution
Method    : GET
Endpoint  : /institutes/
Status    : 200

Request:
""

Response:
"{\"data\":{\"items\":[{\"id\":1,\"name\":\"Anna\",\"institution_code\":\"sw51001\",\"state\":\"Tamil Nadu\",\"isactive\":true,\"departments\":[]},{\"id\":3,\"name\":\"Anna\",\"institution_code\":\"sw51001\",\"state\":\"Tamil Nadu\",\"isactive\":true,\"departments\":[{\"id\":2,\"department_name\":\"Manu\",\"institution_id\":3,\"isactive\":true,\"faculties\":[]}]},{\"id\":4,\"name\":\"Anna University Main Campus\",\"institution_code\":\"AU1001-M\",\"state\":\"Tamil Nadu\",\"isactive\":true,\"departments\":[{\"id\":3,\"department_name\":\"Manu\",\"institution_id\":4,\"isactive\":true,\"faculties\":[{\"id\":2,\"name\":\"Dr. Amit Anand\",\"gender\":\"Male\",\"joining_date\":\"2026-06-24T00:00:00+05:30\",\"department_id\":3,\"isactive\":true,\"students\":[{\"id\":2,\"name\":\"Rahul Kumar Sharma\",\"email\":\"rahul.sharma@example.com\",\"gender\":\"male\",\"faculty_id\":2,\"isactive\":true,\"fees\":[{\"id\":2,\"payment_mode\":\"Online\",\"amount\":50000,\"student_id\":2,\"isactive\":true}]},{\"id\":4,\"name\":\"Rahul Kumar\",\"email\":\"raha@example.com\",\"gender\":\"Male\",\"faculty_id\":2,\"isactive\":true,\"fees\":[]},{\"id\":5,\"name\":\"Rahula Kumar\",\"email\":\"rahaaa@example.com\",\"gender\":\"Male\",\"faculty_id\":2,\"isactive\":true,\"fees\":[]}]}]}]},{\"id\":5,\"name\":\"Annas\",\"institution_code\":\"SW01001\",\"state\":\"Tamil Nadu\",\"isactive\":true,\"departments\":[{\"id\":5,\"department_name\":\"Manu\",\"institution_id\":5,\"isactive\":true,\"faculties\":[{\"id\":3,\"name\":\"Dr. Amit Anand\",\"gender\":\"Male\",\"joining_date\":\"2026-06-24T00:00:00+05:30\",\"department_id\":5,\"isactive\":true,\"students\":[{\"id\":6,\"name\":\"Rahula Kumar\",\"email\":\"raa@example.com\",\"gender\":\"Male\",\"faculty_id\":3,\"isactive\":true,\"fees\":[]},{\"id\":7,\"name\":\"Rahusla Kumar\",\"email\":\"radbshdsdiha@example.com\",\"gender\":\"Male\",\"faculty_id\":3,\"isactive\":true,\"fees\":[]},{\"id\":8,\"name\":\"Rarrhusla Kumar\",\"email\":\"rarrdbshdsdiha@example.com\",\"gender\":\"Male\",\"faculty_id\":3,\"isactive\":true,\"fees\":[]},{\"id\":9,\"name\":\"Rarrhuslddda Kumar\",\"email\":\"rarrdbshddsdiha@example.com\",\"gender\":\"Male\",\"faculty_id\":3,\"isactive\":true,\"fees\":[]}]}]}]},{\"id\":6,\"name\":\"Annasw\",\"institution_code\":\"SW018001\",\"state\":\"Tamil Nadu\",\"isactive\":true,\"departments\":[]}],\"limit\":5,\"page\":1,\"total_count\":15,\"total_pages\":3},\"message\":\"Institutes fetched successfully\",\"success\":true}"

**


**
Time      : 2026-07-27 11:18:01
Service   : Department
Method    : GET
Endpoint  : /departments
Status    : 200

Request:
""

Response:
"{\"data\":{\"items\":[{\"id\":1,\"department_name\":\"Manu\",\"institution_id\":2,\"isactive\":true,\"faculties\":[{\"id\":1,\"name\":\"Dr. Amit Anand\",\"gender\":\"Male\",\"joining_date\":\"2026-06-24T00:00:00+05:30\",\"department_id\":1,\"isactive\":true,\"students\":[{\"id\":1,\"name\":\"Rahul Kumar\",\"email\":\"rahul@example.com\",\"gender\":\"Male\",\"faculty_id\":1,\"isactive\":true,\"fees\":[{\"id\":1,\"payment_mode\":\"Online\",\"amount\":50000,\"student_id\":1,\"isactive\":true}]},{\"id\":3,\"name\":\"Rahul Kumar\",\"email\":\"rahula@example.com\",\"gender\":\"Male\",\"faculty_id\":1,\"isactive\":true,\"fees\":[]}]}]},{\"id\":2,\"department_name\":\"Manu\",\"institution_id\":3,\"isactive\":true,\"faculties\":[]},{\"id\":3,\"department_name\":\"Manu\",\"institution_id\":4,\"isactive\":true,\"faculties\":[{\"id\":2,\"name\":\"Dr. Amit Anand\",\"gender\":\"Male\",\"joining_date\":\"2026-06-24T00:00:00+05:30\",\"department_id\":3,\"isactive\":true,\"students\":[{\"id\":2,\"name\":\"Rahul Kumar Sharma\",\"email\":\"rahul.sharma@example.com\",\"gender\":\"male\",\"faculty_id\":2,\"isactive\":true,\"fees\":[{\"id\":2,\"payment_mode\":\"Online\",\"amount\":50000,\"student_id\":2,\"isactive\":true}]},{\"id\":4,\"name\":\"Rahul Kumar\",\"email\":\"raha@example.com\",\"gender\":\"Male\",\"faculty_id\":2,\"isactive\":true,\"fees\":[]},{\"id\":5,\"name\":\"Rahula Kumar\",\"email\":\"rahaaa@example.com\",\"gender\":\"Male\",\"faculty_id\":2,\"isactive\":true,\"fees\":[]}]}]},{\"id\":4,\"department_name\":\"Manu\",\"institution_id\":16,\"isactive\":true,\"faculties\":[]},{\"id\":5,\"department_name\":\"Manu\",\"institution_id\":5,\"isactive\":true,\"faculties\":[{\"id\":3,\"name\":\"Dr. Amit Anand\",\"gender\":\"Male\",\"joining_date\":\"2026-06-24T00:00:00+05:30\",\"department_id\":5,\"isactive\":true,\"students\":[{\"id\":6,\"name\":\"Rahula Kumar\",\"email\":\"raa@example.com\",\"gender\":\"Male\",\"faculty_id\":3,\"isactive\":true,\"fees\":[]},{\"id\":7,\"name\":\"Rahusla Kumar\",\"email\":\"radbshdsdiha@example.com\",\"gender\":\"Male\",\"faculty_id\":3,\"isactive\":true,\"fees\":[]},{\"id\":8,\"name\":\"Rarrhusla Kumar\",\"email\":\"rarrdbshdsdiha@example.com\",\"gender\":\"Male\",\"faculty_id\":3,\"isactive\":true,\"fees\":[]},{\"id\":9,\"name\":\"Rarrhuslddda Kumar\",\"email\":\"rarrdbshddsdiha@example.com\",\"gender\":\"Male\",\"faculty_id\":3,\"isactive\":true,\"fees\":[]}]}]}],\"limit\":5,\"page\":1,\"total_count\":5,\"total_pages\":1},\"message\":\"Departments fetched successfully\",\"success\":true}"

**


**
Time      : 2026-07-27 11:18:01
Service   : Student
Method    : GET
Endpoint  : /students
Status    : 200

Request:
""

Response:
""

**


**
Time      : 2026-07-27 11:18:01
Service   : Fees
Method    : GET
Endpoint  : /fees
Status    : 200

Request:
""

Response:
"{\"data\":{\"items\":[{\"id\":1,\"payment_mode\":\"Online\",\"amount\":50000,\"student_id\":1,\"isactive\":true},{\"id\":2,\"payment_mode\":\"Online\",\"amount\":50000,\"student_id\":2,\"isactive\":true}],\"limit\":5,\"page\":1,\"total_count\":2,\"total_pages\":1},\"message\":\"Fees fetched successfully\",\"success\":true}"

**


**
Time      : 2026-07-27 11:18:01
Service   : Faculty
Method    : GET
Endpoint  : /faculties
Status    : 200

Request:
""

Response:
"{\"data\":{\"items\":[{\"id\":1,\"name\":\"Dr. Amit Anand\",\"gender\":\"Male\",\"joining_date\":\"2026-06-24T00:00:00+05:30\",\"department_id\":1,\"isactive\":true,\"students\":[{\"id\":1,\"name\":\"Rahul Kumar\",\"email\":\"rahul@example.com\",\"gender\":\"Male\",\"faculty_id\":1,\"isactive\":true,\"fees\":[{\"id\":1,\"payment_mode\":\"Online\",\"amount\":0,\"student_id\":1,\"isactive\":true}]},{\"id\":3,\"name\":\"Rahul Kumar\",\"email\":\"rahula@example.com\",\"gender\":\"Male\",\"faculty_id\":1,\"isactive\":true,\"fees\":[]}]},{\"id\":2,\"name\":\"Dr. Amit Anand\",\"gender\":\"Male\",\"joining_date\":\"2026-06-24T00:00:00+05:30\",\"department_id\":3,\"isactive\":true,\"students\":[{\"id\":2,\"name\":\"Rahul Kumar Sharma\",\"email\":\"rahul.sharma@example.com\",\"gender\":\"male\",\"faculty_id\":2,\"isactive\":true,\"fees\":[{\"id\":2,\"payment_mode\":\"Online\",\"amount\":0,\"student_id\":2,\"isactive\":true}]},{\"id\":4,\"name\":\"Rahul Kumar\",\"email\":\"raha@example.com\",\"gender\":\"Male\",\"faculty_id\":2,\"isactive\":true,\"fees\":[]},{\"id\":5,\"name\":\"Rahula Kumar\",\"email\":\"rahaaa@example.com\",\"gender\":\"Male\",\"faculty_id\":2,\"isactive\":true,\"fees\":[]}]},{\"id\":3,\"name\":\"Dr. Amit Anand\",\"gender\":\"Male\",\"joining_date\":\"2026-06-24T00:00:00+05:30\",\"department_id\":5,\"isactive\":true,\"students\":[{\"id\":6,\"name\":\"Rahula Kumar\",\"email\":\"raa@example.com\",\"gender\":\"Male\",\"faculty_id\":3,\"isactive\":true,\"fees\":[]},{\"id\":7,\"name\":\"Rahusla Kumar\",\"email\":\"radbshdsdiha@example.com\",\"gender\":\"Male\",\"faculty_id\":3,\"isactive\":true,\"fees\":[]},{\"id\":8,\"name\":\"Rarrhusla Kumar\",\"email\":\"rarrdbshdsdiha@example.com\",\"gender\":\"Male\",\"faculty_id\":3,\"isactive\":true,\"fees\":[]},{\"id\":9,\"name\":\"Rarrhuslddda Kumar\",\"email\":\"rarrdbshddsdiha@example.com\",\"gender\":\"Male\",\"faculty_id\":3,\"isactive\":true,\"fees\":[]}]}],\"limit\":5,\"page\":1,\"total_count\":3,\"total_pages\":1},\"message\":\"Faculties fetched successfully\",\"success\":true}"

**


**
Time      : 2026-07-27 11:18:01
Service   : General
Method    : GET
Endpoint  : /principals
Status    : 200

Request:
""

Response:
""

**


**
Time      : 2026-07-27 11:18:55
Service   : Department
Method    : GET
Endpoint  : /departments
Status    : 200

Request:
""

Response:
"{\"data\":{\"items\":[{\"id\":1,\"department_name\":\"Manu\",\"institution_id\":2,\"isactive\":true,\"faculties\":[{\"id\":1,\"name\":\"Dr. Amit Anand\",\"gender\":\"Male\",\"joining_date\":\"2026-06-24T00:00:00+05:30\",\"department_id\":1,\"isactive\":true,\"students\":[{\"id\":1,\"name\":\"Rahul Kumar\",\"email\":\"rahul@example.com\",\"gender\":\"Male\",\"faculty_id\":1,\"isactive\":true,\"fees\":[{\"id\":1,\"payment_mode\":\"Online\",\"amount\":50000,\"student_id\":1,\"isactive\":true}]},{\"id\":3,\"name\":\"Rahul Kumar\",\"email\":\"rahula@example.com\",\"gender\":\"Male\",\"faculty_id\":1,\"isactive\":true,\"fees\":[]}]}]},{\"id\":2,\"department_name\":\"Manu\",\"institution_id\":3,\"isactive\":true,\"faculties\":[]},{\"id\":3,\"department_name\":\"Manu\",\"institution_id\":4,\"isactive\":true,\"faculties\":[{\"id\":2,\"name\":\"Dr. Amit Anand\",\"gender\":\"Male\",\"joining_date\":\"2026-06-24T00:00:00+05:30\",\"department_id\":3,\"isactive\":true,\"students\":[{\"id\":2,\"name\":\"Rahul Kumar Sharma\",\"email\":\"rahul.sharma@example.com\",\"gender\":\"male\",\"faculty_id\":2,\"isactive\":true,\"fees\":[{\"id\":2,\"payment_mode\":\"Online\",\"amount\":50000,\"student_id\":2,\"isactive\":true}]},{\"id\":4,\"name\":\"Rahul Kumar\",\"email\":\"raha@example.com\",\"gender\":\"Male\",\"faculty_id\":2,\"isactive\":true,\"fees\":[]},{\"id\":5,\"name\":\"Rahula Kumar\",\"email\":\"rahaaa@example.com\",\"gender\":\"Male\",\"faculty_id\":2,\"isactive\":true,\"fees\":[]}]}]},{\"id\":4,\"department_name\":\"Manu\",\"institution_id\":16,\"isactive\":true,\"faculties\":[]},{\"id\":5,\"department_name\":\"Manu\",\"institution_id\":5,\"isactive\":true,\"faculties\":[{\"id\":3,\"name\":\"Dr. Amit Anand\",\"gender\":\"Male\",\"joining_date\":\"2026-06-24T00:00:00+05:30\",\"department_id\":5,\"isactive\":true,\"students\":[{\"id\":6,\"name\":\"Rahula Kumar\",\"email\":\"raa@example.com\",\"gender\":\"Male\",\"faculty_id\":3,\"isactive\":true,\"fees\":[]},{\"id\":7,\"name\":\"Rahusla Kumar\",\"email\":\"radbshdsdiha@example.com\",\"gender\":\"Male\",\"faculty_id\":3,\"isactive\":true,\"fees\":[]},{\"id\":8,\"name\":\"Rarrhusla Kumar\",\"email\":\"rarrdbshdsdiha@example.com\",\"gender\":\"Male\",\"faculty_id\":3,\"isactive\":true,\"fees\":[]},{\"id\":9,\"name\":\"Rarrhuslddda Kumar\",\"email\":\"rarrdbshddsdiha@example.com\",\"gender\":\"Male\",\"faculty_id\":3,\"isactive\":true,\"fees\":[]}]}]}],\"limit\":5,\"page\":1,\"total_count\":5,\"total_pages\":1},\"message\":\"Departments fetched successfully\",\"success\":true}"

**


**
Time      : 2026-07-27 11:18:55
Service   : Student
Method    : GET
Endpoint  : /students
Status    : 200

Request:
""

Response:
""

**


**
Time      : 2026-07-27 11:18:55
Service   : Institution
Method    : GET
Endpoint  : /institutes/
Status    : 200

Request:
""

Response:
"{\"data\":{\"items\":[{\"id\":1,\"name\":\"Anna\",\"institution_code\":\"sw51001\",\"state\":\"Tamil Nadu\",\"isactive\":true,\"departments\":[]},{\"id\":3,\"name\":\"Anna\",\"institution_code\":\"sw51001\",\"state\":\"Tamil Nadu\",\"isactive\":true,\"departments\":[{\"id\":2,\"department_name\":\"Manu\",\"institution_id\":3,\"isactive\":true,\"faculties\":[]}]},{\"id\":4,\"name\":\"Anna University Main Campus\",\"institution_code\":\"AU1001-M\",\"state\":\"Tamil Nadu\",\"isactive\":true,\"departments\":[{\"id\":3,\"department_name\":\"Manu\",\"institution_id\":4,\"isactive\":true,\"faculties\":[{\"id\":2,\"name\":\"Dr. Amit Anand\",\"gender\":\"Male\",\"joining_date\":\"2026-06-24T00:00:00+05:30\",\"department_id\":3,\"isactive\":true,\"students\":[{\"id\":2,\"name\":\"Rahul Kumar Sharma\",\"email\":\"rahul.sharma@example.com\",\"gender\":\"male\",\"faculty_id\":2,\"isactive\":true,\"fees\":[{\"id\":2,\"payment_mode\":\"Online\",\"amount\":50000,\"student_id\":2,\"isactive\":true}]},{\"id\":4,\"name\":\"Rahul Kumar\",\"email\":\"raha@example.com\",\"gender\":\"Male\",\"faculty_id\":2,\"isactive\":true,\"fees\":[]},{\"id\":5,\"name\":\"Rahula Kumar\",\"email\":\"rahaaa@example.com\",\"gender\":\"Male\",\"faculty_id\":2,\"isactive\":true,\"fees\":[]}]}]}]},{\"id\":5,\"name\":\"Annas\",\"institution_code\":\"SW01001\",\"state\":\"Tamil Nadu\",\"isactive\":true,\"departments\":[{\"id\":5,\"department_name\":\"Manu\",\"institution_id\":5,\"isactive\":true,\"faculties\":[{\"id\":3,\"name\":\"Dr. Amit Anand\",\"gender\":\"Male\",\"joining_date\":\"2026-06-24T00:00:00+05:30\",\"department_id\":5,\"isactive\":true,\"students\":[{\"id\":6,\"name\":\"Rahula Kumar\",\"email\":\"raa@example.com\",\"gender\":\"Male\",\"faculty_id\":3,\"isactive\":true,\"fees\":[]},{\"id\":7,\"name\":\"Rahusla Kumar\",\"email\":\"radbshdsdiha@example.com\",\"gender\":\"Male\",\"faculty_id\":3,\"isactive\":true,\"fees\":[]},{\"id\":8,\"name\":\"Rarrhusla Kumar\",\"email\":\"rarrdbshdsdiha@example.com\",\"gender\":\"Male\",\"faculty_id\":3,\"isactive\":true,\"fees\":[]},{\"id\":9,\"name\":\"Rarrhuslddda Kumar\",\"email\":\"rarrdbshddsdiha@example.com\",\"gender\":\"Male\",\"faculty_id\":3,\"isactive\":true,\"fees\":[]}]}]}]},{\"id\":6,\"name\":\"Annasw\",\"institution_code\":\"SW018001\",\"state\":\"Tamil Nadu\",\"isactive\":true,\"departments\":[]}],\"limit\":5,\"page\":1,\"total_count\":15,\"total_pages\":3},\"message\":\"Institutes fetched successfully\",\"success\":true}"

**


**
Time      : 2026-07-27 11:18:55
Service   : General
Method    : GET
Endpoint  : /principals
Status    : 200

Request:
""

Response:
""

**


**
Time      : 2026-07-27 11:18:55
Service   : Fees
Method    : GET
Endpoint  : /fees
Status    : 200

Request:
""

Response:
"{\"data\":{\"items\":[{\"id\":1,\"payment_mode\":\"Online\",\"amount\":50000,\"student_id\":1,\"isactive\":true},{\"id\":2,\"payment_mode\":\"Online\",\"amount\":50000,\"student_id\":2,\"isactive\":true}],\"limit\":5,\"page\":1,\"total_count\":2,\"total_pages\":1},\"message\":\"Fees fetched successfully\",\"success\":true}"

**


**
Time      : 2026-07-27 11:18:55
Service   : Faculty
Method    : GET
Endpoint  : /faculties
Status    : 200

Request:
""

Response:
"{\"data\":{\"items\":[{\"id\":1,\"name\":\"Dr. Amit Anand\",\"gender\":\"Male\",\"joining_date\":\"2026-06-24T00:00:00+05:30\",\"department_id\":1,\"isactive\":true,\"students\":[{\"id\":1,\"name\":\"Rahul Kumar\",\"email\":\"rahul@example.com\",\"gender\":\"Male\",\"faculty_id\":1,\"isactive\":true,\"fees\":[{\"id\":1,\"payment_mode\":\"Online\",\"amount\":0,\"student_id\":1,\"isactive\":true}]},{\"id\":3,\"name\":\"Rahul Kumar\",\"email\":\"rahula@example.com\",\"gender\":\"Male\",\"faculty_id\":1,\"isactive\":true,\"fees\":[]}]},{\"id\":2,\"name\":\"Dr. Amit Anand\",\"gender\":\"Male\",\"joining_date\":\"2026-06-24T00:00:00+05:30\",\"department_id\":3,\"isactive\":true,\"students\":[{\"id\":2,\"name\":\"Rahul Kumar Sharma\",\"email\":\"rahul.sharma@example.com\",\"gender\":\"male\",\"faculty_id\":2,\"isactive\":true,\"fees\":[{\"id\":2,\"payment_mode\":\"Online\",\"amount\":0,\"student_id\":2,\"isactive\":true}]},{\"id\":4,\"name\":\"Rahul Kumar\",\"email\":\"raha@example.com\",\"gender\":\"Male\",\"faculty_id\":2,\"isactive\":true,\"fees\":[]},{\"id\":5,\"name\":\"Rahula Kumar\",\"email\":\"rahaaa@example.com\",\"gender\":\"Male\",\"faculty_id\":2,\"isactive\":true,\"fees\":[]}]},{\"id\":3,\"name\":\"Dr. Amit Anand\",\"gender\":\"Male\",\"joining_date\":\"2026-06-24T00:00:00+05:30\",\"department_id\":5,\"isactive\":true,\"students\":[{\"id\":6,\"name\":\"Rahula Kumar\",\"email\":\"raa@example.com\",\"gender\":\"Male\",\"faculty_id\":3,\"isactive\":true,\"fees\":[]},{\"id\":7,\"name\":\"Rahusla Kumar\",\"email\":\"radbshdsdiha@example.com\",\"gender\":\"Male\",\"faculty_id\":3,\"isactive\":true,\"fees\":[]},{\"id\":8,\"name\":\"Rarrhusla Kumar\",\"email\":\"rarrdbshdsdiha@example.com\",\"gender\":\"Male\",\"faculty_id\":3,\"isactive\":true,\"fees\":[]},{\"id\":9,\"name\":\"Rarrhuslddda Kumar\",\"email\":\"rarrdbshddsdiha@example.com\",\"gender\":\"Male\",\"faculty_id\":3,\"isactive\":true,\"fees\":[]}]}],\"limit\":5,\"page\":1,\"total_count\":3,\"total_pages\":1},\"message\":\"Faculties fetched successfully\",\"success\":true}"

**


**
Time      : 2026-07-27 11:19:51
Service   : Institution
Method    : GET
Endpoint  : /institutes/
Status    : 200

Request:
""

Response:
"{\"data\":{\"items\":[{\"id\":1,\"name\":\"Anna\",\"institution_code\":\"sw51001\",\"state\":\"Tamil Nadu\",\"isactive\":true,\"departments\":[]},{\"id\":3,\"name\":\"Anna\",\"institution_code\":\"sw51001\",\"state\":\"Tamil Nadu\",\"isactive\":true,\"departments\":[{\"id\":2,\"department_name\":\"Manu\",\"institution_id\":3,\"isactive\":true,\"faculties\":[]}]},{\"id\":4,\"name\":\"Anna University Main Campus\",\"institution_code\":\"AU1001-M\",\"state\":\"Tamil Nadu\",\"isactive\":true,\"departments\":[{\"id\":3,\"department_name\":\"Manu\",\"institution_id\":4,\"isactive\":true,\"faculties\":[{\"id\":2,\"name\":\"Dr. Amit Anand\",\"gender\":\"Male\",\"joining_date\":\"2026-06-24T00:00:00+05:30\",\"department_id\":3,\"isactive\":true,\"students\":[{\"id\":2,\"name\":\"Rahul Kumar Sharma\",\"email\":\"rahul.sharma@example.com\",\"gender\":\"male\",\"faculty_id\":2,\"isactive\":true,\"fees\":[{\"id\":2,\"payment_mode\":\"Online\",\"amount\":50000,\"student_id\":2,\"isactive\":true}]},{\"id\":4,\"name\":\"Rahul Kumar\",\"email\":\"raha@example.com\",\"gender\":\"Male\",\"faculty_id\":2,\"isactive\":true,\"fees\":[]},{\"id\":5,\"name\":\"Rahula Kumar\",\"email\":\"rahaaa@example.com\",\"gender\":\"Male\",\"faculty_id\":2,\"isactive\":true,\"fees\":[]}]}]}]},{\"id\":5,\"name\":\"Annas\",\"institution_code\":\"SW01001\",\"state\":\"Tamil Nadu\",\"isactive\":true,\"departments\":[{\"id\":5,\"department_name\":\"Manu\",\"institution_id\":5,\"isactive\":true,\"faculties\":[{\"id\":3,\"name\":\"Dr. Amit Anand\",\"gender\":\"Male\",\"joining_date\":\"2026-06-24T00:00:00+05:30\",\"department_id\":5,\"isactive\":true,\"students\":[{\"id\":6,\"name\":\"Rahula Kumar\",\"email\":\"raa@example.com\",\"gender\":\"Male\",\"faculty_id\":3,\"isactive\":true,\"fees\":[]},{\"id\":7,\"name\":\"Rahusla Kumar\",\"email\":\"radbshdsdiha@example.com\",\"gender\":\"Male\",\"faculty_id\":3,\"isactive\":true,\"fees\":[]},{\"id\":8,\"name\":\"Rarrhusla Kumar\",\"email\":\"rarrdbshdsdiha@example.com\",\"gender\":\"Male\",\"faculty_id\":3,\"isactive\":true,\"fees\":[]},{\"id\":9,\"name\":\"Rarrhuslddda Kumar\",\"email\":\"rarrdbshddsdiha@example.com\",\"gender\":\"Male\",\"faculty_id\":3,\"isactive\":true,\"fees\":[]}]}]}]},{\"id\":6,\"name\":\"Annasw\",\"institution_code\":\"SW018001\",\"state\":\"Tamil Nadu\",\"isactive\":true,\"departments\":[]}],\"limit\":5,\"page\":1,\"total_count\":15,\"total_pages\":3},\"message\":\"Institutes fetched successfully\",\"success\":true}"

**


**
Time      : 2026-07-27 11:19:51
Service   : Student
Method    : GET
Endpoint  : /students
Status    : 200

Request:
""

Response:
""

**


**
Time      : 2026-07-27 11:19:51
Service   : Department
Method    : GET
Endpoint  : /departments
Status    : 200

Request:
""

Response:
"{\"data\":{\"items\":[{\"id\":1,\"department_name\":\"Manu\",\"institution_id\":2,\"isactive\":true,\"faculties\":[{\"id\":1,\"name\":\"Dr. Amit Anand\",\"gender\":\"Male\",\"joining_date\":\"2026-06-24T00:00:00+05:30\",\"department_id\":1,\"isactive\":true,\"students\":[{\"id\":1,\"name\":\"Rahul Kumar\",\"email\":\"rahul@example.com\",\"gender\":\"Male\",\"faculty_id\":1,\"isactive\":true,\"fees\":[{\"id\":1,\"payment_mode\":\"Online\",\"amount\":50000,\"student_id\":1,\"isactive\":true}]},{\"id\":3,\"name\":\"Rahul Kumar\",\"email\":\"rahula@example.com\",\"gender\":\"Male\",\"faculty_id\":1,\"isactive\":true,\"fees\":[]}]}]},{\"id\":2,\"department_name\":\"Manu\",\"institution_id\":3,\"isactive\":true,\"faculties\":[]},{\"id\":3,\"department_name\":\"Manu\",\"institution_id\":4,\"isactive\":true,\"faculties\":[{\"id\":2,\"name\":\"Dr. Amit Anand\",\"gender\":\"Male\",\"joining_date\":\"2026-06-24T00:00:00+05:30\",\"department_id\":3,\"isactive\":true,\"students\":[{\"id\":2,\"name\":\"Rahul Kumar Sharma\",\"email\":\"rahul.sharma@example.com\",\"gender\":\"male\",\"faculty_id\":2,\"isactive\":true,\"fees\":[{\"id\":2,\"payment_mode\":\"Online\",\"amount\":50000,\"student_id\":2,\"isactive\":true}]},{\"id\":4,\"name\":\"Rahul Kumar\",\"email\":\"raha@example.com\",\"gender\":\"Male\",\"faculty_id\":2,\"isactive\":true,\"fees\":[]},{\"id\":5,\"name\":\"Rahula Kumar\",\"email\":\"rahaaa@example.com\",\"gender\":\"Male\",\"faculty_id\":2,\"isactive\":true,\"fees\":[]}]}]},{\"id\":4,\"department_name\":\"Manu\",\"institution_id\":16,\"isactive\":true,\"faculties\":[]},{\"id\":5,\"department_name\":\"Manu\",\"institution_id\":5,\"isactive\":true,\"faculties\":[{\"id\":3,\"name\":\"Dr. Amit Anand\",\"gender\":\"Male\",\"joining_date\":\"2026-06-24T00:00:00+05:30\",\"department_id\":5,\"isactive\":true,\"students\":[{\"id\":6,\"name\":\"Rahula Kumar\",\"email\":\"raa@example.com\",\"gender\":\"Male\",\"faculty_id\":3,\"isactive\":true,\"fees\":[]},{\"id\":7,\"name\":\"Rahusla Kumar\",\"email\":\"radbshdsdiha@example.com\",\"gender\":\"Male\",\"faculty_id\":3,\"isactive\":true,\"fees\":[]},{\"id\":8,\"name\":\"Rarrhusla Kumar\",\"email\":\"rarrdbshdsdiha@example.com\",\"gender\":\"Male\",\"faculty_id\":3,\"isactive\":true,\"fees\":[]},{\"id\":9,\"name\":\"Rarrhuslddda Kumar\",\"email\":\"rarrdbshddsdiha@example.com\",\"gender\":\"Male\",\"faculty_id\":3,\"isactive\":true,\"fees\":[]}]}]}],\"limit\":5,\"page\":1,\"total_count\":5,\"total_pages\":1},\"message\":\"Departments fetched successfully\",\"success\":true}"

**


**
Time      : 2026-07-27 11:19:51
Service   : General
Method    : GET
Endpoint  : /principals
Status    : 200

Request:
""

Response:
""

**


**
Time      : 2026-07-27 11:19:51
Service   : Faculty
Method    : GET
Endpoint  : /faculties
Status    : 200

Request:
""

Response:
"{\"data\":{\"items\":[{\"id\":1,\"name\":\"Dr. Amit Anand\",\"gender\":\"Male\",\"joining_date\":\"2026-06-24T00:00:00+05:30\",\"department_id\":1,\"isactive\":true,\"students\":[{\"id\":1,\"name\":\"Rahul Kumar\",\"email\":\"rahul@example.com\",\"gender\":\"Male\",\"faculty_id\":1,\"isactive\":true,\"fees\":[{\"id\":1,\"payment_mode\":\"Online\",\"amount\":0,\"student_id\":1,\"isactive\":true}]},{\"id\":3,\"name\":\"Rahul Kumar\",\"email\":\"rahula@example.com\",\"gender\":\"Male\",\"faculty_id\":1,\"isactive\":true,\"fees\":[]}]},{\"id\":2,\"name\":\"Dr. Amit Anand\",\"gender\":\"Male\",\"joining_date\":\"2026-06-24T00:00:00+05:30\",\"department_id\":3,\"isactive\":true,\"students\":[{\"id\":2,\"name\":\"Rahul Kumar Sharma\",\"email\":\"rahul.sharma@example.com\",\"gender\":\"male\",\"faculty_id\":2,\"isactive\":true,\"fees\":[{\"id\":2,\"payment_mode\":\"Online\",\"amount\":0,\"student_id\":2,\"isactive\":true}]},{\"id\":4,\"name\":\"Rahul Kumar\",\"email\":\"raha@example.com\",\"gender\":\"Male\",\"faculty_id\":2,\"isactive\":true,\"fees\":[]},{\"id\":5,\"name\":\"Rahula Kumar\",\"email\":\"rahaaa@example.com\",\"gender\":\"Male\",\"faculty_id\":2,\"isactive\":true,\"fees\":[]}]},{\"id\":3,\"name\":\"Dr. Amit Anand\",\"gender\":\"Male\",\"joining_date\":\"2026-06-24T00:00:00+05:30\",\"department_id\":5,\"isactive\":true,\"students\":[{\"id\":6,\"name\":\"Rahula Kumar\",\"email\":\"raa@example.com\",\"gender\":\"Male\",\"faculty_id\":3,\"isactive\":true,\"fees\":[]},{\"id\":7,\"name\":\"Rahusla Kumar\",\"email\":\"radbshdsdiha@example.com\",\"gender\":\"Male\",\"faculty_id\":3,\"isactive\":true,\"fees\":[]},{\"id\":8,\"name\":\"Rarrhusla Kumar\",\"email\":\"rarrdbshdsdiha@example.com\",\"gender\":\"Male\",\"faculty_id\":3,\"isactive\":true,\"fees\":[]},{\"id\":9,\"name\":\"Rarrhuslddda Kumar\",\"email\":\"rarrdbshddsdiha@example.com\",\"gender\":\"Male\",\"faculty_id\":3,\"isactive\":true,\"fees\":[]}]}],\"limit\":5,\"page\":1,\"total_count\":3,\"total_pages\":1},\"message\":\"Faculties fetched successfully\",\"success\":true}"

**


**
Time      : 2026-07-27 11:19:51
Service   : Fees
Method    : GET
Endpoint  : /fees
Status    : 200

Request:
""

Response:
"{\"data\":{\"items\":[{\"id\":1,\"payment_mode\":\"Online\",\"amount\":50000,\"student_id\":1,\"isactive\":true},{\"id\":2,\"payment_mode\":\"Online\",\"amount\":50000,\"student_id\":2,\"isactive\":true}],\"limit\":5,\"page\":1,\"total_count\":2,\"total_pages\":1},\"message\":\"Fees fetched successfully\",\"success\":true}"

**


**
Time      : 2026-07-27 11:20:49
Service   : Student
Method    : GET
Endpoint  : /students
Status    : 401

Request:
""

Response:
"{\"message\":\"Invalid or expired token\",\"success\":false}"

**


**
Time      : 2026-07-27 11:20:56
Service   : Auth
Method    : POST
Endpoint  : /signin
Status    : 200

Request:
"[REDACTED/SENSITIVE]"

Response:
"{\"data\":{\"access_token\":\"eyJhbGciOiJIUzI1NiIsInR5cCI6IkpXVCJ9.eyJleHAiOjE3ODUxMzIzNTYsImlhdCI6MTc4NTEzMTQ1Niwic2Vzc2lvbl9pZCI6ImQ3OGU5NTI5LTJkNTItNGJjNi1iYzA5LWE1ZWY2YmM2NDVhOCIsInVzZXJfaWQiOjk0fQ.BtPJFgoJK4TGFzrUSjIgUXGXj9mF0d4LOqTQe-5XwGo\",\"refresh_token\":\"eyJhbGciOiJIUzI1NiIsInR5cCI6IkpXVCJ9.eyJleHAiOjE3ODc3MjM0NTYsImlhdCI6MTc4NTEzMTQ1Niwic2Vzc2lvbl9pZCI6ImQ3OGU5NTI5LTJkNTItNGJjNi1iYzA5LWE1ZWY2YmM2NDVhOCIsInVzZXJfaWQiOjk0fQ.8tBrtB4cZ0obrksdtnkfoqwRbBA29WjKBKHVcP9jY8o\",\"user_id\":94,\"session_id\":\"d78e9529-2d52-4bc6-bc09-a5ef6bc645a8\"},\"message\":\"Signed in successfully\",\"success\":true}"

**


**
Time      : 2026-07-27 11:21:02
Service   : Student
Method    : GET
Endpoint  : /students
Status    : 200

Request:
""

Response:
""

**


**
Time      : 2026-07-27 11:21:03
Service   : Student
Method    : GET
Endpoint  : /students
Status    : 200

Request:
""

Response:
""

**


**
Time      : 2026-07-27 11:21:11
Service   : Student
Method    : GET
Endpoint  : /students/all
Status    : 200

Request:
""

Response:
"{\"data\":[{\"id\":1,\"name\":\"Rahul Kumar\",\"email\":\"rahul@example.com\",\"gender\":\"Male\",\"faculty_id\":1,\"isactive\":true,\"fees\":[{\"id\":1,\"payment_mode\":\"Online\",\"amount\":50000,\"student_id\":1,\"isactive\":true}]},{\"id\":2,\"name\":\"Rahul Kumar Sharma\",\"email\":\"rahul.sharma@example.com\",\"gender\":\"male\",\"faculty_id\":2,\"isactive\":true,\"fees\":[{\"id\":2,\"payment_mode\":\"Online\",\"amount\":50000,\"student_id\":2,\"isactive\":true}]},{\"id\":3,\"name\":\"Rahul Kumar\",\"email\":\"rahula@example.com\",\"gender\":\"Male\",\"faculty_id\":1,\"isactive\":true,\"fees\":[]},{\"id\":4,\"name\":\"Rahul Kumar\",\"email\":\"raha@example.com\",\"gender\":\"Male\",\"faculty_id\":2,\"isactive\":true,\"fees\":[]},{\"id\":5,\"name\":\"Rahula Kumar\",\"email\":\"rahaaa@example.com\",\"gender\":\"Male\",\"faculty_id\":2,\"isactive\":true,\"fees\":[]},{\"id\":6,\"name\":\"Rahula Kumar\",\"email\":\"raa@example.com\",\"gender\":\"Male\",\"faculty_id\":3,\"isactive\":true,\"fees\":[]},{\"id\":7,\"name\":\"Rahusla Kumar\",\"email\":\"radbshdsdiha@example.com\",\"gender\":\"Male\",\"faculty_id\":3,\"isactive\":true,\"fees\":[]},{\"id\":8,\"name\":\"Rarrhusla Kumar\",\"email\":\"rarrdbshdsdiha@example.com\",\"gender\":\"Male\",\"faculty_id\":3,\"isactive\":true,\"fees\":[]},{\"id\":9,\"name\":\"Rarrhuslddda Kumar\",\"email\":\"rarrdbshddsdiha@example.com\",\"gender\":\"Male\",\"faculty_id\":3,\"isactive\":true,\"fees\":[]}],\"message\":\"All students fetched successfully\",\"success\":true}"

**


**
Time      : 2026-07-27 11:21:16
Service   : Student
Method    : GET
Endpoint  : /students
Status    : 200

Request:
""

Response:
""

**


**
Time      : 2026-07-27 11:26:22
Service   : General
Method    : GET
Endpoint  : /principals
Status    : 200

Request:
""

Response:
""

**


**
Time      : 2026-07-27 11:26:22
Service   : Institution
Method    : GET
Endpoint  : /institutes/
Status    : 200

Request:
""

Response:
"{\"data\":{\"items\":[{\"id\":1,\"name\":\"Anna\",\"institution_code\":\"sw51001\",\"state\":\"Tamil Nadu\",\"isactive\":true,\"departments\":[]},{\"id\":3,\"name\":\"Anna\",\"institution_code\":\"sw51001\",\"state\":\"Tamil Nadu\",\"isactive\":true,\"departments\":[{\"id\":2,\"department_name\":\"Manu\",\"institution_id\":3,\"isactive\":true,\"faculties\":[]}]},{\"id\":4,\"name\":\"Anna University Main Campus\",\"institution_code\":\"AU1001-M\",\"state\":\"Tamil Nadu\",\"isactive\":true,\"departments\":[{\"id\":3,\"department_name\":\"Manu\",\"institution_id\":4,\"isactive\":true,\"faculties\":[{\"id\":2,\"name\":\"Dr. Amit Anand\",\"gender\":\"Male\",\"joining_date\":\"2026-06-24T00:00:00+05:30\",\"department_id\":3,\"isactive\":true,\"students\":[{\"id\":2,\"name\":\"Rahul Kumar Sharma\",\"email\":\"rahul.sharma@example.com\",\"gender\":\"male\",\"faculty_id\":2,\"isactive\":true,\"fees\":[{\"id\":2,\"payment_mode\":\"Online\",\"amount\":50000,\"student_id\":2,\"isactive\":true}]},{\"id\":4,\"name\":\"Rahul Kumar\",\"email\":\"raha@example.com\",\"gender\":\"Male\",\"faculty_id\":2,\"isactive\":true,\"fees\":[]},{\"id\":5,\"name\":\"Rahula Kumar\",\"email\":\"rahaaa@example.com\",\"gender\":\"Male\",\"faculty_id\":2,\"isactive\":true,\"fees\":[]}]}]}]},{\"id\":5,\"name\":\"Annas\",\"institution_code\":\"SW01001\",\"state\":\"Tamil Nadu\",\"isactive\":true,\"departments\":[{\"id\":5,\"department_name\":\"Manu\",\"institution_id\":5,\"isactive\":true,\"faculties\":[{\"id\":3,\"name\":\"Dr. Amit Anand\",\"gender\":\"Male\",\"joining_date\":\"2026-06-24T00:00:00+05:30\",\"department_id\":5,\"isactive\":true,\"students\":[{\"id\":6,\"name\":\"Rahula Kumar\",\"email\":\"raa@example.com\",\"gender\":\"Male\",\"faculty_id\":3,\"isactive\":true,\"fees\":[]},{\"id\":7,\"name\":\"Rahusla Kumar\",\"email\":\"radbshdsdiha@example.com\",\"gender\":\"Male\",\"faculty_id\":3,\"isactive\":true,\"fees\":[]},{\"id\":8,\"name\":\"Rarrhusla Kumar\",\"email\":\"rarrdbshdsdiha@example.com\",\"gender\":\"Male\",\"faculty_id\":3,\"isactive\":true,\"fees\":[]},{\"id\":9,\"name\":\"Rarrhuslddda Kumar\",\"email\":\"rarrdbshddsdiha@example.com\",\"gender\":\"Male\",\"faculty_id\":3,\"isactive\":true,\"fees\":[]}]}]}]},{\"id\":6,\"name\":\"Annasw\",\"institution_code\":\"SW018001\",\"state\":\"Tamil Nadu\",\"isactive\":true,\"departments\":[]}],\"limit\":5,\"page\":1,\"total_count\":15,\"total_pages\":3},\"message\":\"Institutes fetched successfully\",\"success\":true}"

**


**
Time      : 2026-07-27 11:26:22
Service   : Fees
Method    : GET
Endpoint  : /fees
Status    : 200

Request:
""

Response:
"{\"data\":{\"items\":[{\"id\":1,\"payment_mode\":\"Online\",\"amount\":50000,\"student_id\":1,\"isactive\":true},{\"id\":2,\"payment_mode\":\"Online\",\"amount\":50000,\"student_id\":2,\"isactive\":true}],\"limit\":5,\"page\":1,\"total_count\":2,\"total_pages\":1},\"message\":\"Fees fetched successfully\",\"success\":true}"

**


**
Time      : 2026-07-27 11:26:22
Service   : Student
Method    : GET
Endpoint  : /students
Status    : 200

Request:
""

Response:
"{\"data\":{\"items\":[{\"id\":1,\"name\":\"Rahul Kumar\",\"email\":\"rahul@example.com\",\"gender\":\"Male\",\"faculty_id\":1,\"isactive\":true,\"fees\":[{\"id\":1,\"payment_mode\":\"Online\",\"amount\":50000,\"student_id\":1,\"isactive\":true}]},{\"id\":2,\"name\":\"Rahul Kumar Sharma\",\"email\":\"rahul.sharma@example.com\",\"gender\":\"male\",\"faculty_id\":2,\"isactive\":true,\"fees\":[{\"id\":2,\"payment_mode\":\"Online\",\"amount\":50000,\"student_id\":2,\"isactive\":true}]},{\"id\":3,\"name\":\"Rahul Kumar\",\"email\":\"rahula@example.com\",\"gender\":\"Male\",\"faculty_id\":1,\"isactive\":true,\"fees\":[]},{\"id\":4,\"name\":\"Rahul Kumar\",\"email\":\"raha@example.com\",\"gender\":\"Male\",\"faculty_id\":2,\"isactive\":true,\"fees\":[]},{\"id\":5,\"name\":\"Rahula Kumar\",\"email\":\"rahaaa@example.com\",\"gender\":\"Male\",\"faculty_id\":2,\"isactive\":true,\"fees\":[]}],\"limit\":5,\"page\":1,\"total_count\":9,\"total_pages\":2},\"message\":\"Students fetched successfully\",\"success\":true}"

**


**
Time      : 2026-07-27 11:26:22
Service   : Faculty
Method    : GET
Endpoint  : /faculties
Status    : 200

Request:
""

Response:
"{\"data\":{\"items\":[{\"id\":1,\"name\":\"Dr. Amit Anand\",\"gender\":\"Male\",\"joining_date\":\"2026-06-24T00:00:00+05:30\",\"department_id\":1,\"isactive\":true,\"students\":[{\"id\":1,\"name\":\"Rahul Kumar\",\"email\":\"rahul@example.com\",\"gender\":\"Male\",\"faculty_id\":1,\"isactive\":true,\"fees\":[{\"id\":1,\"payment_mode\":\"Online\",\"amount\":0,\"student_id\":1,\"isactive\":true}]},{\"id\":3,\"name\":\"Rahul Kumar\",\"email\":\"rahula@example.com\",\"gender\":\"Male\",\"faculty_id\":1,\"isactive\":true,\"fees\":[]}]},{\"id\":2,\"name\":\"Dr. Amit Anand\",\"gender\":\"Male\",\"joining_date\":\"2026-06-24T00:00:00+05:30\",\"department_id\":3,\"isactive\":true,\"students\":[{\"id\":2,\"name\":\"Rahul Kumar Sharma\",\"email\":\"rahul.sharma@example.com\",\"gender\":\"male\",\"faculty_id\":2,\"isactive\":true,\"fees\":[{\"id\":2,\"payment_mode\":\"Online\",\"amount\":0,\"student_id\":2,\"isactive\":true}]},{\"id\":4,\"name\":\"Rahul Kumar\",\"email\":\"raha@example.com\",\"gender\":\"Male\",\"faculty_id\":2,\"isactive\":true,\"fees\":[]},{\"id\":5,\"name\":\"Rahula Kumar\",\"email\":\"rahaaa@example.com\",\"gender\":\"Male\",\"faculty_id\":2,\"isactive\":true,\"fees\":[]}]},{\"id\":3,\"name\":\"Dr. Amit Anand\",\"gender\":\"Male\",\"joining_date\":\"2026-06-24T00:00:00+05:30\",\"department_id\":5,\"isactive\":true,\"students\":[{\"id\":6,\"name\":\"Rahula Kumar\",\"email\":\"raa@example.com\",\"gender\":\"Male\",\"faculty_id\":3,\"isactive\":true,\"fees\":[]},{\"id\":7,\"name\":\"Rahusla Kumar\",\"email\":\"radbshdsdiha@example.com\",\"gender\":\"Male\",\"faculty_id\":3,\"isactive\":true,\"fees\":[]},{\"id\":8,\"name\":\"Rarrhusla Kumar\",\"email\":\"rarrdbshdsdiha@example.com\",\"gender\":\"Male\",\"faculty_id\":3,\"isactive\":true,\"fees\":[]},{\"id\":9,\"name\":\"Rarrhuslddda Kumar\",\"email\":\"rarrdbshddsdiha@example.com\",\"gender\":\"Male\",\"faculty_id\":3,\"isactive\":true,\"fees\":[]}]}],\"limit\":5,\"page\":1,\"total_count\":3,\"total_pages\":1},\"message\":\"Faculties fetched successfully\",\"success\":true}"

**


**
Time      : 2026-07-27 11:26:22
Service   : Department
Method    : GET
Endpoint  : /departments
Status    : 200

Request:
""

Response:
"{\"data\":{\"items\":[{\"id\":1,\"department_name\":\"Manu\",\"institution_id\":2,\"isactive\":true,\"faculties\":[{\"id\":1,\"name\":\"Dr. Amit Anand\",\"gender\":\"Male\",\"joining_date\":\"2026-06-24T00:00:00+05:30\",\"department_id\":1,\"isactive\":true,\"students\":[{\"id\":1,\"name\":\"Rahul Kumar\",\"email\":\"rahul@example.com\",\"gender\":\"Male\",\"faculty_id\":1,\"isactive\":true,\"fees\":[{\"id\":1,\"payment_mode\":\"Online\",\"amount\":50000,\"student_id\":1,\"isactive\":true}]},{\"id\":3,\"name\":\"Rahul Kumar\",\"email\":\"rahula@example.com\",\"gender\":\"Male\",\"faculty_id\":1,\"isactive\":true,\"fees\":[]}]}]},{\"id\":2,\"department_name\":\"Manu\",\"institution_id\":3,\"isactive\":true,\"faculties\":[]},{\"id\":3,\"department_name\":\"Manu\",\"institution_id\":4,\"isactive\":true,\"faculties\":[{\"id\":2,\"name\":\"Dr. Amit Anand\",\"gender\":\"Male\",\"joining_date\":\"2026-06-24T00:00:00+05:30\",\"department_id\":3,\"isactive\":true,\"students\":[{\"id\":2,\"name\":\"Rahul Kumar Sharma\",\"email\":\"rahul.sharma@example.com\",\"gender\":\"male\",\"faculty_id\":2,\"isactive\":true,\"fees\":[{\"id\":2,\"payment_mode\":\"Online\",\"amount\":50000,\"student_id\":2,\"isactive\":true}]},{\"id\":4,\"name\":\"Rahul Kumar\",\"email\":\"raha@example.com\",\"gender\":\"Male\",\"faculty_id\":2,\"isactive\":true,\"fees\":[]},{\"id\":5,\"name\":\"Rahula Kumar\",\"email\":\"rahaaa@example.com\",\"gender\":\"Male\",\"faculty_id\":2,\"isactive\":true,\"fees\":[]}]}]},{\"id\":4,\"department_name\":\"Manu\",\"institution_id\":16,\"isactive\":true,\"faculties\":[]},{\"id\":5,\"department_name\":\"Manu\",\"institution_id\":5,\"isactive\":true,\"faculties\":[{\"id\":3,\"name\":\"Dr. Amit Anand\",\"gender\":\"Male\",\"joining_date\":\"2026-06-24T00:00:00+05:30\",\"department_id\":5,\"isactive\":true,\"students\":[{\"id\":6,\"name\":\"Rahula Kumar\",\"email\":\"raa@example.com\",\"gender\":\"Male\",\"faculty_id\":3,\"isactive\":true,\"fees\":[]},{\"id\":7,\"name\":\"Rahusla Kumar\",\"email\":\"radbshdsdiha@example.com\",\"gender\":\"Male\",\"faculty_id\":3,\"isactive\":true,\"fees\":[]},{\"id\":8,\"name\":\"Rarrhusla Kumar\",\"email\":\"rarrdbshdsdiha@example.com\",\"gender\":\"Male\",\"faculty_id\":3,\"isactive\":true,\"fees\":[]},{\"id\":9,\"name\":\"Rarrhuslddda Kumar\",\"email\":\"rarrdbshddsdiha@example.com\",\"gender\":\"Male\",\"faculty_id\":3,\"isactive\":true,\"fees\":[]}]}]}],\"limit\":5,\"page\":1,\"total_count\":5,\"total_pages\":1},\"message\":\"Departments fetched successfully\",\"success\":true}"

**


**
Time      : 2026-07-27 11:35:18
Service   : Institution
Method    : GET
Endpoint  : /institutes/
Status    : 401

Request:
""

Response:
"{\"message\":\"Invalid or expired token\",\"success\":false}"

**


**
Time      : 2026-07-27 11:35:18
Service   : Student
Method    : GET
Endpoint  : /students
Status    : 401

Request:
""

Response:
"{\"message\":\"Invalid or expired token\",\"success\":false}"

**


**
Time      : 2026-07-27 11:35:18
Service   : Department
Method    : GET
Endpoint  : /departments
Status    : 401

Request:
""

Response:
"{\"message\":\"Invalid or expired token\",\"success\":false}"

**


**
Time      : 2026-07-27 11:35:18
Service   : Faculty
Method    : GET
Endpoint  : /faculties
Status    : 401

Request:
""

Response:
"{\"message\":\"Invalid or expired token\",\"success\":false}"

**


**
Time      : 2026-07-27 11:35:18
Service   : General
Method    : GET
Endpoint  : /principals
Status    : 401

Request:
""

Response:
"{\"message\":\"Invalid or expired token\",\"success\":false}"

**


**
Time      : 2026-07-27 11:35:18
Service   : Fees
Method    : GET
Endpoint  : /fees
Status    : 401

Request:
""

Response:
"{\"message\":\"Invalid or expired token\",\"success\":false}"

**


**
Time      : 2026-07-27 11:36:24
Service   : Department
Method    : GET
Endpoint  : /departments
Status    : 401

Request:
""

Response:
"{\"message\":\"Invalid or expired token\",\"success\":false}"

**


**
Time      : 2026-07-27 11:36:24
Service   : Institution
Method    : GET
Endpoint  : /institutes/
Status    : 401

Request:
""

Response:
"{\"message\":\"Invalid or expired token\",\"success\":false}"

**


**
Time      : 2026-07-27 11:36:24
Service   : Student
Method    : GET
Endpoint  : /students
Status    : 401

Request:
""

Response:
"{\"message\":\"Invalid or expired token\",\"success\":false}"

**


**
Time      : 2026-07-27 11:36:24
Service   : Faculty
Method    : GET
Endpoint  : /faculties
Status    : 401

Request:
""

Response:
"{\"message\":\"Invalid or expired token\",\"success\":false}"

**


**
Time      : 2026-07-27 11:36:24
Service   : Fees
Method    : GET
Endpoint  : /fees
Status    : 401

Request:
""

Response:
"{\"message\":\"Invalid or expired token\",\"success\":false}"

**


**
Time      : 2026-07-27 11:36:24
Service   : General
Method    : GET
Endpoint  : /principals
Status    : 401

Request:
""

Response:
"{\"message\":\"Invalid or expired token\",\"success\":false}"

**


**
Time      : 2026-07-27 11:36:32
Service   : Auth
Method    : POST
Endpoint  : /signin
Status    : 200

Request:
"[REDACTED/SENSITIVE]"

Response:
"{\"data\":{\"access_token\":\"eyJhbGciOiJIUzI1NiIsInR5cCI6IkpXVCJ9.eyJleHAiOjE3ODUxMzMyOTEsImlhdCI6MTc4NTEzMjM5MSwic2Vzc2lvbl9pZCI6ImVhOWM0NGZjLTYyZDMtNGVhOS04MzhiLTc1MzRiOTZhMDgwYiIsInVzZXJfaWQiOjk0fQ.Cf7UyGp_5DEn_Rmz36WcCPOPo1zHXbcJvS4-tMAo1p8\",\"refresh_token\":\"eyJhbGciOiJIUzI1NiIsInR5cCI6IkpXVCJ9.eyJleHAiOjE3ODc3MjQzOTEsImlhdCI6MTc4NTEzMjM5MSwic2Vzc2lvbl9pZCI6ImVhOWM0NGZjLTYyZDMtNGVhOS04MzhiLTc1MzRiOTZhMDgwYiIsInVzZXJfaWQiOjk0fQ.GcporRSzoOXto6bdlS-_dku761yr1Fby5-CVDXQOWPA\",\"user_id\":94,\"session_id\":\"ea9c44fc-62d3-4ea9-838b-7534b96a080b\"},\"message\":\"Signed in successfully\",\"success\":true}"

**


**
Time      : 2026-07-27 11:36:32
Service   : Department
Method    : GET
Endpoint  : /departments
Status    : 200

Request:
""

Response:
"{\"data\":{\"items\":[{\"id\":1,\"department_name\":\"Manu\",\"institution_id\":2,\"isactive\":true,\"faculties\":[{\"id\":1,\"name\":\"Dr. Amit Anand\",\"gender\":\"Male\",\"joining_date\":\"2026-06-24T00:00:00+05:30\",\"department_id\":1,\"isactive\":true,\"students\":[{\"id\":1,\"name\":\"Rahul Kumar\",\"email\":\"rahul@example.com\",\"gender\":\"Male\",\"faculty_id\":1,\"isactive\":true,\"fees\":[{\"id\":1,\"payment_mode\":\"Online\",\"amount\":50000,\"student_id\":1,\"isactive\":true}]},{\"id\":3,\"name\":\"Rahul Kumar\",\"email\":\"rahula@example.com\",\"gender\":\"Male\",\"faculty_id\":1,\"isactive\":true,\"fees\":[]}]}]},{\"id\":2,\"department_name\":\"Manu\",\"institution_id\":3,\"isactive\":true,\"faculties\":[]},{\"id\":3,\"department_name\":\"Manu\",\"institution_id\":4,\"isactive\":true,\"faculties\":[{\"id\":2,\"name\":\"Dr. Amit Anand\",\"gender\":\"Male\",\"joining_date\":\"2026-06-24T00:00:00+05:30\",\"department_id\":3,\"isactive\":true,\"students\":[{\"id\":2,\"name\":\"Rahul Kumar Sharma\",\"email\":\"rahul.sharma@example.com\",\"gender\":\"male\",\"faculty_id\":2,\"isactive\":true,\"fees\":[{\"id\":2,\"payment_mode\":\"Online\",\"amount\":50000,\"student_id\":2,\"isactive\":true}]},{\"id\":4,\"name\":\"Rahul Kumar\",\"email\":\"raha@example.com\",\"gender\":\"Male\",\"faculty_id\":2,\"isactive\":true,\"fees\":[]},{\"id\":5,\"name\":\"Rahula Kumar\",\"email\":\"rahaaa@example.com\",\"gender\":\"Male\",\"faculty_id\":2,\"isactive\":true,\"fees\":[]}]}]},{\"id\":4,\"department_name\":\"Manu\",\"institution_id\":16,\"isactive\":true,\"faculties\":[]},{\"id\":5,\"department_name\":\"Manu\",\"institution_id\":5,\"isactive\":true,\"faculties\":[{\"id\":3,\"name\":\"Dr. Amit Anand\",\"gender\":\"Male\",\"joining_date\":\"2026-06-24T00:00:00+05:30\",\"department_id\":5,\"isactive\":true,\"students\":[{\"id\":6,\"name\":\"Rahula Kumar\",\"email\":\"raa@example.com\",\"gender\":\"Male\",\"faculty_id\":3,\"isactive\":true,\"fees\":[]},{\"id\":7,\"name\":\"Rahusla Kumar\",\"email\":\"radbshdsdiha@example.com\",\"gender\":\"Male\",\"faculty_id\":3,\"isactive\":true,\"fees\":[]},{\"id\":8,\"name\":\"Rarrhusla Kumar\",\"email\":\"rarrdbshdsdiha@example.com\",\"gender\":\"Male\",\"faculty_id\":3,\"isactive\":true,\"fees\":[]},{\"id\":9,\"name\":\"Rarrhuslddda Kumar\",\"email\":\"rarrdbshddsdiha@example.com\",\"gender\":\"Male\",\"faculty_id\":3,\"isactive\":true,\"fees\":[]}]}]}],\"limit\":5,\"page\":1,\"total_count\":5,\"total_pages\":1},\"message\":\"Departments fetched successfully\",\"success\":true}"

**


**
Time      : 2026-07-27 11:36:32
Service   : Institution
Method    : GET
Endpoint  : /institutes/
Status    : 200

Request:
""

Response:
"{\"data\":{\"items\":[{\"id\":1,\"name\":\"Anna\",\"institution_code\":\"sw51001\",\"state\":\"Tamil Nadu\",\"isactive\":true,\"departments\":[]},{\"id\":3,\"name\":\"Anna\",\"institution_code\":\"sw51001\",\"state\":\"Tamil Nadu\",\"isactive\":true,\"departments\":[{\"id\":2,\"department_name\":\"Manu\",\"institution_id\":3,\"isactive\":true,\"faculties\":[]}]},{\"id\":4,\"name\":\"Anna University Main Campus\",\"institution_code\":\"AU1001-M\",\"state\":\"Tamil Nadu\",\"isactive\":true,\"departments\":[{\"id\":3,\"department_name\":\"Manu\",\"institution_id\":4,\"isactive\":true,\"faculties\":[{\"id\":2,\"name\":\"Dr. Amit Anand\",\"gender\":\"Male\",\"joining_date\":\"2026-06-24T00:00:00+05:30\",\"department_id\":3,\"isactive\":true,\"students\":[{\"id\":2,\"name\":\"Rahul Kumar Sharma\",\"email\":\"rahul.sharma@example.com\",\"gender\":\"male\",\"faculty_id\":2,\"isactive\":true,\"fees\":[{\"id\":2,\"payment_mode\":\"Online\",\"amount\":50000,\"student_id\":2,\"isactive\":true}]},{\"id\":4,\"name\":\"Rahul Kumar\",\"email\":\"raha@example.com\",\"gender\":\"Male\",\"faculty_id\":2,\"isactive\":true,\"fees\":[]},{\"id\":5,\"name\":\"Rahula Kumar\",\"email\":\"rahaaa@example.com\",\"gender\":\"Male\",\"faculty_id\":2,\"isactive\":true,\"fees\":[]}]}]}]},{\"id\":5,\"name\":\"Annas\",\"institution_code\":\"SW01001\",\"state\":\"Tamil Nadu\",\"isactive\":true,\"departments\":[{\"id\":5,\"department_name\":\"Manu\",\"institution_id\":5,\"isactive\":true,\"faculties\":[{\"id\":3,\"name\":\"Dr. Amit Anand\",\"gender\":\"Male\",\"joining_date\":\"2026-06-24T00:00:00+05:30\",\"department_id\":5,\"isactive\":true,\"students\":[{\"id\":6,\"name\":\"Rahula Kumar\",\"email\":\"raa@example.com\",\"gender\":\"Male\",\"faculty_id\":3,\"isactive\":true,\"fees\":[]},{\"id\":7,\"name\":\"Rahusla Kumar\",\"email\":\"radbshdsdiha@example.com\",\"gender\":\"Male\",\"faculty_id\":3,\"isactive\":true,\"fees\":[]},{\"id\":8,\"name\":\"Rarrhusla Kumar\",\"email\":\"rarrdbshdsdiha@example.com\",\"gender\":\"Male\",\"faculty_id\":3,\"isactive\":true,\"fees\":[]},{\"id\":9,\"name\":\"Rarrhuslddda Kumar\",\"email\":\"rarrdbshddsdiha@example.com\",\"gender\":\"Male\",\"faculty_id\":3,\"isactive\":true,\"fees\":[]}]}]}]},{\"id\":6,\"name\":\"Annasw\",\"institution_code\":\"SW018001\",\"state\":\"Tamil Nadu\",\"isactive\":true,\"departments\":[]}],\"limit\":5,\"page\":1,\"total_count\":15,\"total_pages\":3},\"message\":\"Institutes fetched successfully\",\"success\":true}"

**


**
Time      : 2026-07-27 11:36:32
Service   : Student
Method    : GET
Endpoint  : /students
Status    : 200

Request:
""

Response:
"{\"data\":{\"items\":[{\"id\":1,\"name\":\"Rahul Kumar\",\"email\":\"rahul@example.com\",\"gender\":\"Male\",\"faculty_id\":1,\"isactive\":true,\"fees\":[{\"id\":1,\"payment_mode\":\"Online\",\"amount\":50000,\"student_id\":1,\"isactive\":true}]},{\"id\":2,\"name\":\"Rahul Kumar Sharma\",\"email\":\"rahul.sharma@example.com\",\"gender\":\"male\",\"faculty_id\":2,\"isactive\":true,\"fees\":[{\"id\":2,\"payment_mode\":\"Online\",\"amount\":50000,\"student_id\":2,\"isactive\":true}]},{\"id\":3,\"name\":\"Rahul Kumar\",\"email\":\"rahula@example.com\",\"gender\":\"Male\",\"faculty_id\":1,\"isactive\":true,\"fees\":[]},{\"id\":4,\"name\":\"Rahul Kumar\",\"email\":\"raha@example.com\",\"gender\":\"Male\",\"faculty_id\":2,\"isactive\":true,\"fees\":[]},{\"id\":5,\"name\":\"Rahula Kumar\",\"email\":\"rahaaa@example.com\",\"gender\":\"Male\",\"faculty_id\":2,\"isactive\":true,\"fees\":[]}],\"limit\":5,\"page\":1,\"total_count\":9,\"total_pages\":2},\"message\":\"Students fetched successfully\",\"success\":true}"

**


**
Time      : 2026-07-27 11:36:32
Service   : Fees
Method    : GET
Endpoint  : /fees
Status    : 200

Request:
""

Response:
"{\"data\":{\"items\":[{\"id\":1,\"payment_mode\":\"Online\",\"amount\":50000,\"student_id\":1,\"isactive\":true},{\"id\":2,\"payment_mode\":\"Online\",\"amount\":50000,\"student_id\":2,\"isactive\":true}],\"limit\":5,\"page\":1,\"total_count\":2,\"total_pages\":1},\"message\":\"Fees fetched successfully\",\"success\":true}"

**


**
Time      : 2026-07-27 11:36:32
Service   : General
Method    : GET
Endpoint  : /principals
Status    : 200

Request:
""

Response:
""

**


**
Time      : 2026-07-27 11:36:32
Service   : Faculty
Method    : GET
Endpoint  : /faculties
Status    : 200

Request:
""

Response:
"{\"data\":{\"items\":[{\"id\":1,\"name\":\"Dr. Amit Anand\",\"gender\":\"Male\",\"joining_date\":\"2026-06-24T00:00:00+05:30\",\"department_id\":1,\"isactive\":true,\"students\":[{\"id\":1,\"name\":\"Rahul Kumar\",\"email\":\"rahul@example.com\",\"gender\":\"Male\",\"faculty_id\":1,\"isactive\":true,\"fees\":[{\"id\":1,\"payment_mode\":\"Online\",\"amount\":0,\"student_id\":1,\"isactive\":true}]},{\"id\":3,\"name\":\"Rahul Kumar\",\"email\":\"rahula@example.com\",\"gender\":\"Male\",\"faculty_id\":1,\"isactive\":true,\"fees\":[]}]},{\"id\":2,\"name\":\"Dr. Amit Anand\",\"gender\":\"Male\",\"joining_date\":\"2026-06-24T00:00:00+05:30\",\"department_id\":3,\"isactive\":true,\"students\":[{\"id\":2,\"name\":\"Rahul Kumar Sharma\",\"email\":\"rahul.sharma@example.com\",\"gender\":\"male\",\"faculty_id\":2,\"isactive\":true,\"fees\":[{\"id\":2,\"payment_mode\":\"Online\",\"amount\":0,\"student_id\":2,\"isactive\":true}]},{\"id\":4,\"name\":\"Rahul Kumar\",\"email\":\"raha@example.com\",\"gender\":\"Male\",\"faculty_id\":2,\"isactive\":true,\"fees\":[]},{\"id\":5,\"name\":\"Rahula Kumar\",\"email\":\"rahaaa@example.com\",\"gender\":\"Male\",\"faculty_id\":2,\"isactive\":true,\"fees\":[]}]},{\"id\":3,\"name\":\"Dr. Amit Anand\",\"gender\":\"Male\",\"joining_date\":\"2026-06-24T00:00:00+05:30\",\"department_id\":5,\"isactive\":true,\"students\":[{\"id\":6,\"name\":\"Rahula Kumar\",\"email\":\"raa@example.com\",\"gender\":\"Male\",\"faculty_id\":3,\"isactive\":true,\"fees\":[]},{\"id\":7,\"name\":\"Rahusla Kumar\",\"email\":\"radbshdsdiha@example.com\",\"gender\":\"Male\",\"faculty_id\":3,\"isactive\":true,\"fees\":[]},{\"id\":8,\"name\":\"Rarrhusla Kumar\",\"email\":\"rarrdbshdsdiha@example.com\",\"gender\":\"Male\",\"faculty_id\":3,\"isactive\":true,\"fees\":[]},{\"id\":9,\"name\":\"Rarrhuslddda Kumar\",\"email\":\"rarrdbshddsdiha@example.com\",\"gender\":\"Male\",\"faculty_id\":3,\"isactive\":true,\"fees\":[]}]}],\"limit\":5,\"page\":1,\"total_count\":3,\"total_pages\":1},\"message\":\"Faculties fetched successfully\",\"success\":true}"

**


**
Time      : 2026-07-27 11:38:31
Service   : Student
Method    : GET
Endpoint  : /students
Status    : 200

Request:
""

Response:
"{\"data\":{\"items\":[{\"id\":1,\"name\":\"Rahul Kumar\",\"email\":\"rahul@example.com\",\"gender\":\"Male\",\"faculty_id\":1,\"isactive\":true,\"fees\":[{\"id\":1,\"payment_mode\":\"Online\",\"amount\":50000,\"student_id\":1,\"isactive\":true}]},{\"id\":2,\"name\":\"Rahul Kumar Sharma\",\"email\":\"rahul.sharma@example.com\",\"gender\":\"male\",\"faculty_id\":2,\"isactive\":true,\"fees\":[{\"id\":2,\"payment_mode\":\"Online\",\"amount\":50000,\"student_id\":2,\"isactive\":true}]},{\"id\":3,\"name\":\"Rahul Kumar\",\"email\":\"rahula@example.com\",\"gender\":\"Male\",\"faculty_id\":1,\"isactive\":true,\"fees\":[]},{\"id\":4,\"name\":\"Rahul Kumar\",\"email\":\"raha@example.com\",\"gender\":\"Male\",\"faculty_id\":2,\"isactive\":true,\"fees\":[]},{\"id\":5,\"name\":\"Rahula Kumar\",\"email\":\"rahaaa@example.com\",\"gender\":\"Male\",\"faculty_id\":2,\"isactive\":true,\"fees\":[]}],\"limit\":5,\"page\":1,\"total_count\":9,\"total_pages\":2},\"message\":\"Students fetched successfully\",\"success\":true}"

**


**
Time      : 2026-07-27 11:38:31
Service   : Department
Method    : GET
Endpoint  : /departments
Status    : 200

Request:
""

Response:
"{\"data\":{\"items\":[{\"id\":1,\"department_name\":\"Manu\",\"institution_id\":2,\"isactive\":true,\"faculties\":[{\"id\":1,\"name\":\"Dr. Amit Anand\",\"gender\":\"Male\",\"joining_date\":\"2026-06-24T00:00:00+05:30\",\"department_id\":1,\"isactive\":true,\"students\":[{\"id\":1,\"name\":\"Rahul Kumar\",\"email\":\"rahul@example.com\",\"gender\":\"Male\",\"faculty_id\":1,\"isactive\":true,\"fees\":[{\"id\":1,\"payment_mode\":\"Online\",\"amount\":50000,\"student_id\":1,\"isactive\":true}]},{\"id\":3,\"name\":\"Rahul Kumar\",\"email\":\"rahula@example.com\",\"gender\":\"Male\",\"faculty_id\":1,\"isactive\":true,\"fees\":[]}]}]},{\"id\":2,\"department_name\":\"Manu\",\"institution_id\":3,\"isactive\":true,\"faculties\":[]},{\"id\":3,\"department_name\":\"Manu\",\"institution_id\":4,\"isactive\":true,\"faculties\":[{\"id\":2,\"name\":\"Dr. Amit Anand\",\"gender\":\"Male\",\"joining_date\":\"2026-06-24T00:00:00+05:30\",\"department_id\":3,\"isactive\":true,\"students\":[{\"id\":2,\"name\":\"Rahul Kumar Sharma\",\"email\":\"rahul.sharma@example.com\",\"gender\":\"male\",\"faculty_id\":2,\"isactive\":true,\"fees\":[{\"id\":2,\"payment_mode\":\"Online\",\"amount\":50000,\"student_id\":2,\"isactive\":true}]},{\"id\":4,\"name\":\"Rahul Kumar\",\"email\":\"raha@example.com\",\"gender\":\"Male\",\"faculty_id\":2,\"isactive\":true,\"fees\":[]},{\"id\":5,\"name\":\"Rahula Kumar\",\"email\":\"rahaaa@example.com\",\"gender\":\"Male\",\"faculty_id\":2,\"isactive\":true,\"fees\":[]}]}]},{\"id\":4,\"department_name\":\"Manu\",\"institution_id\":16,\"isactive\":true,\"faculties\":[]},{\"id\":5,\"department_name\":\"Manu\",\"institution_id\":5,\"isactive\":true,\"faculties\":[{\"id\":3,\"name\":\"Dr. Amit Anand\",\"gender\":\"Male\",\"joining_date\":\"2026-06-24T00:00:00+05:30\",\"department_id\":5,\"isactive\":true,\"students\":[{\"id\":6,\"name\":\"Rahula Kumar\",\"email\":\"raa@example.com\",\"gender\":\"Male\",\"faculty_id\":3,\"isactive\":true,\"fees\":[]},{\"id\":7,\"name\":\"Rahusla Kumar\",\"email\":\"radbshdsdiha@example.com\",\"gender\":\"Male\",\"faculty_id\":3,\"isactive\":true,\"fees\":[]},{\"id\":8,\"name\":\"Rarrhusla Kumar\",\"email\":\"rarrdbshdsdiha@example.com\",\"gender\":\"Male\",\"faculty_id\":3,\"isactive\":true,\"fees\":[]},{\"id\":9,\"name\":\"Rarrhuslddda Kumar\",\"email\":\"rarrdbshddsdiha@example.com\",\"gender\":\"Male\",\"faculty_id\":3,\"isactive\":true,\"fees\":[]}]}]}],\"limit\":5,\"page\":1,\"total_count\":5,\"total_pages\":1},\"message\":\"Departments fetched successfully\",\"success\":true}"

**


**
Time      : 2026-07-27 11:38:31
Service   : Institution
Method    : GET
Endpoint  : /institutes/
Status    : 200

Request:
""

Response:
"{\"data\":{\"items\":[{\"id\":1,\"name\":\"Anna\",\"institution_code\":\"sw51001\",\"state\":\"Tamil Nadu\",\"isactive\":true,\"departments\":[]},{\"id\":3,\"name\":\"Anna\",\"institution_code\":\"sw51001\",\"state\":\"Tamil Nadu\",\"isactive\":true,\"departments\":[{\"id\":2,\"department_name\":\"Manu\",\"institution_id\":3,\"isactive\":true,\"faculties\":[]}]},{\"id\":4,\"name\":\"Anna University Main Campus\",\"institution_code\":\"AU1001-M\",\"state\":\"Tamil Nadu\",\"isactive\":true,\"departments\":[{\"id\":3,\"department_name\":\"Manu\",\"institution_id\":4,\"isactive\":true,\"faculties\":[{\"id\":2,\"name\":\"Dr. Amit Anand\",\"gender\":\"Male\",\"joining_date\":\"2026-06-24T00:00:00+05:30\",\"department_id\":3,\"isactive\":true,\"students\":[{\"id\":2,\"name\":\"Rahul Kumar Sharma\",\"email\":\"rahul.sharma@example.com\",\"gender\":\"male\",\"faculty_id\":2,\"isactive\":true,\"fees\":[{\"id\":2,\"payment_mode\":\"Online\",\"amount\":50000,\"student_id\":2,\"isactive\":true}]},{\"id\":4,\"name\":\"Rahul Kumar\",\"email\":\"raha@example.com\",\"gender\":\"Male\",\"faculty_id\":2,\"isactive\":true,\"fees\":[]},{\"id\":5,\"name\":\"Rahula Kumar\",\"email\":\"rahaaa@example.com\",\"gender\":\"Male\",\"faculty_id\":2,\"isactive\":true,\"fees\":[]}]}]}]},{\"id\":5,\"name\":\"Annas\",\"institution_code\":\"SW01001\",\"state\":\"Tamil Nadu\",\"isactive\":true,\"departments\":[{\"id\":5,\"department_name\":\"Manu\",\"institution_id\":5,\"isactive\":true,\"faculties\":[{\"id\":3,\"name\":\"Dr. Amit Anand\",\"gender\":\"Male\",\"joining_date\":\"2026-06-24T00:00:00+05:30\",\"department_id\":5,\"isactive\":true,\"students\":[{\"id\":6,\"name\":\"Rahula Kumar\",\"email\":\"raa@example.com\",\"gender\":\"Male\",\"faculty_id\":3,\"isactive\":true,\"fees\":[]},{\"id\":7,\"name\":\"Rahusla Kumar\",\"email\":\"radbshdsdiha@example.com\",\"gender\":\"Male\",\"faculty_id\":3,\"isactive\":true,\"fees\":[]},{\"id\":8,\"name\":\"Rarrhusla Kumar\",\"email\":\"rarrdbshdsdiha@example.com\",\"gender\":\"Male\",\"faculty_id\":3,\"isactive\":true,\"fees\":[]},{\"id\":9,\"name\":\"Rarrhuslddda Kumar\",\"email\":\"rarrdbshddsdiha@example.com\",\"gender\":\"Male\",\"faculty_id\":3,\"isactive\":true,\"fees\":[]}]}]}]},{\"id\":6,\"name\":\"Annasw\",\"institution_code\":\"SW018001\",\"state\":\"Tamil Nadu\",\"isactive\":true,\"departments\":[]}],\"limit\":5,\"page\":1,\"total_count\":15,\"total_pages\":3},\"message\":\"Institutes fetched successfully\",\"success\":true}"

**


**
Time      : 2026-07-27 11:38:31
Service   : Fees
Method    : GET
Endpoint  : /fees
Status    : 200

Request:
""

Response:
"{\"data\":{\"items\":[{\"id\":1,\"payment_mode\":\"Online\",\"amount\":50000,\"student_id\":1,\"isactive\":true},{\"id\":2,\"payment_mode\":\"Online\",\"amount\":50000,\"student_id\":2,\"isactive\":true}],\"limit\":5,\"page\":1,\"total_count\":2,\"total_pages\":1},\"message\":\"Fees fetched successfully\",\"success\":true}"

**


**
Time      : 2026-07-27 11:38:31
Service   : Faculty
Method    : GET
Endpoint  : /faculties
Status    : 200

Request:
""

Response:
"{\"data\":{\"items\":[{\"id\":1,\"name\":\"Dr. Amit Anand\",\"gender\":\"Male\",\"joining_date\":\"2026-06-24T00:00:00+05:30\",\"department_id\":1,\"isactive\":true,\"students\":[{\"id\":1,\"name\":\"Rahul Kumar\",\"email\":\"rahul@example.com\",\"gender\":\"Male\",\"faculty_id\":1,\"isactive\":true,\"fees\":[{\"id\":1,\"payment_mode\":\"Online\",\"amount\":0,\"student_id\":1,\"isactive\":true}]},{\"id\":3,\"name\":\"Rahul Kumar\",\"email\":\"rahula@example.com\",\"gender\":\"Male\",\"faculty_id\":1,\"isactive\":true,\"fees\":[]}]},{\"id\":2,\"name\":\"Dr. Amit Anand\",\"gender\":\"Male\",\"joining_date\":\"2026-06-24T00:00:00+05:30\",\"department_id\":3,\"isactive\":true,\"students\":[{\"id\":2,\"name\":\"Rahul Kumar Sharma\",\"email\":\"rahul.sharma@example.com\",\"gender\":\"male\",\"faculty_id\":2,\"isactive\":true,\"fees\":[{\"id\":2,\"payment_mode\":\"Online\",\"amount\":0,\"student_id\":2,\"isactive\":true}]},{\"id\":4,\"name\":\"Rahul Kumar\",\"email\":\"raha@example.com\",\"gender\":\"Male\",\"faculty_id\":2,\"isactive\":true,\"fees\":[]},{\"id\":5,\"name\":\"Rahula Kumar\",\"email\":\"rahaaa@example.com\",\"gender\":\"Male\",\"faculty_id\":2,\"isactive\":true,\"fees\":[]}]},{\"id\":3,\"name\":\"Dr. Amit Anand\",\"gender\":\"Male\",\"joining_date\":\"2026-06-24T00:00:00+05:30\",\"department_id\":5,\"isactive\":true,\"students\":[{\"id\":6,\"name\":\"Rahula Kumar\",\"email\":\"raa@example.com\",\"gender\":\"Male\",\"faculty_id\":3,\"isactive\":true,\"fees\":[]},{\"id\":7,\"name\":\"Rahusla Kumar\",\"email\":\"radbshdsdiha@example.com\",\"gender\":\"Male\",\"faculty_id\":3,\"isactive\":true,\"fees\":[]},{\"id\":8,\"name\":\"Rarrhusla Kumar\",\"email\":\"rarrdbshdsdiha@example.com\",\"gender\":\"Male\",\"faculty_id\":3,\"isactive\":true,\"fees\":[]},{\"id\":9,\"name\":\"Rarrhuslddda Kumar\",\"email\":\"rarrdbshddsdiha@example.com\",\"gender\":\"Male\",\"faculty_id\":3,\"isactive\":true,\"fees\":[]}]}],\"limit\":5,\"page\":1,\"total_count\":3,\"total_pages\":1},\"message\":\"Faculties fetched successfully\",\"success\":true}"

**


**
Time      : 2026-07-27 11:39:18
Service   : Department
Method    : GET
Endpoint  : /departments
Status    : 200

Request:
""

Response:
"{\"data\":{\"items\":[{\"id\":1,\"department_name\":\"Manu\",\"institution_id\":2,\"isactive\":true,\"faculties\":[{\"id\":1,\"name\":\"Dr. Amit Anand\",\"gender\":\"Male\",\"joining_date\":\"2026-06-24T00:00:00+05:30\",\"department_id\":1,\"isactive\":true,\"students\":[{\"id\":1,\"name\":\"Rahul Kumar\",\"email\":\"rahul@example.com\",\"gender\":\"Male\",\"faculty_id\":1,\"isactive\":true,\"fees\":[{\"id\":1,\"payment_mode\":\"Online\",\"amount\":50000,\"student_id\":1,\"isactive\":true}]},{\"id\":3,\"name\":\"Rahul Kumar\",\"email\":\"rahula@example.com\",\"gender\":\"Male\",\"faculty_id\":1,\"isactive\":true,\"fees\":[]}]}]},{\"id\":2,\"department_name\":\"Manu\",\"institution_id\":3,\"isactive\":true,\"faculties\":[]},{\"id\":3,\"department_name\":\"Manu\",\"institution_id\":4,\"isactive\":true,\"faculties\":[{\"id\":2,\"name\":\"Dr. Amit Anand\",\"gender\":\"Male\",\"joining_date\":\"2026-06-24T00:00:00+05:30\",\"department_id\":3,\"isactive\":true,\"students\":[{\"id\":2,\"name\":\"Rahul Kumar Sharma\",\"email\":\"rahul.sharma@example.com\",\"gender\":\"male\",\"faculty_id\":2,\"isactive\":true,\"fees\":[{\"id\":2,\"payment_mode\":\"Online\",\"amount\":50000,\"student_id\":2,\"isactive\":true}]},{\"id\":4,\"name\":\"Rahul Kumar\",\"email\":\"raha@example.com\",\"gender\":\"Male\",\"faculty_id\":2,\"isactive\":true,\"fees\":[]},{\"id\":5,\"name\":\"Rahula Kumar\",\"email\":\"rahaaa@example.com\",\"gender\":\"Male\",\"faculty_id\":2,\"isactive\":true,\"fees\":[]}]}]},{\"id\":4,\"department_name\":\"Manu\",\"institution_id\":16,\"isactive\":true,\"faculties\":[]},{\"id\":5,\"department_name\":\"Manu\",\"institution_id\":5,\"isactive\":true,\"faculties\":[{\"id\":3,\"name\":\"Dr. Amit Anand\",\"gender\":\"Male\",\"joining_date\":\"2026-06-24T00:00:00+05:30\",\"department_id\":5,\"isactive\":true,\"students\":[{\"id\":6,\"name\":\"Rahula Kumar\",\"email\":\"raa@example.com\",\"gender\":\"Male\",\"faculty_id\":3,\"isactive\":true,\"fees\":[]},{\"id\":7,\"name\":\"Rahusla Kumar\",\"email\":\"radbshdsdiha@example.com\",\"gender\":\"Male\",\"faculty_id\":3,\"isactive\":true,\"fees\":[]},{\"id\":8,\"name\":\"Rarrhusla Kumar\",\"email\":\"rarrdbshdsdiha@example.com\",\"gender\":\"Male\",\"faculty_id\":3,\"isactive\":true,\"fees\":[]},{\"id\":9,\"name\":\"Rarrhuslddda Kumar\",\"email\":\"rarrdbshddsdiha@example.com\",\"gender\":\"Male\",\"faculty_id\":3,\"isactive\":true,\"fees\":[]}]}]}],\"limit\":5,\"page\":1,\"total_count\":5,\"total_pages\":1},\"message\":\"Departments fetched successfully\",\"success\":true}"

**


**
Time      : 2026-07-27 11:39:18
Service   : Institution
Method    : GET
Endpoint  : /institutes/
Status    : 200

Request:
""

Response:
"{\"data\":{\"items\":[{\"id\":1,\"name\":\"Anna\",\"institution_code\":\"sw51001\",\"state\":\"Tamil Nadu\",\"isactive\":true,\"departments\":[]},{\"id\":3,\"name\":\"Anna\",\"institution_code\":\"sw51001\",\"state\":\"Tamil Nadu\",\"isactive\":true,\"departments\":[{\"id\":2,\"department_name\":\"Manu\",\"institution_id\":3,\"isactive\":true,\"faculties\":[]}]},{\"id\":4,\"name\":\"Anna University Main Campus\",\"institution_code\":\"AU1001-M\",\"state\":\"Tamil Nadu\",\"isactive\":true,\"departments\":[{\"id\":3,\"department_name\":\"Manu\",\"institution_id\":4,\"isactive\":true,\"faculties\":[{\"id\":2,\"name\":\"Dr. Amit Anand\",\"gender\":\"Male\",\"joining_date\":\"2026-06-24T00:00:00+05:30\",\"department_id\":3,\"isactive\":true,\"students\":[{\"id\":2,\"name\":\"Rahul Kumar Sharma\",\"email\":\"rahul.sharma@example.com\",\"gender\":\"male\",\"faculty_id\":2,\"isactive\":true,\"fees\":[{\"id\":2,\"payment_mode\":\"Online\",\"amount\":50000,\"student_id\":2,\"isactive\":true}]},{\"id\":4,\"name\":\"Rahul Kumar\",\"email\":\"raha@example.com\",\"gender\":\"Male\",\"faculty_id\":2,\"isactive\":true,\"fees\":[]},{\"id\":5,\"name\":\"Rahula Kumar\",\"email\":\"rahaaa@example.com\",\"gender\":\"Male\",\"faculty_id\":2,\"isactive\":true,\"fees\":[]}]}]}]},{\"id\":5,\"name\":\"Annas\",\"institution_code\":\"SW01001\",\"state\":\"Tamil Nadu\",\"isactive\":true,\"departments\":[{\"id\":5,\"department_name\":\"Manu\",\"institution_id\":5,\"isactive\":true,\"faculties\":[{\"id\":3,\"name\":\"Dr. Amit Anand\",\"gender\":\"Male\",\"joining_date\":\"2026-06-24T00:00:00+05:30\",\"department_id\":5,\"isactive\":true,\"students\":[{\"id\":6,\"name\":\"Rahula Kumar\",\"email\":\"raa@example.com\",\"gender\":\"Male\",\"faculty_id\":3,\"isactive\":true,\"fees\":[]},{\"id\":7,\"name\":\"Rahusla Kumar\",\"email\":\"radbshdsdiha@example.com\",\"gender\":\"Male\",\"faculty_id\":3,\"isactive\":true,\"fees\":[]},{\"id\":8,\"name\":\"Rarrhusla Kumar\",\"email\":\"rarrdbshdsdiha@example.com\",\"gender\":\"Male\",\"faculty_id\":3,\"isactive\":true,\"fees\":[]},{\"id\":9,\"name\":\"Rarrhuslddda Kumar\",\"email\":\"rarrdbshddsdiha@example.com\",\"gender\":\"Male\",\"faculty_id\":3,\"isactive\":true,\"fees\":[]}]}]}]},{\"id\":6,\"name\":\"Annasw\",\"institution_code\":\"SW018001\",\"state\":\"Tamil Nadu\",\"isactive\":true,\"departments\":[]}],\"limit\":5,\"page\":1,\"total_count\":15,\"total_pages\":3},\"message\":\"Institutes fetched successfully\",\"success\":true}"

**


**
Time      : 2026-07-27 11:39:18
Service   : Faculty
Method    : GET
Endpoint  : /faculties
Status    : 200

Request:
""

Response:
"{\"data\":{\"items\":[{\"id\":1,\"name\":\"Dr. Amit Anand\",\"gender\":\"Male\",\"joining_date\":\"2026-06-24T00:00:00+05:30\",\"department_id\":1,\"isactive\":true,\"students\":[{\"id\":1,\"name\":\"Rahul Kumar\",\"email\":\"rahul@example.com\",\"gender\":\"Male\",\"faculty_id\":1,\"isactive\":true,\"fees\":[{\"id\":1,\"payment_mode\":\"Online\",\"amount\":0,\"student_id\":1,\"isactive\":true}]},{\"id\":3,\"name\":\"Rahul Kumar\",\"email\":\"rahula@example.com\",\"gender\":\"Male\",\"faculty_id\":1,\"isactive\":true,\"fees\":[]}]},{\"id\":2,\"name\":\"Dr. Amit Anand\",\"gender\":\"Male\",\"joining_date\":\"2026-06-24T00:00:00+05:30\",\"department_id\":3,\"isactive\":true,\"students\":[{\"id\":2,\"name\":\"Rahul Kumar Sharma\",\"email\":\"rahul.sharma@example.com\",\"gender\":\"male\",\"faculty_id\":2,\"isactive\":true,\"fees\":[{\"id\":2,\"payment_mode\":\"Online\",\"amount\":0,\"student_id\":2,\"isactive\":true}]},{\"id\":4,\"name\":\"Rahul Kumar\",\"email\":\"raha@example.com\",\"gender\":\"Male\",\"faculty_id\":2,\"isactive\":true,\"fees\":[]},{\"id\":5,\"name\":\"Rahula Kumar\",\"email\":\"rahaaa@example.com\",\"gender\":\"Male\",\"faculty_id\":2,\"isactive\":true,\"fees\":[]}]},{\"id\":3,\"name\":\"Dr. Amit Anand\",\"gender\":\"Male\",\"joining_date\":\"2026-06-24T00:00:00+05:30\",\"department_id\":5,\"isactive\":true,\"students\":[{\"id\":6,\"name\":\"Rahula Kumar\",\"email\":\"raa@example.com\",\"gender\":\"Male\",\"faculty_id\":3,\"isactive\":true,\"fees\":[]},{\"id\":7,\"name\":\"Rahusla Kumar\",\"email\":\"radbshdsdiha@example.com\",\"gender\":\"Male\",\"faculty_id\":3,\"isactive\":true,\"fees\":[]},{\"id\":8,\"name\":\"Rarrhusla Kumar\",\"email\":\"rarrdbshdsdiha@example.com\",\"gender\":\"Male\",\"faculty_id\":3,\"isactive\":true,\"fees\":[]},{\"id\":9,\"name\":\"Rarrhuslddda Kumar\",\"email\":\"rarrdbshddsdiha@example.com\",\"gender\":\"Male\",\"faculty_id\":3,\"isactive\":true,\"fees\":[]}]}],\"limit\":5,\"page\":1,\"total_count\":3,\"total_pages\":1},\"message\":\"Faculties fetched successfully\",\"success\":true}"

**


**
Time      : 2026-07-27 11:39:18
Service   : Student
Method    : GET
Endpoint  : /students
Status    : 200

Request:
""

Response:
"{\"data\":{\"items\":[{\"id\":1,\"name\":\"Rahul Kumar\",\"email\":\"rahul@example.com\",\"gender\":\"Male\",\"faculty_id\":1,\"isactive\":true,\"fees\":[{\"id\":1,\"payment_mode\":\"Online\",\"amount\":50000,\"student_id\":1,\"isactive\":true}]},{\"id\":2,\"name\":\"Rahul Kumar Sharma\",\"email\":\"rahul.sharma@example.com\",\"gender\":\"male\",\"faculty_id\":2,\"isactive\":true,\"fees\":[{\"id\":2,\"payment_mode\":\"Online\",\"amount\":50000,\"student_id\":2,\"isactive\":true}]},{\"id\":3,\"name\":\"Rahul Kumar\",\"email\":\"rahula@example.com\",\"gender\":\"Male\",\"faculty_id\":1,\"isactive\":true,\"fees\":[]},{\"id\":4,\"name\":\"Rahul Kumar\",\"email\":\"raha@example.com\",\"gender\":\"Male\",\"faculty_id\":2,\"isactive\":true,\"fees\":[]},{\"id\":5,\"name\":\"Rahula Kumar\",\"email\":\"rahaaa@example.com\",\"gender\":\"Male\",\"faculty_id\":2,\"isactive\":true,\"fees\":[]}],\"limit\":5,\"page\":1,\"total_count\":9,\"total_pages\":2},\"message\":\"Students fetched successfully\",\"success\":true}"

**


**
Time      : 2026-07-27 11:39:18
Service   : Fees
Method    : GET
Endpoint  : /fees
Status    : 200

Request:
""

Response:
"{\"data\":{\"items\":[{\"id\":1,\"payment_mode\":\"Online\",\"amount\":50000,\"student_id\":1,\"isactive\":true},{\"id\":2,\"payment_mode\":\"Online\",\"amount\":50000,\"student_id\":2,\"isactive\":true}],\"limit\":5,\"page\":1,\"total_count\":2,\"total_pages\":1},\"message\":\"Fees fetched successfully\",\"success\":true}"

**


**
Time      : 2026-07-27 11:39:25
Service   : Auth
Method    : POST
Endpoint  : /signin
Status    : 200

Request:
"[REDACTED/SENSITIVE]"

Response:
"{\"data\":{\"access_token\":\"eyJhbGciOiJIUzI1NiIsInR5cCI6IkpXVCJ9.eyJleHAiOjE3ODUxMzM0NjUsImlhdCI6MTc4NTEzMjU2NSwic2Vzc2lvbl9pZCI6ImZkZTgzYWE4LWM5N2EtNDMyZi1hYWZhLTBhNDJkOTM2YmExMCIsInVzZXJfaWQiOjk0fQ.jOVLcQvu3NkDQzsPzdgswnHr9On9CkBva0M3SD7mFdc\",\"refresh_token\":\"eyJhbGciOiJIUzI1NiIsInR5cCI6IkpXVCJ9.eyJleHAiOjE3ODc3MjQ1NjUsImlhdCI6MTc4NTEzMjU2NSwic2Vzc2lvbl9pZCI6ImZkZTgzYWE4LWM5N2EtNDMyZi1hYWZhLTBhNDJkOTM2YmExMCIsInVzZXJfaWQiOjk0fQ.XjTzXwCXMN6-KABx4lt-UZkGDjJyzzwFrYIjh4EQvkU\",\"user_id\":94,\"session_id\":\"fde83aa8-c97a-432f-aafa-0a42d936ba10\"},\"message\":\"Signed in successfully\",\"success\":true}"

**


**
Time      : 2026-07-27 11:39:25
Service   : Institution
Method    : GET
Endpoint  : /institutes/
Status    : 200

Request:
""

Response:
"{\"data\":{\"items\":[{\"id\":1,\"name\":\"Anna\",\"institution_code\":\"sw51001\",\"state\":\"Tamil Nadu\",\"isactive\":true,\"departments\":[]},{\"id\":3,\"name\":\"Anna\",\"institution_code\":\"sw51001\",\"state\":\"Tamil Nadu\",\"isactive\":true,\"departments\":[{\"id\":2,\"department_name\":\"Manu\",\"institution_id\":3,\"isactive\":true,\"faculties\":[]}]},{\"id\":4,\"name\":\"Anna University Main Campus\",\"institution_code\":\"AU1001-M\",\"state\":\"Tamil Nadu\",\"isactive\":true,\"departments\":[{\"id\":3,\"department_name\":\"Manu\",\"institution_id\":4,\"isactive\":true,\"faculties\":[{\"id\":2,\"name\":\"Dr. Amit Anand\",\"gender\":\"Male\",\"joining_date\":\"2026-06-24T00:00:00+05:30\",\"department_id\":3,\"isactive\":true,\"students\":[{\"id\":2,\"name\":\"Rahul Kumar Sharma\",\"email\":\"rahul.sharma@example.com\",\"gender\":\"male\",\"faculty_id\":2,\"isactive\":true,\"fees\":[{\"id\":2,\"payment_mode\":\"Online\",\"amount\":50000,\"student_id\":2,\"isactive\":true}]},{\"id\":4,\"name\":\"Rahul Kumar\",\"email\":\"raha@example.com\",\"gender\":\"Male\",\"faculty_id\":2,\"isactive\":true,\"fees\":[]},{\"id\":5,\"name\":\"Rahula Kumar\",\"email\":\"rahaaa@example.com\",\"gender\":\"Male\",\"faculty_id\":2,\"isactive\":true,\"fees\":[]}]}]}]},{\"id\":5,\"name\":\"Annas\",\"institution_code\":\"SW01001\",\"state\":\"Tamil Nadu\",\"isactive\":true,\"departments\":[{\"id\":5,\"department_name\":\"Manu\",\"institution_id\":5,\"isactive\":true,\"faculties\":[{\"id\":3,\"name\":\"Dr. Amit Anand\",\"gender\":\"Male\",\"joining_date\":\"2026-06-24T00:00:00+05:30\",\"department_id\":5,\"isactive\":true,\"students\":[{\"id\":6,\"name\":\"Rahula Kumar\",\"email\":\"raa@example.com\",\"gender\":\"Male\",\"faculty_id\":3,\"isactive\":true,\"fees\":[]},{\"id\":7,\"name\":\"Rahusla Kumar\",\"email\":\"radbshdsdiha@example.com\",\"gender\":\"Male\",\"faculty_id\":3,\"isactive\":true,\"fees\":[]},{\"id\":8,\"name\":\"Rarrhusla Kumar\",\"email\":\"rarrdbshdsdiha@example.com\",\"gender\":\"Male\",\"faculty_id\":3,\"isactive\":true,\"fees\":[]},{\"id\":9,\"name\":\"Rarrhuslddda Kumar\",\"email\":\"rarrdbshddsdiha@example.com\",\"gender\":\"Male\",\"faculty_id\":3,\"isactive\":true,\"fees\":[]}]}]}]},{\"id\":6,\"name\":\"Annasw\",\"institution_code\":\"SW018001\",\"state\":\"Tamil Nadu\",\"isactive\":true,\"departments\":[]}],\"limit\":5,\"page\":1,\"total_count\":15,\"total_pages\":3},\"message\":\"Institutes fetched successfully\",\"success\":true}"

**


**
Time      : 2026-07-27 11:39:25
Service   : Student
Method    : GET
Endpoint  : /students
Status    : 200

Request:
""

Response:
"{\"data\":{\"items\":[{\"id\":1,\"name\":\"Rahul Kumar\",\"email\":\"rahul@example.com\",\"gender\":\"Male\",\"faculty_id\":1,\"isactive\":true,\"fees\":[{\"id\":1,\"payment_mode\":\"Online\",\"amount\":50000,\"student_id\":1,\"isactive\":true}]},{\"id\":2,\"name\":\"Rahul Kumar Sharma\",\"email\":\"rahul.sharma@example.com\",\"gender\":\"male\",\"faculty_id\":2,\"isactive\":true,\"fees\":[{\"id\":2,\"payment_mode\":\"Online\",\"amount\":50000,\"student_id\":2,\"isactive\":true}]},{\"id\":3,\"name\":\"Rahul Kumar\",\"email\":\"rahula@example.com\",\"gender\":\"Male\",\"faculty_id\":1,\"isactive\":true,\"fees\":[]},{\"id\":4,\"name\":\"Rahul Kumar\",\"email\":\"raha@example.com\",\"gender\":\"Male\",\"faculty_id\":2,\"isactive\":true,\"fees\":[]},{\"id\":5,\"name\":\"Rahula Kumar\",\"email\":\"rahaaa@example.com\",\"gender\":\"Male\",\"faculty_id\":2,\"isactive\":true,\"fees\":[]}],\"limit\":5,\"page\":1,\"total_count\":9,\"total_pages\":2},\"message\":\"Students fetched successfully\",\"success\":true}"

**


**
Time      : 2026-07-27 11:39:25
Service   : Department
Method    : GET
Endpoint  : /departments
Status    : 200

Request:
""

Response:
"{\"data\":{\"items\":[{\"id\":1,\"department_name\":\"Manu\",\"institution_id\":2,\"isactive\":true,\"faculties\":[{\"id\":1,\"name\":\"Dr. Amit Anand\",\"gender\":\"Male\",\"joining_date\":\"2026-06-24T00:00:00+05:30\",\"department_id\":1,\"isactive\":true,\"students\":[{\"id\":1,\"name\":\"Rahul Kumar\",\"email\":\"rahul@example.com\",\"gender\":\"Male\",\"faculty_id\":1,\"isactive\":true,\"fees\":[{\"id\":1,\"payment_mode\":\"Online\",\"amount\":50000,\"student_id\":1,\"isactive\":true}]},{\"id\":3,\"name\":\"Rahul Kumar\",\"email\":\"rahula@example.com\",\"gender\":\"Male\",\"faculty_id\":1,\"isactive\":true,\"fees\":[]}]}]},{\"id\":2,\"department_name\":\"Manu\",\"institution_id\":3,\"isactive\":true,\"faculties\":[]},{\"id\":3,\"department_name\":\"Manu\",\"institution_id\":4,\"isactive\":true,\"faculties\":[{\"id\":2,\"name\":\"Dr. Amit Anand\",\"gender\":\"Male\",\"joining_date\":\"2026-06-24T00:00:00+05:30\",\"department_id\":3,\"isactive\":true,\"students\":[{\"id\":2,\"name\":\"Rahul Kumar Sharma\",\"email\":\"rahul.sharma@example.com\",\"gender\":\"male\",\"faculty_id\":2,\"isactive\":true,\"fees\":[{\"id\":2,\"payment_mode\":\"Online\",\"amount\":50000,\"student_id\":2,\"isactive\":true}]},{\"id\":4,\"name\":\"Rahul Kumar\",\"email\":\"raha@example.com\",\"gender\":\"Male\",\"faculty_id\":2,\"isactive\":true,\"fees\":[]},{\"id\":5,\"name\":\"Rahula Kumar\",\"email\":\"rahaaa@example.com\",\"gender\":\"Male\",\"faculty_id\":2,\"isactive\":true,\"fees\":[]}]}]},{\"id\":4,\"department_name\":\"Manu\",\"institution_id\":16,\"isactive\":true,\"faculties\":[]},{\"id\":5,\"department_name\":\"Manu\",\"institution_id\":5,\"isactive\":true,\"faculties\":[{\"id\":3,\"name\":\"Dr. Amit Anand\",\"gender\":\"Male\",\"joining_date\":\"2026-06-24T00:00:00+05:30\",\"department_id\":5,\"isactive\":true,\"students\":[{\"id\":6,\"name\":\"Rahula Kumar\",\"email\":\"raa@example.com\",\"gender\":\"Male\",\"faculty_id\":3,\"isactive\":true,\"fees\":[]},{\"id\":7,\"name\":\"Rahusla Kumar\",\"email\":\"radbshdsdiha@example.com\",\"gender\":\"Male\",\"faculty_id\":3,\"isactive\":true,\"fees\":[]},{\"id\":8,\"name\":\"Rarrhusla Kumar\",\"email\":\"rarrdbshdsdiha@example.com\",\"gender\":\"Male\",\"faculty_id\":3,\"isactive\":true,\"fees\":[]},{\"id\":9,\"name\":\"Rarrhuslddda Kumar\",\"email\":\"rarrdbshddsdiha@example.com\",\"gender\":\"Male\",\"faculty_id\":3,\"isactive\":true,\"fees\":[]}]}]}],\"limit\":5,\"page\":1,\"total_count\":5,\"total_pages\":1},\"message\":\"Departments fetched successfully\",\"success\":true}"

**


**
Time      : 2026-07-27 11:39:25
Service   : Fees
Method    : GET
Endpoint  : /fees
Status    : 200

Request:
""

Response:
"{\"data\":{\"items\":[{\"id\":1,\"payment_mode\":\"Online\",\"amount\":50000,\"student_id\":1,\"isactive\":true},{\"id\":2,\"payment_mode\":\"Online\",\"amount\":50000,\"student_id\":2,\"isactive\":true}],\"limit\":5,\"page\":1,\"total_count\":2,\"total_pages\":1},\"message\":\"Fees fetched successfully\",\"success\":true}"

**


**
Time      : 2026-07-27 11:39:25
Service   : Faculty
Method    : GET
Endpoint  : /faculties
Status    : 200

Request:
""

Response:
"{\"data\":{\"items\":[{\"id\":1,\"name\":\"Dr. Amit Anand\",\"gender\":\"Male\",\"joining_date\":\"2026-06-24T00:00:00+05:30\",\"department_id\":1,\"isactive\":true,\"students\":[{\"id\":1,\"name\":\"Rahul Kumar\",\"email\":\"rahul@example.com\",\"gender\":\"Male\",\"faculty_id\":1,\"isactive\":true,\"fees\":[{\"id\":1,\"payment_mode\":\"Online\",\"amount\":0,\"student_id\":1,\"isactive\":true}]},{\"id\":3,\"name\":\"Rahul Kumar\",\"email\":\"rahula@example.com\",\"gender\":\"Male\",\"faculty_id\":1,\"isactive\":true,\"fees\":[]}]},{\"id\":2,\"name\":\"Dr. Amit Anand\",\"gender\":\"Male\",\"joining_date\":\"2026-06-24T00:00:00+05:30\",\"department_id\":3,\"isactive\":true,\"students\":[{\"id\":2,\"name\":\"Rahul Kumar Sharma\",\"email\":\"rahul.sharma@example.com\",\"gender\":\"male\",\"faculty_id\":2,\"isactive\":true,\"fees\":[{\"id\":2,\"payment_mode\":\"Online\",\"amount\":0,\"student_id\":2,\"isactive\":true}]},{\"id\":4,\"name\":\"Rahul Kumar\",\"email\":\"raha@example.com\",\"gender\":\"Male\",\"faculty_id\":2,\"isactive\":true,\"fees\":[]},{\"id\":5,\"name\":\"Rahula Kumar\",\"email\":\"rahaaa@example.com\",\"gender\":\"Male\",\"faculty_id\":2,\"isactive\":true,\"fees\":[]}]},{\"id\":3,\"name\":\"Dr. Amit Anand\",\"gender\":\"Male\",\"joining_date\":\"2026-06-24T00:00:00+05:30\",\"department_id\":5,\"isactive\":true,\"students\":[{\"id\":6,\"name\":\"Rahula Kumar\",\"email\":\"raa@example.com\",\"gender\":\"Male\",\"faculty_id\":3,\"isactive\":true,\"fees\":[]},{\"id\":7,\"name\":\"Rahusla Kumar\",\"email\":\"radbshdsdiha@example.com\",\"gender\":\"Male\",\"faculty_id\":3,\"isactive\":true,\"fees\":[]},{\"id\":8,\"name\":\"Rarrhusla Kumar\",\"email\":\"rarrdbshdsdiha@example.com\",\"gender\":\"Male\",\"faculty_id\":3,\"isactive\":true,\"fees\":[]},{\"id\":9,\"name\":\"Rarrhuslddda Kumar\",\"email\":\"rarrdbshddsdiha@example.com\",\"gender\":\"Male\",\"faculty_id\":3,\"isactive\":true,\"fees\":[]}]}],\"limit\":5,\"page\":1,\"total_count\":3,\"total_pages\":1},\"message\":\"Faculties fetched successfully\",\"success\":true}"

**


**
Time      : 2026-07-27 11:39:29
Service   : Student
Method    : GET
Endpoint  : /students
Status    : 200

Request:
""

Response:
"{\"data\":{\"items\":[{\"id\":1,\"name\":\"Rahul Kumar\",\"email\":\"rahul@example.com\",\"gender\":\"Male\",\"faculty_id\":1,\"isactive\":true,\"fees\":[{\"id\":1,\"payment_mode\":\"Online\",\"amount\":50000,\"student_id\":1,\"isactive\":true}]},{\"id\":2,\"name\":\"Rahul Kumar Sharma\",\"email\":\"rahul.sharma@example.com\",\"gender\":\"male\",\"faculty_id\":2,\"isactive\":true,\"fees\":[{\"id\":2,\"payment_mode\":\"Online\",\"amount\":50000,\"student_id\":2,\"isactive\":true}]},{\"id\":3,\"name\":\"Rahul Kumar\",\"email\":\"rahula@example.com\",\"gender\":\"Male\",\"faculty_id\":1,\"isactive\":true,\"fees\":[]},{\"id\":4,\"name\":\"Rahul Kumar\",\"email\":\"raha@example.com\",\"gender\":\"Male\",\"faculty_id\":2,\"isactive\":true,\"fees\":[]},{\"id\":5,\"name\":\"Rahula Kumar\",\"email\":\"rahaaa@example.com\",\"gender\":\"Male\",\"faculty_id\":2,\"isactive\":true,\"fees\":[]}],\"limit\":5,\"page\":1,\"total_count\":9,\"total_pages\":2},\"message\":\"Students fetched successfully\",\"success\":true}"

**


**
Time      : 2026-07-27 11:39:29
Service   : Institution
Method    : GET
Endpoint  : /institutes/
Status    : 200

Request:
""

Response:
"{\"data\":{\"items\":[{\"id\":1,\"name\":\"Anna\",\"institution_code\":\"sw51001\",\"state\":\"Tamil Nadu\",\"isactive\":true,\"departments\":[]},{\"id\":3,\"name\":\"Anna\",\"institution_code\":\"sw51001\",\"state\":\"Tamil Nadu\",\"isactive\":true,\"departments\":[{\"id\":2,\"department_name\":\"Manu\",\"institution_id\":3,\"isactive\":true,\"faculties\":[]}]},{\"id\":4,\"name\":\"Anna University Main Campus\",\"institution_code\":\"AU1001-M\",\"state\":\"Tamil Nadu\",\"isactive\":true,\"departments\":[{\"id\":3,\"department_name\":\"Manu\",\"institution_id\":4,\"isactive\":true,\"faculties\":[{\"id\":2,\"name\":\"Dr. Amit Anand\",\"gender\":\"Male\",\"joining_date\":\"2026-06-24T00:00:00+05:30\",\"department_id\":3,\"isactive\":true,\"students\":[{\"id\":2,\"name\":\"Rahul Kumar Sharma\",\"email\":\"rahul.sharma@example.com\",\"gender\":\"male\",\"faculty_id\":2,\"isactive\":true,\"fees\":[{\"id\":2,\"payment_mode\":\"Online\",\"amount\":50000,\"student_id\":2,\"isactive\":true}]},{\"id\":4,\"name\":\"Rahul Kumar\",\"email\":\"raha@example.com\",\"gender\":\"Male\",\"faculty_id\":2,\"isactive\":true,\"fees\":[]},{\"id\":5,\"name\":\"Rahula Kumar\",\"email\":\"rahaaa@example.com\",\"gender\":\"Male\",\"faculty_id\":2,\"isactive\":true,\"fees\":[]}]}]}]},{\"id\":5,\"name\":\"Annas\",\"institution_code\":\"SW01001\",\"state\":\"Tamil Nadu\",\"isactive\":true,\"departments\":[{\"id\":5,\"department_name\":\"Manu\",\"institution_id\":5,\"isactive\":true,\"faculties\":[{\"id\":3,\"name\":\"Dr. Amit Anand\",\"gender\":\"Male\",\"joining_date\":\"2026-06-24T00:00:00+05:30\",\"department_id\":5,\"isactive\":true,\"students\":[{\"id\":6,\"name\":\"Rahula Kumar\",\"email\":\"raa@example.com\",\"gender\":\"Male\",\"faculty_id\":3,\"isactive\":true,\"fees\":[]},{\"id\":7,\"name\":\"Rahusla Kumar\",\"email\":\"radbshdsdiha@example.com\",\"gender\":\"Male\",\"faculty_id\":3,\"isactive\":true,\"fees\":[]},{\"id\":8,\"name\":\"Rarrhusla Kumar\",\"email\":\"rarrdbshdsdiha@example.com\",\"gender\":\"Male\",\"faculty_id\":3,\"isactive\":true,\"fees\":[]},{\"id\":9,\"name\":\"Rarrhuslddda Kumar\",\"email\":\"rarrdbshddsdiha@example.com\",\"gender\":\"Male\",\"faculty_id\":3,\"isactive\":true,\"fees\":[]}]}]}]},{\"id\":6,\"name\":\"Annasw\",\"institution_code\":\"SW018001\",\"state\":\"Tamil Nadu\",\"isactive\":true,\"departments\":[]}],\"limit\":5,\"page\":1,\"total_count\":15,\"total_pages\":3},\"message\":\"Institutes fetched successfully\",\"success\":true}"

**


**
Time      : 2026-07-27 11:39:29
Service   : Department
Method    : GET
Endpoint  : /departments
Status    : 200

Request:
""

Response:
"{\"data\":{\"items\":[{\"id\":1,\"department_name\":\"Manu\",\"institution_id\":2,\"isactive\":true,\"faculties\":[{\"id\":1,\"name\":\"Dr. Amit Anand\",\"gender\":\"Male\",\"joining_date\":\"2026-06-24T00:00:00+05:30\",\"department_id\":1,\"isactive\":true,\"students\":[{\"id\":1,\"name\":\"Rahul Kumar\",\"email\":\"rahul@example.com\",\"gender\":\"Male\",\"faculty_id\":1,\"isactive\":true,\"fees\":[{\"id\":1,\"payment_mode\":\"Online\",\"amount\":50000,\"student_id\":1,\"isactive\":true}]},{\"id\":3,\"name\":\"Rahul Kumar\",\"email\":\"rahula@example.com\",\"gender\":\"Male\",\"faculty_id\":1,\"isactive\":true,\"fees\":[]}]}]},{\"id\":2,\"department_name\":\"Manu\",\"institution_id\":3,\"isactive\":true,\"faculties\":[]},{\"id\":3,\"department_name\":\"Manu\",\"institution_id\":4,\"isactive\":true,\"faculties\":[{\"id\":2,\"name\":\"Dr. Amit Anand\",\"gender\":\"Male\",\"joining_date\":\"2026-06-24T00:00:00+05:30\",\"department_id\":3,\"isactive\":true,\"students\":[{\"id\":2,\"name\":\"Rahul Kumar Sharma\",\"email\":\"rahul.sharma@example.com\",\"gender\":\"male\",\"faculty_id\":2,\"isactive\":true,\"fees\":[{\"id\":2,\"payment_mode\":\"Online\",\"amount\":50000,\"student_id\":2,\"isactive\":true}]},{\"id\":4,\"name\":\"Rahul Kumar\",\"email\":\"raha@example.com\",\"gender\":\"Male\",\"faculty_id\":2,\"isactive\":true,\"fees\":[]},{\"id\":5,\"name\":\"Rahula Kumar\",\"email\":\"rahaaa@example.com\",\"gender\":\"Male\",\"faculty_id\":2,\"isactive\":true,\"fees\":[]}]}]},{\"id\":4,\"department_name\":\"Manu\",\"institution_id\":16,\"isactive\":true,\"faculties\":[]},{\"id\":5,\"department_name\":\"Manu\",\"institution_id\":5,\"isactive\":true,\"faculties\":[{\"id\":3,\"name\":\"Dr. Amit Anand\",\"gender\":\"Male\",\"joining_date\":\"2026-06-24T00:00:00+05:30\",\"department_id\":5,\"isactive\":true,\"students\":[{\"id\":6,\"name\":\"Rahula Kumar\",\"email\":\"raa@example.com\",\"gender\":\"Male\",\"faculty_id\":3,\"isactive\":true,\"fees\":[]},{\"id\":7,\"name\":\"Rahusla Kumar\",\"email\":\"radbshdsdiha@example.com\",\"gender\":\"Male\",\"faculty_id\":3,\"isactive\":true,\"fees\":[]},{\"id\":8,\"name\":\"Rarrhusla Kumar\",\"email\":\"rarrdbshdsdiha@example.com\",\"gender\":\"Male\",\"faculty_id\":3,\"isactive\":true,\"fees\":[]},{\"id\":9,\"name\":\"Rarrhuslddda Kumar\",\"email\":\"rarrdbshddsdiha@example.com\",\"gender\":\"Male\",\"faculty_id\":3,\"isactive\":true,\"fees\":[]}]}]}],\"limit\":5,\"page\":1,\"total_count\":5,\"total_pages\":1},\"message\":\"Departments fetched successfully\",\"success\":true}"

**


**
Time      : 2026-07-27 11:39:29
Service   : Fees
Method    : GET
Endpoint  : /fees
Status    : 200

Request:
""

Response:
"{\"data\":{\"items\":[{\"id\":1,\"payment_mode\":\"Online\",\"amount\":50000,\"student_id\":1,\"isactive\":true},{\"id\":2,\"payment_mode\":\"Online\",\"amount\":50000,\"student_id\":2,\"isactive\":true}],\"limit\":5,\"page\":1,\"total_count\":2,\"total_pages\":1},\"message\":\"Fees fetched successfully\",\"success\":true}"

**


**
Time      : 2026-07-27 11:39:29
Service   : Faculty
Method    : GET
Endpoint  : /faculties
Status    : 200

Request:
""

Response:
"{\"data\":{\"items\":[{\"id\":1,\"name\":\"Dr. Amit Anand\",\"gender\":\"Male\",\"joining_date\":\"2026-06-24T00:00:00+05:30\",\"department_id\":1,\"isactive\":true,\"students\":[{\"id\":1,\"name\":\"Rahul Kumar\",\"email\":\"rahul@example.com\",\"gender\":\"Male\",\"faculty_id\":1,\"isactive\":true,\"fees\":[{\"id\":1,\"payment_mode\":\"Online\",\"amount\":0,\"student_id\":1,\"isactive\":true}]},{\"id\":3,\"name\":\"Rahul Kumar\",\"email\":\"rahula@example.com\",\"gender\":\"Male\",\"faculty_id\":1,\"isactive\":true,\"fees\":[]}]},{\"id\":2,\"name\":\"Dr. Amit Anand\",\"gender\":\"Male\",\"joining_date\":\"2026-06-24T00:00:00+05:30\",\"department_id\":3,\"isactive\":true,\"students\":[{\"id\":2,\"name\":\"Rahul Kumar Sharma\",\"email\":\"rahul.sharma@example.com\",\"gender\":\"male\",\"faculty_id\":2,\"isactive\":true,\"fees\":[{\"id\":2,\"payment_mode\":\"Online\",\"amount\":0,\"student_id\":2,\"isactive\":true}]},{\"id\":4,\"name\":\"Rahul Kumar\",\"email\":\"raha@example.com\",\"gender\":\"Male\",\"faculty_id\":2,\"isactive\":true,\"fees\":[]},{\"id\":5,\"name\":\"Rahula Kumar\",\"email\":\"rahaaa@example.com\",\"gender\":\"Male\",\"faculty_id\":2,\"isactive\":true,\"fees\":[]}]},{\"id\":3,\"name\":\"Dr. Amit Anand\",\"gender\":\"Male\",\"joining_date\":\"2026-06-24T00:00:00+05:30\",\"department_id\":5,\"isactive\":true,\"students\":[{\"id\":6,\"name\":\"Rahula Kumar\",\"email\":\"raa@example.com\",\"gender\":\"Male\",\"faculty_id\":3,\"isactive\":true,\"fees\":[]},{\"id\":7,\"name\":\"Rahusla Kumar\",\"email\":\"radbshdsdiha@example.com\",\"gender\":\"Male\",\"faculty_id\":3,\"isactive\":true,\"fees\":[]},{\"id\":8,\"name\":\"Rarrhusla Kumar\",\"email\":\"rarrdbshdsdiha@example.com\",\"gender\":\"Male\",\"faculty_id\":3,\"isactive\":true,\"fees\":[]},{\"id\":9,\"name\":\"Rarrhuslddda Kumar\",\"email\":\"rarrdbshddsdiha@example.com\",\"gender\":\"Male\",\"faculty_id\":3,\"isactive\":true,\"fees\":[]}]}],\"limit\":5,\"page\":1,\"total_count\":3,\"total_pages\":1},\"message\":\"Faculties fetched successfully\",\"success\":true}"

**


**
Time      : 2026-07-27 11:41:13
Service   : Auth
Method    : POST
Endpoint  : /signin
Status    : 200

Request:
"[REDACTED/SENSITIVE]"

Response:
"{\"data\":{\"access_token\":\"eyJhbGciOiJIUzI1NiIsInR5cCI6IkpXVCJ9.eyJleHAiOjE3ODUxMzM1NzMsImlhdCI6MTc4NTEzMjY3Mywic2Vzc2lvbl9pZCI6ImE2NzY4YzYwLTNkYzMtNDU3My05YjI1LTdhYjY2ZmZkMWNmYyIsInVzZXJfaWQiOjk0fQ.uHLLeSxfhQHrUJ6N-D4pk62keQXmQZT-WY7swmRNwaU\",\"refresh_token\":\"eyJhbGciOiJIUzI1NiIsInR5cCI6IkpXVCJ9.eyJleHAiOjE3ODc3MjQ2NzMsImlhdCI6MTc4NTEzMjY3Mywic2Vzc2lvbl9pZCI6ImE2NzY4YzYwLTNkYzMtNDU3My05YjI1LTdhYjY2ZmZkMWNmYyIsInVzZXJfaWQiOjk0fQ.4ElCcfXeIZ9__uJ8Ml5-pdUkx8OTglCTQJa6OveP4Fc\",\"user_id\":94,\"session_id\":\"a6768c60-3dc3-4573-9b25-7ab66ffd1cfc\"},\"message\":\"Signed in successfully\",\"success\":true}"

**


**
Time      : 2026-07-27 11:41:13
Service   : Institution
Method    : GET
Endpoint  : /departments
Status    : 200

Request:
""

Response:
"{\"data\":{\"items\":[{\"id\":1,\"name\":\"Anna\",\"institution_code\":\"sw51001\",\"state\":\"Tamil Nadu\",\"isactive\":true,\"departments\":[]},{\"id\":3,\"name\":\"Anna\",\"institution_code\":\"sw51001\",\"state\":\"Tamil Nadu\",\"isactive\":true,\"departments\":[{\"id\":2,\"department_name\":\"Manu\",\"institution_id\":3,\"isactive\":true,\"faculties\":[]}]},{\"id\":4,\"name\":\"Anna University Main Campus\",\"institution_code\":\"AU1001-M\",\"state\":\"Tamil Nadu\",\"isactive\":true,\"departments\":[{\"id\":3,\"department_name\":\"Manu\",\"institution_id\":4,\"isactive\":true,\"faculties\":[{\"id\":2,\"name\":\"Dr. Amit Anand\",\"gender\":\"Male\",\"joining_date\":\"2026-06-24T00:00:00+05:30\",\"department_id\":3,\"isactive\":true,\"students\":[{\"id\":2,\"name\":\"Rahul Kumar Sharma\",\"email\":\"rahul.sharma@example.com\",\"gender\":\"male\",\"faculty_id\":2,\"isactive\":true,\"fees\":[{\"id\":2,\"payment_mode\":\"Online\",\"amount\":50000,\"student_id\":2,\"isactive\":true}]},{\"id\":4,\"name\":\"Rahul Kumar\",\"email\":\"raha@example.com\",\"gender\":\"Male\",\"faculty_id\":2,\"isactive\":true,\"fees\":[]},{\"id\":5,\"name\":\"Rahula Kumar\",\"email\":\"rahaaa@example.com\",\"gender\":\"Male\",\"faculty_id\":2,\"isactive\":true,\"fees\":[]}]}]}]},{\"id\":5,\"name\":\"Annas\",\"institution_code\":\"SW01001\",\"state\":\"Tamil Nadu\",\"isactive\":true,\"departments\":[{\"id\":5,\"department_name\":\"Manu\",\"institution_id\":5,\"isactive\":true,\"faculties\":[{\"id\":3,\"name\":\"Dr. Amit Anand\",\"gender\":\"Male\",\"joining_date\":\"2026-06-24T00:00:00+05:30\",\"department_id\":5,\"isactive\":true,\"students\":[{\"id\":6,\"name\":\"Rahula Kumar\",\"email\":\"raa@example.com\",\"gender\":\"Male\",\"faculty_id\":3,\"isactive\":true,\"fees\":[]},{\"id\":7,\"name\":\"Rahusla Kumar\",\"email\":\"radbshdsdiha@example.com\",\"gender\":\"Male\",\"faculty_id\":3,\"isactive\":true,\"fees\":[]},{\"id\":8,\"name\":\"Rarrhusla Kumar\",\"email\":\"rarrdbshdsdiha@example.com\",\"gender\":\"Male\",\"faculty_id\":3,\"isactive\":true,\"fees\":[]},{\"id\":9,\"name\":\"Rarrhuslddda Kumar\",\"email\":\"rarrdbshddsdiha@example.com\",\"gender\":\"Male\",\"faculty_id\":3,\"isactive\":true,\"fees\":[]}]}]}]},{\"id\":6,\"name\":\"Annasw\",\"institution_code\":\"SW018001\",\"state\":\"Tamil Nadu\",\"isactive\":true,\"departments\":[]}],\"limit\":5,\"page\":1,\"total_count\":15,\"total_pages\":3},\"message\":\"Institutes fetched successfully\",\"success\":true}"

**


**
Time      : 2026-07-27 11:41:13
Service   : Department
Method    : GET
Endpoint  : /departments
Status    : 200

Request:
""

Response:
"{\"data\":{\"items\":[{\"id\":1,\"department_name\":\"Manu\",\"institution_id\":2,\"isactive\":true,\"faculties\":[{\"id\":1,\"name\":\"Dr. Amit Anand\",\"gender\":\"Male\",\"joining_date\":\"2026-06-24T00:00:00+05:30\",\"department_id\":1,\"isactive\":true,\"students\":[{\"id\":1,\"name\":\"Rahul Kumar\",\"email\":\"rahul@example.com\",\"gender\":\"Male\",\"faculty_id\":1,\"isactive\":true,\"fees\":[{\"id\":1,\"payment_mode\":\"Online\",\"amount\":50000,\"student_id\":1,\"isactive\":true}]},{\"id\":3,\"name\":\"Rahul Kumar\",\"email\":\"rahula@example.com\",\"gender\":\"Male\",\"faculty_id\":1,\"isactive\":true,\"fees\":[]}]}]},{\"id\":2,\"department_name\":\"Manu\",\"institution_id\":3,\"isactive\":true,\"faculties\":[]},{\"id\":3,\"department_name\":\"Manu\",\"institution_id\":4,\"isactive\":true,\"faculties\":[{\"id\":2,\"name\":\"Dr. Amit Anand\",\"gender\":\"Male\",\"joining_date\":\"2026-06-24T00:00:00+05:30\",\"department_id\":3,\"isactive\":true,\"students\":[{\"id\":2,\"name\":\"Rahul Kumar Sharma\",\"email\":\"rahul.sharma@example.com\",\"gender\":\"male\",\"faculty_id\":2,\"isactive\":true,\"fees\":[{\"id\":2,\"payment_mode\":\"Online\",\"amount\":50000,\"student_id\":2,\"isactive\":true}]},{\"id\":4,\"name\":\"Rahul Kumar\",\"email\":\"raha@example.com\",\"gender\":\"Male\",\"faculty_id\":2,\"isactive\":true,\"fees\":[]},{\"id\":5,\"name\":\"Rahula Kumar\",\"email\":\"rahaaa@example.com\",\"gender\":\"Male\",\"faculty_id\":2,\"isactive\":true,\"fees\":[]}]}]},{\"id\":4,\"department_name\":\"Manu\",\"institution_id\":16,\"isactive\":true,\"faculties\":[]},{\"id\":5,\"department_name\":\"Manu\",\"institution_id\":5,\"isactive\":true,\"faculties\":[{\"id\":3,\"name\":\"Dr. Amit Anand\",\"gender\":\"Male\",\"joining_date\":\"2026-06-24T00:00:00+05:30\",\"department_id\":5,\"isactive\":true,\"students\":[{\"id\":6,\"name\":\"Rahula Kumar\",\"email\":\"raa@example.com\",\"gender\":\"Male\",\"faculty_id\":3,\"isactive\":true,\"fees\":[]},{\"id\":7,\"name\":\"Rahusla Kumar\",\"email\":\"radbshdsdiha@example.com\",\"gender\":\"Male\",\"faculty_id\":3,\"isactive\":true,\"fees\":[]},{\"id\":8,\"name\":\"Rarrhusla Kumar\",\"email\":\"rarrdbshdsdiha@example.com\",\"gender\":\"Male\",\"faculty_id\":3,\"isactive\":true,\"fees\":[]},{\"id\":9,\"name\":\"Rarrhuslddda Kumar\",\"email\":\"rarrdbshddsdiha@example.com\",\"gender\":\"Male\",\"faculty_id\":3,\"isactive\":true,\"fees\":[]}]}]}],\"limit\":5,\"page\":1,\"total_count\":5,\"total_pages\":1},\"message\":\"Departments fetched successfully\",\"success\":true}"

**


**
Time      : 2026-07-27 11:41:13
Service   : Student
Method    : GET
Endpoint  : /students
Status    : 200

Request:
""

Response:
"{\"data\":{\"items\":[{\"id\":1,\"name\":\"Rahul Kumar\",\"email\":\"rahul@example.com\",\"gender\":\"Male\",\"faculty_id\":1,\"isactive\":true,\"fees\":[{\"id\":1,\"payment_mode\":\"Online\",\"amount\":50000,\"student_id\":1,\"isactive\":true}]},{\"id\":2,\"name\":\"Rahul Kumar Sharma\",\"email\":\"rahul.sharma@example.com\",\"gender\":\"male\",\"faculty_id\":2,\"isactive\":true,\"fees\":[{\"id\":2,\"payment_mode\":\"Online\",\"amount\":50000,\"student_id\":2,\"isactive\":true}]},{\"id\":3,\"name\":\"Rahul Kumar\",\"email\":\"rahula@example.com\",\"gender\":\"Male\",\"faculty_id\":1,\"isactive\":true,\"fees\":[]},{\"id\":4,\"name\":\"Rahul Kumar\",\"email\":\"raha@example.com\",\"gender\":\"Male\",\"faculty_id\":2,\"isactive\":true,\"fees\":[]},{\"id\":5,\"name\":\"Rahula Kumar\",\"email\":\"rahaaa@example.com\",\"gender\":\"Male\",\"faculty_id\":2,\"isactive\":true,\"fees\":[]}],\"limit\":5,\"page\":1,\"total_count\":9,\"total_pages\":2},\"message\":\"Students fetched successfully\",\"success\":true}"

**


**
Time      : 2026-07-27 11:41:13
Service   : Faculty
Method    : GET
Endpoint  : /faculties
Status    : 200

Request:
""

Response:
"{\"data\":{\"items\":[{\"id\":1,\"name\":\"Dr. Amit Anand\",\"gender\":\"Male\",\"joining_date\":\"2026-06-24T00:00:00+05:30\",\"department_id\":1,\"isactive\":true,\"students\":[{\"id\":1,\"name\":\"Rahul Kumar\",\"email\":\"rahul@example.com\",\"gender\":\"Male\",\"faculty_id\":1,\"isactive\":true,\"fees\":[{\"id\":1,\"payment_mode\":\"Online\",\"amount\":0,\"student_id\":1,\"isactive\":true}]},{\"id\":3,\"name\":\"Rahul Kumar\",\"email\":\"rahula@example.com\",\"gender\":\"Male\",\"faculty_id\":1,\"isactive\":true,\"fees\":[]}]},{\"id\":2,\"name\":\"Dr. Amit Anand\",\"gender\":\"Male\",\"joining_date\":\"2026-06-24T00:00:00+05:30\",\"department_id\":3,\"isactive\":true,\"students\":[{\"id\":2,\"name\":\"Rahul Kumar Sharma\",\"email\":\"rahul.sharma@example.com\",\"gender\":\"male\",\"faculty_id\":2,\"isactive\":true,\"fees\":[{\"id\":2,\"payment_mode\":\"Online\",\"amount\":0,\"student_id\":2,\"isactive\":true}]},{\"id\":4,\"name\":\"Rahul Kumar\",\"email\":\"raha@example.com\",\"gender\":\"Male\",\"faculty_id\":2,\"isactive\":true,\"fees\":[]},{\"id\":5,\"name\":\"Rahula Kumar\",\"email\":\"rahaaa@example.com\",\"gender\":\"Male\",\"faculty_id\":2,\"isactive\":true,\"fees\":[]}]},{\"id\":3,\"name\":\"Dr. Amit Anand\",\"gender\":\"Male\",\"joining_date\":\"2026-06-24T00:00:00+05:30\",\"department_id\":5,\"isactive\":true,\"students\":[{\"id\":6,\"name\":\"Rahula Kumar\",\"email\":\"raa@example.com\",\"gender\":\"Male\",\"faculty_id\":3,\"isactive\":true,\"fees\":[]},{\"id\":7,\"name\":\"Rahusla Kumar\",\"email\":\"radbshdsdiha@example.com\",\"gender\":\"Male\",\"faculty_id\":3,\"isactive\":true,\"fees\":[]},{\"id\":8,\"name\":\"Rarrhusla Kumar\",\"email\":\"rarrdbshdsdiha@example.com\",\"gender\":\"Male\",\"faculty_id\":3,\"isactive\":true,\"fees\":[]},{\"id\":9,\"name\":\"Rarrhuslddda Kumar\",\"email\":\"rarrdbshddsdiha@example.com\",\"gender\":\"Male\",\"faculty_id\":3,\"isactive\":true,\"fees\":[]}]}],\"limit\":5,\"page\":1,\"total_count\":3,\"total_pages\":1},\"message\":\"Faculties fetched successfully\",\"success\":true}"

**


**
Time      : 2026-07-27 11:41:13
Service   : Fees
Method    : GET
Endpoint  : /fees
Status    : 200

Request:
""

Response:
"{\"data\":{\"items\":[{\"id\":1,\"payment_mode\":\"Online\",\"amount\":50000,\"student_id\":1,\"isactive\":true},{\"id\":2,\"payment_mode\":\"Online\",\"amount\":50000,\"student_id\":2,\"isactive\":true}],\"limit\":5,\"page\":1,\"total_count\":2,\"total_pages\":1},\"message\":\"Fees fetched successfully\",\"success\":true}"

**


**
Time      : 2026-07-27 11:41:27
Service   : Auth
Method    : POST
Endpoint  : /signin
Status    : 200

Request:
"[REDACTED/SENSITIVE]"

Response:
"{\"data\":{\"access_token\":\"eyJhbGciOiJIUzI1NiIsInR5cCI6IkpXVCJ9.eyJleHAiOjE3ODUxMzM1ODcsImlhdCI6MTc4NTEzMjY4Nywic2Vzc2lvbl9pZCI6IjBkNDJmNzgyLTdlNDYtNDI0YS1hYzMzLWU5OWMyYTMwNGY5MSIsInVzZXJfaWQiOjk0fQ.BMq6WCTIi3d5iCZQwL4H-CAr9OJlXamlaMXPBjkYVK0\",\"refresh_token\":\"eyJhbGciOiJIUzI1NiIsInR5cCI6IkpXVCJ9.eyJleHAiOjE3ODc3MjQ2ODcsImlhdCI6MTc4NTEzMjY4Nywic2Vzc2lvbl9pZCI6IjBkNDJmNzgyLTdlNDYtNDI0YS1hYzMzLWU5OWMyYTMwNGY5MSIsInVzZXJfaWQiOjk0fQ.a08loYupbrmn6sbOa-HLR7CPU9_U0jD9_V-gpx17ZX4\",\"user_id\":94,\"session_id\":\"0d42f782-7e46-424a-ac33-e99c2a304f91\"},\"message\":\"Signed in successfully\",\"success\":true}"

**


**
Time      : 2026-07-27 11:41:27
Service   : Institution
Method    : GET
Endpoint  : /institutes/
Status    : 200

Request:
""

Response:
"{\"data\":{\"items\":[{\"id\":1,\"name\":\"Anna\",\"institution_code\":\"sw51001\",\"state\":\"Tamil Nadu\",\"isactive\":true,\"departments\":[]},{\"id\":3,\"name\":\"Anna\",\"institution_code\":\"sw51001\",\"state\":\"Tamil Nadu\",\"isactive\":true,\"departments\":[{\"id\":2,\"department_name\":\"Manu\",\"institution_id\":3,\"isactive\":true,\"faculties\":[]}]},{\"id\":4,\"name\":\"Anna University Main Campus\",\"institution_code\":\"AU1001-M\",\"state\":\"Tamil Nadu\",\"isactive\":true,\"departments\":[{\"id\":3,\"department_name\":\"Manu\",\"institution_id\":4,\"isactive\":true,\"faculties\":[{\"id\":2,\"name\":\"Dr. Amit Anand\",\"gender\":\"Male\",\"joining_date\":\"2026-06-24T00:00:00+05:30\",\"department_id\":3,\"isactive\":true,\"students\":[{\"id\":2,\"name\":\"Rahul Kumar Sharma\",\"email\":\"rahul.sharma@example.com\",\"gender\":\"male\",\"faculty_id\":2,\"isactive\":true,\"fees\":[{\"id\":2,\"payment_mode\":\"Online\",\"amount\":50000,\"student_id\":2,\"isactive\":true}]},{\"id\":4,\"name\":\"Rahul Kumar\",\"email\":\"raha@example.com\",\"gender\":\"Male\",\"faculty_id\":2,\"isactive\":true,\"fees\":[]},{\"id\":5,\"name\":\"Rahula Kumar\",\"email\":\"rahaaa@example.com\",\"gender\":\"Male\",\"faculty_id\":2,\"isactive\":true,\"fees\":[]}]}]}]},{\"id\":5,\"name\":\"Annas\",\"institution_code\":\"SW01001\",\"state\":\"Tamil Nadu\",\"isactive\":true,\"departments\":[{\"id\":5,\"department_name\":\"Manu\",\"institution_id\":5,\"isactive\":true,\"faculties\":[{\"id\":3,\"name\":\"Dr. Amit Anand\",\"gender\":\"Male\",\"joining_date\":\"2026-06-24T00:00:00+05:30\",\"department_id\":5,\"isactive\":true,\"students\":[{\"id\":6,\"name\":\"Rahula Kumar\",\"email\":\"raa@example.com\",\"gender\":\"Male\",\"faculty_id\":3,\"isactive\":true,\"fees\":[]},{\"id\":7,\"name\":\"Rahusla Kumar\",\"email\":\"radbshdsdiha@example.com\",\"gender\":\"Male\",\"faculty_id\":3,\"isactive\":true,\"fees\":[]},{\"id\":8,\"name\":\"Rarrhusla Kumar\",\"email\":\"rarrdbshdsdiha@example.com\",\"gender\":\"Male\",\"faculty_id\":3,\"isactive\":true,\"fees\":[]},{\"id\":9,\"name\":\"Rarrhuslddda Kumar\",\"email\":\"rarrdbshddsdiha@example.com\",\"gender\":\"Male\",\"faculty_id\":3,\"isactive\":true,\"fees\":[]}]}]}]},{\"id\":6,\"name\":\"Annasw\",\"institution_code\":\"SW018001\",\"state\":\"Tamil Nadu\",\"isactive\":true,\"departments\":[]}],\"limit\":5,\"page\":1,\"total_count\":15,\"total_pages\":3},\"message\":\"Institutes fetched successfully\",\"success\":true}"

**


**
Time      : 2026-07-27 11:41:27
Service   : Student
Method    : GET
Endpoint  : /students
Status    : 200

Request:
""

Response:
"{\"data\":{\"items\":[{\"id\":1,\"name\":\"Rahul Kumar\",\"email\":\"rahul@example.com\",\"gender\":\"Male\",\"faculty_id\":1,\"isactive\":true,\"fees\":[{\"id\":1,\"payment_mode\":\"Online\",\"amount\":50000,\"student_id\":1,\"isactive\":true}]},{\"id\":2,\"name\":\"Rahul Kumar Sharma\",\"email\":\"rahul.sharma@example.com\",\"gender\":\"male\",\"faculty_id\":2,\"isactive\":true,\"fees\":[{\"id\":2,\"payment_mode\":\"Online\",\"amount\":50000,\"student_id\":2,\"isactive\":true}]},{\"id\":3,\"name\":\"Rahul Kumar\",\"email\":\"rahula@example.com\",\"gender\":\"Male\",\"faculty_id\":1,\"isactive\":true,\"fees\":[]},{\"id\":4,\"name\":\"Rahul Kumar\",\"email\":\"raha@example.com\",\"gender\":\"Male\",\"faculty_id\":2,\"isactive\":true,\"fees\":[]},{\"id\":5,\"name\":\"Rahula Kumar\",\"email\":\"rahaaa@example.com\",\"gender\":\"Male\",\"faculty_id\":2,\"isactive\":true,\"fees\":[]}],\"limit\":5,\"page\":1,\"total_count\":9,\"total_pages\":2},\"message\":\"Students fetched successfully\",\"success\":true}"

**


**
Time      : 2026-07-27 11:41:27
Service   : Department
Method    : GET
Endpoint  : /departments
Status    : 200

Request:
""

Response:
"{\"data\":{\"items\":[{\"id\":1,\"department_name\":\"Manu\",\"institution_id\":2,\"isactive\":true,\"faculties\":[{\"id\":1,\"name\":\"Dr. Amit Anand\",\"gender\":\"Male\",\"joining_date\":\"2026-06-24T00:00:00+05:30\",\"department_id\":1,\"isactive\":true,\"students\":[{\"id\":1,\"name\":\"Rahul Kumar\",\"email\":\"rahul@example.com\",\"gender\":\"Male\",\"faculty_id\":1,\"isactive\":true,\"fees\":[{\"id\":1,\"payment_mode\":\"Online\",\"amount\":50000,\"student_id\":1,\"isactive\":true}]},{\"id\":3,\"name\":\"Rahul Kumar\",\"email\":\"rahula@example.com\",\"gender\":\"Male\",\"faculty_id\":1,\"isactive\":true,\"fees\":[]}]}]},{\"id\":2,\"department_name\":\"Manu\",\"institution_id\":3,\"isactive\":true,\"faculties\":[]},{\"id\":3,\"department_name\":\"Manu\",\"institution_id\":4,\"isactive\":true,\"faculties\":[{\"id\":2,\"name\":\"Dr. Amit Anand\",\"gender\":\"Male\",\"joining_date\":\"2026-06-24T00:00:00+05:30\",\"department_id\":3,\"isactive\":true,\"students\":[{\"id\":2,\"name\":\"Rahul Kumar Sharma\",\"email\":\"rahul.sharma@example.com\",\"gender\":\"male\",\"faculty_id\":2,\"isactive\":true,\"fees\":[{\"id\":2,\"payment_mode\":\"Online\",\"amount\":50000,\"student_id\":2,\"isactive\":true}]},{\"id\":4,\"name\":\"Rahul Kumar\",\"email\":\"raha@example.com\",\"gender\":\"Male\",\"faculty_id\":2,\"isactive\":true,\"fees\":[]},{\"id\":5,\"name\":\"Rahula Kumar\",\"email\":\"rahaaa@example.com\",\"gender\":\"Male\",\"faculty_id\":2,\"isactive\":true,\"fees\":[]}]}]},{\"id\":4,\"department_name\":\"Manu\",\"institution_id\":16,\"isactive\":true,\"faculties\":[]},{\"id\":5,\"department_name\":\"Manu\",\"institution_id\":5,\"isactive\":true,\"faculties\":[{\"id\":3,\"name\":\"Dr. Amit Anand\",\"gender\":\"Male\",\"joining_date\":\"2026-06-24T00:00:00+05:30\",\"department_id\":5,\"isactive\":true,\"students\":[{\"id\":6,\"name\":\"Rahula Kumar\",\"email\":\"raa@example.com\",\"gender\":\"Male\",\"faculty_id\":3,\"isactive\":true,\"fees\":[]},{\"id\":7,\"name\":\"Rahusla Kumar\",\"email\":\"radbshdsdiha@example.com\",\"gender\":\"Male\",\"faculty_id\":3,\"isactive\":true,\"fees\":[]},{\"id\":8,\"name\":\"Rarrhusla Kumar\",\"email\":\"rarrdbshdsdiha@example.com\",\"gender\":\"Male\",\"faculty_id\":3,\"isactive\":true,\"fees\":[]},{\"id\":9,\"name\":\"Rarrhuslddda Kumar\",\"email\":\"rarrdbshddsdiha@example.com\",\"gender\":\"Male\",\"faculty_id\":3,\"isactive\":true,\"fees\":[]}]}]}],\"limit\":5,\"page\":1,\"total_count\":5,\"total_pages\":1},\"message\":\"Departments fetched successfully\",\"success\":true}"

**


**
Time      : 2026-07-27 11:41:27
Service   : Fees
Method    : GET
Endpoint  : /fees
Status    : 200

Request:
""

Response:
"{\"data\":{\"items\":[{\"id\":1,\"payment_mode\":\"Online\",\"amount\":50000,\"student_id\":1,\"isactive\":true},{\"id\":2,\"payment_mode\":\"Online\",\"amount\":50000,\"student_id\":2,\"isactive\":true}],\"limit\":5,\"page\":1,\"total_count\":2,\"total_pages\":1},\"message\":\"Fees fetched successfully\",\"success\":true}"

**


**
Time      : 2026-07-27 11:41:27
Service   : Faculty
Method    : GET
Endpoint  : /faculties
Status    : 200

Request:
""

Response:
"{\"data\":{\"items\":[{\"id\":1,\"name\":\"Dr. Amit Anand\",\"gender\":\"Male\",\"joining_date\":\"2026-06-24T00:00:00+05:30\",\"department_id\":1,\"isactive\":true,\"students\":[{\"id\":1,\"name\":\"Rahul Kumar\",\"email\":\"rahul@example.com\",\"gender\":\"Male\",\"faculty_id\":1,\"isactive\":true,\"fees\":[{\"id\":1,\"payment_mode\":\"Online\",\"amount\":0,\"student_id\":1,\"isactive\":true}]},{\"id\":3,\"name\":\"Rahul Kumar\",\"email\":\"rahula@example.com\",\"gender\":\"Male\",\"faculty_id\":1,\"isactive\":true,\"fees\":[]}]},{\"id\":2,\"name\":\"Dr. Amit Anand\",\"gender\":\"Male\",\"joining_date\":\"2026-06-24T00:00:00+05:30\",\"department_id\":3,\"isactive\":true,\"students\":[{\"id\":2,\"name\":\"Rahul Kumar Sharma\",\"email\":\"rahul.sharma@example.com\",\"gender\":\"male\",\"faculty_id\":2,\"isactive\":true,\"fees\":[{\"id\":2,\"payment_mode\":\"Online\",\"amount\":0,\"student_id\":2,\"isactive\":true}]},{\"id\":4,\"name\":\"Rahul Kumar\",\"email\":\"raha@example.com\",\"gender\":\"Male\",\"faculty_id\":2,\"isactive\":true,\"fees\":[]},{\"id\":5,\"name\":\"Rahula Kumar\",\"email\":\"rahaaa@example.com\",\"gender\":\"Male\",\"faculty_id\":2,\"isactive\":true,\"fees\":[]}]},{\"id\":3,\"name\":\"Dr. Amit Anand\",\"gender\":\"Male\",\"joining_date\":\"2026-06-24T00:00:00+05:30\",\"department_id\":5,\"isactive\":true,\"students\":[{\"id\":6,\"name\":\"Rahula Kumar\",\"email\":\"raa@example.com\",\"gender\":\"Male\",\"faculty_id\":3,\"isactive\":true,\"fees\":[]},{\"id\":7,\"name\":\"Rahusla Kumar\",\"email\":\"radbshdsdiha@example.com\",\"gender\":\"Male\",\"faculty_id\":3,\"isactive\":true,\"fees\":[]},{\"id\":8,\"name\":\"Rarrhusla Kumar\",\"email\":\"rarrdbshdsdiha@example.com\",\"gender\":\"Male\",\"faculty_id\":3,\"isactive\":true,\"fees\":[]},{\"id\":9,\"name\":\"Rarrhuslddda Kumar\",\"email\":\"rarrdbshddsdiha@example.com\",\"gender\":\"Male\",\"faculty_id\":3,\"isactive\":true,\"fees\":[]}]}],\"limit\":5,\"page\":1,\"total_count\":3,\"total_pages\":1},\"message\":\"Faculties fetched successfully\",\"success\":true}"

**


**
Time      : 2026-07-27 12:03:04
Service   : Student
Method    : GET
Endpoint  : /students
Status    : 401

Request:
""

Response:
"{\"message\":\"Invalid or expired token\",\"success\":false}"

**


**
Time      : 2026-07-27 12:03:04
Service   : Department
Method    : GET
Endpoint  : /departments
Status    : 401

Request:
""

Response:
"{\"message\":\"Invalid or expired token\",\"success\":false}"

**


**
Time      : 2026-07-27 12:03:04
Service   : Institution
Method    : GET
Endpoint  : /institutes/
Status    : 401

Request:
""

Response:
"{\"message\":\"Invalid or expired token\",\"success\":false}"

**


**
Time      : 2026-07-27 12:03:04
Service   : Faculty
Method    : GET
Endpoint  : /faculties
Status    : 401

Request:
""

Response:
"{\"message\":\"Invalid or expired token\",\"success\":false}"

**


**
Time      : 2026-07-27 12:03:04
Service   : Fees
Method    : GET
Endpoint  : /fees
Status    : 401

Request:
""

Response:
"{\"message\":\"Invalid or expired token\",\"success\":false}"

**


**
Time      : 2026-07-27 12:03:14
Service   : Auth
Method    : POST
Endpoint  : /signin
Status    : 200

Request:
"[REDACTED/SENSITIVE]"

Response:
"{\"data\":{\"access_token\":\"eyJhbGciOiJIUzI1NiIsInR5cCI6IkpXVCJ9.eyJleHAiOjE3ODUxMzQ4OTQsImlhdCI6MTc4NTEzMzk5NCwic2Vzc2lvbl9pZCI6IjQ2MTJiNWQ1LTJlNTEtNDk5ZS04MGNmLWQwMzdkMTgzMzUyNSIsInVzZXJfaWQiOjk0fQ.4bVU04a-JDI9OZzzC-7OHo4ndxOr_nexV_jqpp5RzRo\",\"refresh_token\":\"eyJhbGciOiJIUzI1NiIsInR5cCI6IkpXVCJ9.eyJleHAiOjE3ODc3MjU5OTQsImlhdCI6MTc4NTEzMzk5NCwic2Vzc2lvbl9pZCI6IjQ2MTJiNWQ1LTJlNTEtNDk5ZS04MGNmLWQwMzdkMTgzMzUyNSIsInVzZXJfaWQiOjk0fQ.wdVGbAW6cRrFZdLm80Y-2B60xI9YBxXF3P5_MGFYCi4\",\"user_id\":94,\"session_id\":\"4612b5d5-2e51-499e-80cf-d037d1833525\"},\"message\":\"Signed in successfully\",\"success\":true}"

**


**
Time      : 2026-07-27 12:03:14
Service   : Institution
Method    : GET
Endpoint  : /institutes/
Status    : 200

Request:
""

Response:
"{\"data\":{\"items\":[{\"id\":1,\"name\":\"Anna\",\"institution_code\":\"sw51001\",\"state\":\"Tamil Nadu\",\"isactive\":true,\"departments\":[]},{\"id\":3,\"name\":\"Anna\",\"institution_code\":\"sw51001\",\"state\":\"Tamil Nadu\",\"isactive\":true,\"departments\":[{\"id\":2,\"department_name\":\"Manu\",\"institution_id\":3,\"isactive\":true,\"faculties\":[]}]},{\"id\":4,\"name\":\"Anna University Main Campus\",\"institution_code\":\"AU1001-M\",\"state\":\"Tamil Nadu\",\"isactive\":true,\"departments\":[{\"id\":3,\"department_name\":\"Manu\",\"institution_id\":4,\"isactive\":true,\"faculties\":[{\"id\":2,\"name\":\"Dr. Amit Anand\",\"gender\":\"Male\",\"joining_date\":\"2026-06-24T00:00:00+05:30\",\"department_id\":3,\"isactive\":true,\"students\":[{\"id\":2,\"name\":\"Rahul Kumar Sharma\",\"email\":\"rahul.sharma@example.com\",\"gender\":\"male\",\"faculty_id\":2,\"isactive\":true,\"fees\":[{\"id\":2,\"payment_mode\":\"Online\",\"amount\":50000,\"student_id\":2,\"isactive\":true}]},{\"id\":4,\"name\":\"Rahul Kumar\",\"email\":\"raha@example.com\",\"gender\":\"Male\",\"faculty_id\":2,\"isactive\":true,\"fees\":[]},{\"id\":5,\"name\":\"Rahula Kumar\",\"email\":\"rahaaa@example.com\",\"gender\":\"Male\",\"faculty_id\":2,\"isactive\":true,\"fees\":[]}]}]}]},{\"id\":5,\"name\":\"Annas\",\"institution_code\":\"SW01001\",\"state\":\"Tamil Nadu\",\"isactive\":true,\"departments\":[{\"id\":5,\"department_name\":\"Manu\",\"institution_id\":5,\"isactive\":true,\"faculties\":[{\"id\":3,\"name\":\"Dr. Amit Anand\",\"gender\":\"Male\",\"joining_date\":\"2026-06-24T00:00:00+05:30\",\"department_id\":5,\"isactive\":true,\"students\":[{\"id\":6,\"name\":\"Rahula Kumar\",\"email\":\"raa@example.com\",\"gender\":\"Male\",\"faculty_id\":3,\"isactive\":true,\"fees\":[]},{\"id\":7,\"name\":\"Rahusla Kumar\",\"email\":\"radbshdsdiha@example.com\",\"gender\":\"Male\",\"faculty_id\":3,\"isactive\":true,\"fees\":[]},{\"id\":8,\"name\":\"Rarrhusla Kumar\",\"email\":\"rarrdbshdsdiha@example.com\",\"gender\":\"Male\",\"faculty_id\":3,\"isactive\":true,\"fees\":[]},{\"id\":9,\"name\":\"Rarrhuslddda Kumar\",\"email\":\"rarrdbshddsdiha@example.com\",\"gender\":\"Male\",\"faculty_id\":3,\"isactive\":true,\"fees\":[]}]}]}]},{\"id\":6,\"name\":\"Annasw\",\"institution_code\":\"SW018001\",\"state\":\"Tamil Nadu\",\"isactive\":true,\"departments\":[]}],\"limit\":5,\"page\":1,\"total_count\":15,\"total_pages\":3},\"message\":\"Institutes fetched successfully\",\"success\":true}"

**


**
Time      : 2026-07-27 12:03:14
Service   : Fees
Method    : GET
Endpoint  : /fees
Status    : 200

Request:
""

Response:
"{\"data\":{\"items\":[{\"id\":1,\"payment_mode\":\"Online\",\"amount\":50000,\"student_id\":1,\"isactive\":true},{\"id\":2,\"payment_mode\":\"Online\",\"amount\":50000,\"student_id\":2,\"isactive\":true}],\"limit\":5,\"page\":1,\"total_count\":2,\"total_pages\":1},\"message\":\"Fees fetched successfully\",\"success\":true}"

**


**
Time      : 2026-07-27 12:03:14
Service   : Department
Method    : GET
Endpoint  : /departments
Status    : 200

Request:
""

Response:
"{\"data\":{\"items\":[{\"id\":1,\"department_name\":\"Manu\",\"institution_id\":2,\"isactive\":true,\"faculties\":[{\"id\":1,\"name\":\"Dr. Amit Anand\",\"gender\":\"Male\",\"joining_date\":\"2026-06-24T00:00:00+05:30\",\"department_id\":1,\"isactive\":true,\"students\":[{\"id\":1,\"name\":\"Rahul Kumar\",\"email\":\"rahul@example.com\",\"gender\":\"Male\",\"faculty_id\":1,\"isactive\":true,\"fees\":[{\"id\":1,\"payment_mode\":\"Online\",\"amount\":50000,\"student_id\":1,\"isactive\":true}]},{\"id\":3,\"name\":\"Rahul Kumar\",\"email\":\"rahula@example.com\",\"gender\":\"Male\",\"faculty_id\":1,\"isactive\":true,\"fees\":[]}]}]},{\"id\":2,\"department_name\":\"Manu\",\"institution_id\":3,\"isactive\":true,\"faculties\":[]},{\"id\":3,\"department_name\":\"Manu\",\"institution_id\":4,\"isactive\":true,\"faculties\":[{\"id\":2,\"name\":\"Dr. Amit Anand\",\"gender\":\"Male\",\"joining_date\":\"2026-06-24T00:00:00+05:30\",\"department_id\":3,\"isactive\":true,\"students\":[{\"id\":2,\"name\":\"Rahul Kumar Sharma\",\"email\":\"rahul.sharma@example.com\",\"gender\":\"male\",\"faculty_id\":2,\"isactive\":true,\"fees\":[{\"id\":2,\"payment_mode\":\"Online\",\"amount\":50000,\"student_id\":2,\"isactive\":true}]},{\"id\":4,\"name\":\"Rahul Kumar\",\"email\":\"raha@example.com\",\"gender\":\"Male\",\"faculty_id\":2,\"isactive\":true,\"fees\":[]},{\"id\":5,\"name\":\"Rahula Kumar\",\"email\":\"rahaaa@example.com\",\"gender\":\"Male\",\"faculty_id\":2,\"isactive\":true,\"fees\":[]}]}]},{\"id\":4,\"department_name\":\"Manu\",\"institution_id\":16,\"isactive\":true,\"faculties\":[]},{\"id\":5,\"department_name\":\"Manu\",\"institution_id\":5,\"isactive\":true,\"faculties\":[{\"id\":3,\"name\":\"Dr. Amit Anand\",\"gender\":\"Male\",\"joining_date\":\"2026-06-24T00:00:00+05:30\",\"department_id\":5,\"isactive\":true,\"students\":[{\"id\":6,\"name\":\"Rahula Kumar\",\"email\":\"raa@example.com\",\"gender\":\"Male\",\"faculty_id\":3,\"isactive\":true,\"fees\":[]},{\"id\":7,\"name\":\"Rahusla Kumar\",\"email\":\"radbshdsdiha@example.com\",\"gender\":\"Male\",\"faculty_id\":3,\"isactive\":true,\"fees\":[]},{\"id\":8,\"name\":\"Rarrhusla Kumar\",\"email\":\"rarrdbshdsdiha@example.com\",\"gender\":\"Male\",\"faculty_id\":3,\"isactive\":true,\"fees\":[]},{\"id\":9,\"name\":\"Rarrhuslddda Kumar\",\"email\":\"rarrdbshddsdiha@example.com\",\"gender\":\"Male\",\"faculty_id\":3,\"isactive\":true,\"fees\":[]}]}]}],\"limit\":5,\"page\":1,\"total_count\":5,\"total_pages\":1},\"message\":\"Departments fetched successfully\",\"success\":true}"

**


**
Time      : 2026-07-27 12:03:14
Service   : Student
Method    : GET
Endpoint  : /students
Status    : 200

Request:
""

Response:
"{\"data\":{\"items\":[{\"id\":1,\"name\":\"Rahul Kumar\",\"email\":\"rahul@example.com\",\"gender\":\"Male\",\"faculty_id\":1,\"isactive\":true,\"fees\":[{\"id\":1,\"payment_mode\":\"Online\",\"amount\":50000,\"student_id\":1,\"isactive\":true}]},{\"id\":2,\"name\":\"Rahul Kumar Sharma\",\"email\":\"rahul.sharma@example.com\",\"gender\":\"male\",\"faculty_id\":2,\"isactive\":true,\"fees\":[{\"id\":2,\"payment_mode\":\"Online\",\"amount\":50000,\"student_id\":2,\"isactive\":true}]},{\"id\":3,\"name\":\"Rahul Kumar\",\"email\":\"rahula@example.com\",\"gender\":\"Male\",\"faculty_id\":1,\"isactive\":true,\"fees\":[]},{\"id\":4,\"name\":\"Rahul Kumar\",\"email\":\"raha@example.com\",\"gender\":\"Male\",\"faculty_id\":2,\"isactive\":true,\"fees\":[]},{\"id\":5,\"name\":\"Rahula Kumar\",\"email\":\"rahaaa@example.com\",\"gender\":\"Male\",\"faculty_id\":2,\"isactive\":true,\"fees\":[]}],\"limit\":5,\"page\":1,\"total_count\":9,\"total_pages\":2},\"message\":\"Students fetched successfully\",\"success\":true}"

**


**
Time      : 2026-07-27 12:03:14
Service   : Faculty
Method    : GET
Endpoint  : /faculties
Status    : 200

Request:
""

Response:
"{\"data\":{\"items\":[{\"id\":1,\"name\":\"Dr. Amit Anand\",\"gender\":\"Male\",\"joining_date\":\"2026-06-24T00:00:00+05:30\",\"department_id\":1,\"isactive\":true,\"students\":[{\"id\":1,\"name\":\"Rahul Kumar\",\"email\":\"rahul@example.com\",\"gender\":\"Male\",\"faculty_id\":1,\"isactive\":true,\"fees\":[{\"id\":1,\"payment_mode\":\"Online\",\"amount\":0,\"student_id\":1,\"isactive\":true}]},{\"id\":3,\"name\":\"Rahul Kumar\",\"email\":\"rahula@example.com\",\"gender\":\"Male\",\"faculty_id\":1,\"isactive\":true,\"fees\":[]}]},{\"id\":2,\"name\":\"Dr. Amit Anand\",\"gender\":\"Male\",\"joining_date\":\"2026-06-24T00:00:00+05:30\",\"department_id\":3,\"isactive\":true,\"students\":[{\"id\":2,\"name\":\"Rahul Kumar Sharma\",\"email\":\"rahul.sharma@example.com\",\"gender\":\"male\",\"faculty_id\":2,\"isactive\":true,\"fees\":[{\"id\":2,\"payment_mode\":\"Online\",\"amount\":0,\"student_id\":2,\"isactive\":true}]},{\"id\":4,\"name\":\"Rahul Kumar\",\"email\":\"raha@example.com\",\"gender\":\"Male\",\"faculty_id\":2,\"isactive\":true,\"fees\":[]},{\"id\":5,\"name\":\"Rahula Kumar\",\"email\":\"rahaaa@example.com\",\"gender\":\"Male\",\"faculty_id\":2,\"isactive\":true,\"fees\":[]}]},{\"id\":3,\"name\":\"Dr. Amit Anand\",\"gender\":\"Male\",\"joining_date\":\"2026-06-24T00:00:00+05:30\",\"department_id\":5,\"isactive\":true,\"students\":[{\"id\":6,\"name\":\"Rahula Kumar\",\"email\":\"raa@example.com\",\"gender\":\"Male\",\"faculty_id\":3,\"isactive\":true,\"fees\":[]},{\"id\":7,\"name\":\"Rahusla Kumar\",\"email\":\"radbshdsdiha@example.com\",\"gender\":\"Male\",\"faculty_id\":3,\"isactive\":true,\"fees\":[]},{\"id\":8,\"name\":\"Rarrhusla Kumar\",\"email\":\"rarrdbshdsdiha@example.com\",\"gender\":\"Male\",\"faculty_id\":3,\"isactive\":true,\"fees\":[]},{\"id\":9,\"name\":\"Rarrhuslddda Kumar\",\"email\":\"rarrdbshddsdiha@example.com\",\"gender\":\"Male\",\"faculty_id\":3,\"isactive\":true,\"fees\":[]}]}],\"limit\":5,\"page\":1,\"total_count\":3,\"total_pages\":1},\"message\":\"Faculties fetched successfully\",\"success\":true}"

**


**
Time      : 2026-07-27 12:06:56
Service   : Institution
Method    : GET
Endpoint  : /institutes/
Status    : 200

Request:
""

Response:
"{\"data\":{\"items\":[{\"id\":1,\"name\":\"Anna\",\"institution_code\":\"sw51001\",\"state\":\"Tamil Nadu\",\"isactive\":true,\"departments\":[]},{\"id\":3,\"name\":\"Anna\",\"institution_code\":\"sw51001\",\"state\":\"Tamil Nadu\",\"isactive\":true,\"departments\":[{\"id\":2,\"department_name\":\"Manu\",\"institution_id\":3,\"isactive\":true,\"faculties\":[]}]},{\"id\":4,\"name\":\"Anna University Main Campus\",\"institution_code\":\"AU1001-M\",\"state\":\"Tamil Nadu\",\"isactive\":true,\"departments\":[{\"id\":3,\"department_name\":\"Manu\",\"institution_id\":4,\"isactive\":true,\"faculties\":[{\"id\":2,\"name\":\"Dr. Amit Anand\",\"gender\":\"Male\",\"joining_date\":\"2026-06-24T00:00:00+05:30\",\"department_id\":3,\"isactive\":true,\"students\":[{\"id\":2,\"name\":\"Rahul Kumar Sharma\",\"email\":\"rahul.sharma@example.com\",\"gender\":\"male\",\"faculty_id\":2,\"isactive\":true,\"fees\":[{\"id\":2,\"payment_mode\":\"Online\",\"amount\":50000,\"student_id\":2,\"isactive\":true}]},{\"id\":4,\"name\":\"Rahul Kumar\",\"email\":\"raha@example.com\",\"gender\":\"Male\",\"faculty_id\":2,\"isactive\":true,\"fees\":[]},{\"id\":5,\"name\":\"Rahula Kumar\",\"email\":\"rahaaa@example.com\",\"gender\":\"Male\",\"faculty_id\":2,\"isactive\":true,\"fees\":[]}]}]}]},{\"id\":5,\"name\":\"Annas\",\"institution_code\":\"SW01001\",\"state\":\"Tamil Nadu\",\"isactive\":true,\"departments\":[{\"id\":5,\"department_name\":\"Manu\",\"institution_id\":5,\"isactive\":true,\"faculties\":[{\"id\":3,\"name\":\"Dr. Amit Anand\",\"gender\":\"Male\",\"joining_date\":\"2026-06-24T00:00:00+05:30\",\"department_id\":5,\"isactive\":true,\"students\":[{\"id\":6,\"name\":\"Rahula Kumar\",\"email\":\"raa@example.com\",\"gender\":\"Male\",\"faculty_id\":3,\"isactive\":true,\"fees\":[]},{\"id\":7,\"name\":\"Rahusla Kumar\",\"email\":\"radbshdsdiha@example.com\",\"gender\":\"Male\",\"faculty_id\":3,\"isactive\":true,\"fees\":[]},{\"id\":8,\"name\":\"Rarrhusla Kumar\",\"email\":\"rarrdbshdsdiha@example.com\",\"gender\":\"Male\",\"faculty_id\":3,\"isactive\":true,\"fees\":[]},{\"id\":9,\"name\":\"Rarrhuslddda Kumar\",\"email\":\"rarrdbshddsdiha@example.com\",\"gender\":\"Male\",\"faculty_id\":3,\"isactive\":true,\"fees\":[]}]}]}]},{\"id\":6,\"name\":\"Annasw\",\"institution_code\":\"SW018001\",\"state\":\"Tamil Nadu\",\"isactive\":true,\"departments\":[]}],\"limit\":5,\"page\":1,\"total_count\":15,\"total_pages\":3},\"message\":\"Institutes fetched successfully\",\"success\":true}"

**


**
Time      : 2026-07-27 12:06:56
Service   : Department
Method    : GET
Endpoint  : /departments
Status    : 200

Request:
""

Response:
"{\"data\":{\"items\":[{\"id\":1,\"department_name\":\"Manu\",\"institution_id\":2,\"isactive\":true,\"faculties\":[{\"id\":1,\"name\":\"Dr. Amit Anand\",\"gender\":\"Male\",\"joining_date\":\"2026-06-24T00:00:00+05:30\",\"department_id\":1,\"isactive\":true,\"students\":[{\"id\":1,\"name\":\"Rahul Kumar\",\"email\":\"rahul@example.com\",\"gender\":\"Male\",\"faculty_id\":1,\"isactive\":true,\"fees\":[{\"id\":1,\"payment_mode\":\"Online\",\"amount\":50000,\"student_id\":1,\"isactive\":true}]},{\"id\":3,\"name\":\"Rahul Kumar\",\"email\":\"rahula@example.com\",\"gender\":\"Male\",\"faculty_id\":1,\"isactive\":true,\"fees\":[]}]}]},{\"id\":2,\"department_name\":\"Manu\",\"institution_id\":3,\"isactive\":true,\"faculties\":[]},{\"id\":3,\"department_name\":\"Manu\",\"institution_id\":4,\"isactive\":true,\"faculties\":[{\"id\":2,\"name\":\"Dr. Amit Anand\",\"gender\":\"Male\",\"joining_date\":\"2026-06-24T00:00:00+05:30\",\"department_id\":3,\"isactive\":true,\"students\":[{\"id\":2,\"name\":\"Rahul Kumar Sharma\",\"email\":\"rahul.sharma@example.com\",\"gender\":\"male\",\"faculty_id\":2,\"isactive\":true,\"fees\":[{\"id\":2,\"payment_mode\":\"Online\",\"amount\":50000,\"student_id\":2,\"isactive\":true}]},{\"id\":4,\"name\":\"Rahul Kumar\",\"email\":\"raha@example.com\",\"gender\":\"Male\",\"faculty_id\":2,\"isactive\":true,\"fees\":[]},{\"id\":5,\"name\":\"Rahula Kumar\",\"email\":\"rahaaa@example.com\",\"gender\":\"Male\",\"faculty_id\":2,\"isactive\":true,\"fees\":[]}]}]},{\"id\":4,\"department_name\":\"Manu\",\"institution_id\":16,\"isactive\":true,\"faculties\":[]},{\"id\":5,\"department_name\":\"Manu\",\"institution_id\":5,\"isactive\":true,\"faculties\":[{\"id\":3,\"name\":\"Dr. Amit Anand\",\"gender\":\"Male\",\"joining_date\":\"2026-06-24T00:00:00+05:30\",\"department_id\":5,\"isactive\":true,\"students\":[{\"id\":6,\"name\":\"Rahula Kumar\",\"email\":\"raa@example.com\",\"gender\":\"Male\",\"faculty_id\":3,\"isactive\":true,\"fees\":[]},{\"id\":7,\"name\":\"Rahusla Kumar\",\"email\":\"radbshdsdiha@example.com\",\"gender\":\"Male\",\"faculty_id\":3,\"isactive\":true,\"fees\":[]},{\"id\":8,\"name\":\"Rarrhusla Kumar\",\"email\":\"rarrdbshdsdiha@example.com\",\"gender\":\"Male\",\"faculty_id\":3,\"isactive\":true,\"fees\":[]},{\"id\":9,\"name\":\"Rarrhuslddda Kumar\",\"email\":\"rarrdbshddsdiha@example.com\",\"gender\":\"Male\",\"faculty_id\":3,\"isactive\":true,\"fees\":[]}]}]}],\"limit\":5,\"page\":1,\"total_count\":5,\"total_pages\":1},\"message\":\"Departments fetched successfully\",\"success\":true}"

**


**
Time      : 2026-07-27 12:06:56
Service   : Faculty
Method    : GET
Endpoint  : /faculties
Status    : 200

Request:
""

Response:
"{\"data\":{\"items\":[{\"id\":1,\"name\":\"Dr. Amit Anand\",\"gender\":\"Male\",\"joining_date\":\"2026-06-24T00:00:00+05:30\",\"department_id\":1,\"isactive\":true,\"students\":[{\"id\":1,\"name\":\"Rahul Kumar\",\"email\":\"rahul@example.com\",\"gender\":\"Male\",\"faculty_id\":1,\"isactive\":true,\"fees\":[{\"id\":1,\"payment_mode\":\"Online\",\"amount\":0,\"student_id\":1,\"isactive\":true}]},{\"id\":3,\"name\":\"Rahul Kumar\",\"email\":\"rahula@example.com\",\"gender\":\"Male\",\"faculty_id\":1,\"isactive\":true,\"fees\":[]}]},{\"id\":2,\"name\":\"Dr. Amit Anand\",\"gender\":\"Male\",\"joining_date\":\"2026-06-24T00:00:00+05:30\",\"department_id\":3,\"isactive\":true,\"students\":[{\"id\":2,\"name\":\"Rahul Kumar Sharma\",\"email\":\"rahul.sharma@example.com\",\"gender\":\"male\",\"faculty_id\":2,\"isactive\":true,\"fees\":[{\"id\":2,\"payment_mode\":\"Online\",\"amount\":0,\"student_id\":2,\"isactive\":true}]},{\"id\":4,\"name\":\"Rahul Kumar\",\"email\":\"raha@example.com\",\"gender\":\"Male\",\"faculty_id\":2,\"isactive\":true,\"fees\":[]},{\"id\":5,\"name\":\"Rahula Kumar\",\"email\":\"rahaaa@example.com\",\"gender\":\"Male\",\"faculty_id\":2,\"isactive\":true,\"fees\":[]}]},{\"id\":3,\"name\":\"Dr. Amit Anand\",\"gender\":\"Male\",\"joining_date\":\"2026-06-24T00:00:00+05:30\",\"department_id\":5,\"isactive\":true,\"students\":[{\"id\":6,\"name\":\"Rahula Kumar\",\"email\":\"raa@example.com\",\"gender\":\"Male\",\"faculty_id\":3,\"isactive\":true,\"fees\":[]},{\"id\":7,\"name\":\"Rahusla Kumar\",\"email\":\"radbshdsdiha@example.com\",\"gender\":\"Male\",\"faculty_id\":3,\"isactive\":true,\"fees\":[]},{\"id\":8,\"name\":\"Rarrhusla Kumar\",\"email\":\"rarrdbshdsdiha@example.com\",\"gender\":\"Male\",\"faculty_id\":3,\"isactive\":true,\"fees\":[]},{\"id\":9,\"name\":\"Rarrhuslddda Kumar\",\"email\":\"rarrdbshddsdiha@example.com\",\"gender\":\"Male\",\"faculty_id\":3,\"isactive\":true,\"fees\":[]}]}],\"limit\":5,\"page\":1,\"total_count\":3,\"total_pages\":1},\"message\":\"Faculties fetched successfully\",\"success\":true}"

**


**
Time      : 2026-07-27 12:06:56
Service   : Fees
Method    : GET
Endpoint  : /fees
Status    : 200

Request:
""

Response:
"{\"data\":{\"items\":[{\"id\":1,\"payment_mode\":\"Online\",\"amount\":50000,\"student_id\":1,\"isactive\":true},{\"id\":2,\"payment_mode\":\"Online\",\"amount\":50000,\"student_id\":2,\"isactive\":true}],\"limit\":5,\"page\":1,\"total_count\":2,\"total_pages\":1},\"message\":\"Fees fetched successfully\",\"success\":true}"

**


**
Time      : 2026-07-27 12:06:56
Service   : Student
Method    : GET
Endpoint  : /students
Status    : 200

Request:
""

Response:
"{\"data\":{\"items\":[{\"id\":1,\"name\":\"Rahul Kumar\",\"email\":\"rahul@example.com\",\"gender\":\"Male\",\"faculty_id\":1,\"isactive\":true,\"fees\":[{\"id\":1,\"payment_mode\":\"Online\",\"amount\":50000,\"student_id\":1,\"isactive\":true}]},{\"id\":2,\"name\":\"Rahul Kumar Sharma\",\"email\":\"rahul.sharma@example.com\",\"gender\":\"male\",\"faculty_id\":2,\"isactive\":true,\"fees\":[{\"id\":2,\"payment_mode\":\"Online\",\"amount\":50000,\"student_id\":2,\"isactive\":true}]},{\"id\":3,\"name\":\"Rahul Kumar\",\"email\":\"rahula@example.com\",\"gender\":\"Male\",\"faculty_id\":1,\"isactive\":true,\"fees\":[]},{\"id\":4,\"name\":\"Rahul Kumar\",\"email\":\"raha@example.com\",\"gender\":\"Male\",\"faculty_id\":2,\"isactive\":true,\"fees\":[]},{\"id\":5,\"name\":\"Rahula Kumar\",\"email\":\"rahaaa@example.com\",\"gender\":\"Male\",\"faculty_id\":2,\"isactive\":true,\"fees\":[]}],\"limit\":5,\"page\":1,\"total_count\":9,\"total_pages\":2},\"message\":\"Students fetched successfully\",\"success\":true}"

**


**
Time      : 2026-07-27 12:07:14
Service   : Institution
Method    : GET
Endpoint  : /institutes/
Status    : 200

Request:
""

Response:
"{\"data\":{\"items\":[{\"id\":1,\"name\":\"Anna\",\"institution_code\":\"sw51001\",\"state\":\"Tamil Nadu\",\"isactive\":true,\"departments\":[]},{\"id\":3,\"name\":\"Anna\",\"institution_code\":\"sw51001\",\"state\":\"Tamil Nadu\",\"isactive\":true,\"departments\":[{\"id\":2,\"department_name\":\"Manu\",\"institution_id\":3,\"isactive\":true,\"faculties\":[]}]},{\"id\":4,\"name\":\"Anna University Main Campus\",\"institution_code\":\"AU1001-M\",\"state\":\"Tamil Nadu\",\"isactive\":true,\"departments\":[{\"id\":3,\"department_name\":\"Manu\",\"institution_id\":4,\"isactive\":true,\"faculties\":[{\"id\":2,\"name\":\"Dr. Amit Anand\",\"gender\":\"Male\",\"joining_date\":\"2026-06-24T00:00:00+05:30\",\"department_id\":3,\"isactive\":true,\"students\":[{\"id\":2,\"name\":\"Rahul Kumar Sharma\",\"email\":\"rahul.sharma@example.com\",\"gender\":\"male\",\"faculty_id\":2,\"isactive\":true,\"fees\":[{\"id\":2,\"payment_mode\":\"Online\",\"amount\":50000,\"student_id\":2,\"isactive\":true}]},{\"id\":4,\"name\":\"Rahul Kumar\",\"email\":\"raha@example.com\",\"gender\":\"Male\",\"faculty_id\":2,\"isactive\":true,\"fees\":[]},{\"id\":5,\"name\":\"Rahula Kumar\",\"email\":\"rahaaa@example.com\",\"gender\":\"Male\",\"faculty_id\":2,\"isactive\":true,\"fees\":[]}]}]}]},{\"id\":5,\"name\":\"Annas\",\"institution_code\":\"SW01001\",\"state\":\"Tamil Nadu\",\"isactive\":true,\"departments\":[{\"id\":5,\"department_name\":\"Manu\",\"institution_id\":5,\"isactive\":true,\"faculties\":[{\"id\":3,\"name\":\"Dr. Amit Anand\",\"gender\":\"Male\",\"joining_date\":\"2026-06-24T00:00:00+05:30\",\"department_id\":5,\"isactive\":true,\"students\":[{\"id\":6,\"name\":\"Rahula Kumar\",\"email\":\"raa@example.com\",\"gender\":\"Male\",\"faculty_id\":3,\"isactive\":true,\"fees\":[]},{\"id\":7,\"name\":\"Rahusla Kumar\",\"email\":\"radbshdsdiha@example.com\",\"gender\":\"Male\",\"faculty_id\":3,\"isactive\":true,\"fees\":[]},{\"id\":8,\"name\":\"Rarrhusla Kumar\",\"email\":\"rarrdbshdsdiha@example.com\",\"gender\":\"Male\",\"faculty_id\":3,\"isactive\":true,\"fees\":[]},{\"id\":9,\"name\":\"Rarrhuslddda Kumar\",\"email\":\"rarrdbshddsdiha@example.com\",\"gender\":\"Male\",\"faculty_id\":3,\"isactive\":true,\"fees\":[]}]}]}]},{\"id\":6,\"name\":\"Annasw\",\"institution_code\":\"SW018001\",\"state\":\"Tamil Nadu\",\"isactive\":true,\"departments\":[]}],\"limit\":5,\"page\":1,\"total_count\":15,\"total_pages\":3},\"message\":\"Institutes fetched successfully\",\"success\":true}"

**


**
Time      : 2026-07-27 12:07:15
Service   : Department
Method    : GET
Endpoint  : /departments
Status    : 200

Request:
""

Response:
"{\"data\":{\"items\":[{\"id\":1,\"department_name\":\"Manu\",\"institution_id\":2,\"isactive\":true,\"faculties\":[{\"id\":1,\"name\":\"Dr. Amit Anand\",\"gender\":\"Male\",\"joining_date\":\"2026-06-24T00:00:00+05:30\",\"department_id\":1,\"isactive\":true,\"students\":[{\"id\":1,\"name\":\"Rahul Kumar\",\"email\":\"rahul@example.com\",\"gender\":\"Male\",\"faculty_id\":1,\"isactive\":true,\"fees\":[{\"id\":1,\"payment_mode\":\"Online\",\"amount\":50000,\"student_id\":1,\"isactive\":true}]},{\"id\":3,\"name\":\"Rahul Kumar\",\"email\":\"rahula@example.com\",\"gender\":\"Male\",\"faculty_id\":1,\"isactive\":true,\"fees\":[]}]}]},{\"id\":2,\"department_name\":\"Manu\",\"institution_id\":3,\"isactive\":true,\"faculties\":[]},{\"id\":3,\"department_name\":\"Manu\",\"institution_id\":4,\"isactive\":true,\"faculties\":[{\"id\":2,\"name\":\"Dr. Amit Anand\",\"gender\":\"Male\",\"joining_date\":\"2026-06-24T00:00:00+05:30\",\"department_id\":3,\"isactive\":true,\"students\":[{\"id\":2,\"name\":\"Rahul Kumar Sharma\",\"email\":\"rahul.sharma@example.com\",\"gender\":\"male\",\"faculty_id\":2,\"isactive\":true,\"fees\":[{\"id\":2,\"payment_mode\":\"Online\",\"amount\":50000,\"student_id\":2,\"isactive\":true}]},{\"id\":4,\"name\":\"Rahul Kumar\",\"email\":\"raha@example.com\",\"gender\":\"Male\",\"faculty_id\":2,\"isactive\":true,\"fees\":[]},{\"id\":5,\"name\":\"Rahula Kumar\",\"email\":\"rahaaa@example.com\",\"gender\":\"Male\",\"faculty_id\":2,\"isactive\":true,\"fees\":[]}]}]},{\"id\":4,\"department_name\":\"Manu\",\"institution_id\":16,\"isactive\":true,\"faculties\":[]},{\"id\":5,\"department_name\":\"Manu\",\"institution_id\":5,\"isactive\":true,\"faculties\":[{\"id\":3,\"name\":\"Dr. Amit Anand\",\"gender\":\"Male\",\"joining_date\":\"2026-06-24T00:00:00+05:30\",\"department_id\":5,\"isactive\":true,\"students\":[{\"id\":6,\"name\":\"Rahula Kumar\",\"email\":\"raa@example.com\",\"gender\":\"Male\",\"faculty_id\":3,\"isactive\":true,\"fees\":[]},{\"id\":7,\"name\":\"Rahusla Kumar\",\"email\":\"radbshdsdiha@example.com\",\"gender\":\"Male\",\"faculty_id\":3,\"isactive\":true,\"fees\":[]},{\"id\":8,\"name\":\"Rarrhusla Kumar\",\"email\":\"rarrdbshdsdiha@example.com\",\"gender\":\"Male\",\"faculty_id\":3,\"isactive\":true,\"fees\":[]},{\"id\":9,\"name\":\"Rarrhuslddda Kumar\",\"email\":\"rarrdbshddsdiha@example.com\",\"gender\":\"Male\",\"faculty_id\":3,\"isactive\":true,\"fees\":[]}]}]}],\"limit\":5,\"page\":1,\"total_count\":5,\"total_pages\":1},\"message\":\"Departments fetched successfully\",\"success\":true}"

**


**
Time      : 2026-07-27 12:07:15
Service   : Student
Method    : GET
Endpoint  : /students
Status    : 200

Request:
""

Response:
"{\"data\":{\"items\":[{\"id\":1,\"name\":\"Rahul Kumar\",\"email\":\"rahul@example.com\",\"gender\":\"Male\",\"faculty_id\":1,\"isactive\":true,\"fees\":[{\"id\":1,\"payment_mode\":\"Online\",\"amount\":50000,\"student_id\":1,\"isactive\":true}]},{\"id\":2,\"name\":\"Rahul Kumar Sharma\",\"email\":\"rahul.sharma@example.com\",\"gender\":\"male\",\"faculty_id\":2,\"isactive\":true,\"fees\":[{\"id\":2,\"payment_mode\":\"Online\",\"amount\":50000,\"student_id\":2,\"isactive\":true}]},{\"id\":3,\"name\":\"Rahul Kumar\",\"email\":\"rahula@example.com\",\"gender\":\"Male\",\"faculty_id\":1,\"isactive\":true,\"fees\":[]},{\"id\":4,\"name\":\"Rahul Kumar\",\"email\":\"raha@example.com\",\"gender\":\"Male\",\"faculty_id\":2,\"isactive\":true,\"fees\":[]},{\"id\":5,\"name\":\"Rahula Kumar\",\"email\":\"rahaaa@example.com\",\"gender\":\"Male\",\"faculty_id\":2,\"isactive\":true,\"fees\":[]}],\"limit\":5,\"page\":1,\"total_count\":9,\"total_pages\":2},\"message\":\"Students fetched successfully\",\"success\":true}"

**


**
Time      : 2026-07-27 12:07:15
Service   : Fees
Method    : GET
Endpoint  : /fees
Status    : 200

Request:
""

Response:
"{\"data\":{\"items\":[{\"id\":1,\"payment_mode\":\"Online\",\"amount\":50000,\"student_id\":1,\"isactive\":true},{\"id\":2,\"payment_mode\":\"Online\",\"amount\":50000,\"student_id\":2,\"isactive\":true}],\"limit\":5,\"page\":1,\"total_count\":2,\"total_pages\":1},\"message\":\"Fees fetched successfully\",\"success\":true}"

**


**
Time      : 2026-07-27 12:07:15
Service   : Faculty
Method    : GET
Endpoint  : /faculties
Status    : 200

Request:
""

Response:
"{\"data\":{\"items\":[{\"id\":1,\"name\":\"Dr. Amit Anand\",\"gender\":\"Male\",\"joining_date\":\"2026-06-24T00:00:00+05:30\",\"department_id\":1,\"isactive\":true,\"students\":[{\"id\":1,\"name\":\"Rahul Kumar\",\"email\":\"rahul@example.com\",\"gender\":\"Male\",\"faculty_id\":1,\"isactive\":true,\"fees\":[{\"id\":1,\"payment_mode\":\"Online\",\"amount\":0,\"student_id\":1,\"isactive\":true}]},{\"id\":3,\"name\":\"Rahul Kumar\",\"email\":\"rahula@example.com\",\"gender\":\"Male\",\"faculty_id\":1,\"isactive\":true,\"fees\":[]}]},{\"id\":2,\"name\":\"Dr. Amit Anand\",\"gender\":\"Male\",\"joining_date\":\"2026-06-24T00:00:00+05:30\",\"department_id\":3,\"isactive\":true,\"students\":[{\"id\":2,\"name\":\"Rahul Kumar Sharma\",\"email\":\"rahul.sharma@example.com\",\"gender\":\"male\",\"faculty_id\":2,\"isactive\":true,\"fees\":[{\"id\":2,\"payment_mode\":\"Online\",\"amount\":0,\"student_id\":2,\"isactive\":true}]},{\"id\":4,\"name\":\"Rahul Kumar\",\"email\":\"raha@example.com\",\"gender\":\"Male\",\"faculty_id\":2,\"isactive\":true,\"fees\":[]},{\"id\":5,\"name\":\"Rahula Kumar\",\"email\":\"rahaaa@example.com\",\"gender\":\"Male\",\"faculty_id\":2,\"isactive\":true,\"fees\":[]}]},{\"id\":3,\"name\":\"Dr. Amit Anand\",\"gender\":\"Male\",\"joining_date\":\"2026-06-24T00:00:00+05:30\",\"department_id\":5,\"isactive\":true,\"students\":[{\"id\":6,\"name\":\"Rahula Kumar\",\"email\":\"raa@example.com\",\"gender\":\"Male\",\"faculty_id\":3,\"isactive\":true,\"fees\":[]},{\"id\":7,\"name\":\"Rahusla Kumar\",\"email\":\"radbshdsdiha@example.com\",\"gender\":\"Male\",\"faculty_id\":3,\"isactive\":true,\"fees\":[]},{\"id\":8,\"name\":\"Rarrhusla Kumar\",\"email\":\"rarrdbshdsdiha@example.com\",\"gender\":\"Male\",\"faculty_id\":3,\"isactive\":true,\"fees\":[]},{\"id\":9,\"name\":\"Rarrhuslddda Kumar\",\"email\":\"rarrdbshddsdiha@example.com\",\"gender\":\"Male\",\"faculty_id\":3,\"isactive\":true,\"fees\":[]}]}],\"limit\":5,\"page\":1,\"total_count\":3,\"total_pages\":1},\"message\":\"Faculties fetched successfully\",\"success\":true}"

**


**
Time      : 2026-07-27 12:07:28
Service   : Institution
Method    : GET
Endpoint  : /institutes/
Status    : 200

Request:
""

Response:
"{\"data\":{\"items\":[{\"id\":1,\"name\":\"Anna\",\"institution_code\":\"sw51001\",\"state\":\"Tamil Nadu\",\"isactive\":true,\"departments\":[]},{\"id\":3,\"name\":\"Anna\",\"institution_code\":\"sw51001\",\"state\":\"Tamil Nadu\",\"isactive\":true,\"departments\":[{\"id\":2,\"department_name\":\"Manu\",\"institution_id\":3,\"isactive\":true,\"faculties\":[]}]},{\"id\":4,\"name\":\"Anna University Main Campus\",\"institution_code\":\"AU1001-M\",\"state\":\"Tamil Nadu\",\"isactive\":true,\"departments\":[{\"id\":3,\"department_name\":\"Manu\",\"institution_id\":4,\"isactive\":true,\"faculties\":[{\"id\":2,\"name\":\"Dr. Amit Anand\",\"gender\":\"Male\",\"joining_date\":\"2026-06-24T00:00:00+05:30\",\"department_id\":3,\"isactive\":true,\"students\":[{\"id\":2,\"name\":\"Rahul Kumar Sharma\",\"email\":\"rahul.sharma@example.com\",\"gender\":\"male\",\"faculty_id\":2,\"isactive\":true,\"fees\":[{\"id\":2,\"payment_mode\":\"Online\",\"amount\":50000,\"student_id\":2,\"isactive\":true}]},{\"id\":4,\"name\":\"Rahul Kumar\",\"email\":\"raha@example.com\",\"gender\":\"Male\",\"faculty_id\":2,\"isactive\":true,\"fees\":[]},{\"id\":5,\"name\":\"Rahula Kumar\",\"email\":\"rahaaa@example.com\",\"gender\":\"Male\",\"faculty_id\":2,\"isactive\":true,\"fees\":[]}]}]}]},{\"id\":5,\"name\":\"Annas\",\"institution_code\":\"SW01001\",\"state\":\"Tamil Nadu\",\"isactive\":true,\"departments\":[{\"id\":5,\"department_name\":\"Manu\",\"institution_id\":5,\"isactive\":true,\"faculties\":[{\"id\":3,\"name\":\"Dr. Amit Anand\",\"gender\":\"Male\",\"joining_date\":\"2026-06-24T00:00:00+05:30\",\"department_id\":5,\"isactive\":true,\"students\":[{\"id\":6,\"name\":\"Rahula Kumar\",\"email\":\"raa@example.com\",\"gender\":\"Male\",\"faculty_id\":3,\"isactive\":true,\"fees\":[]},{\"id\":7,\"name\":\"Rahusla Kumar\",\"email\":\"radbshdsdiha@example.com\",\"gender\":\"Male\",\"faculty_id\":3,\"isactive\":true,\"fees\":[]},{\"id\":8,\"name\":\"Rarrhusla Kumar\",\"email\":\"rarrdbshdsdiha@example.com\",\"gender\":\"Male\",\"faculty_id\":3,\"isactive\":true,\"fees\":[]},{\"id\":9,\"name\":\"Rarrhuslddda Kumar\",\"email\":\"rarrdbshddsdiha@example.com\",\"gender\":\"Male\",\"faculty_id\":3,\"isactive\":true,\"fees\":[]}]}]}]},{\"id\":6,\"name\":\"Annasw\",\"institution_code\":\"SW018001\",\"state\":\"Tamil Nadu\",\"isactive\":true,\"departments\":[]}],\"limit\":5,\"page\":1,\"total_count\":15,\"total_pages\":3},\"message\":\"Institutes fetched successfully\",\"success\":true}"

**


**
Time      : 2026-07-27 12:07:28
Service   : Fees
Method    : GET
Endpoint  : /fees
Status    : 200

Request:
""

Response:
"{\"data\":{\"items\":[{\"id\":1,\"payment_mode\":\"Online\",\"amount\":50000,\"student_id\":1,\"isactive\":true},{\"id\":2,\"payment_mode\":\"Online\",\"amount\":50000,\"student_id\":2,\"isactive\":true}],\"limit\":5,\"page\":1,\"total_count\":2,\"total_pages\":1},\"message\":\"Fees fetched successfully\",\"success\":true}"

**


**
Time      : 2026-07-27 12:07:28
Service   : Department
Method    : GET
Endpoint  : /departments
Status    : 200

Request:
""

Response:
"{\"data\":{\"items\":[{\"id\":1,\"department_name\":\"Manu\",\"institution_id\":2,\"isactive\":true,\"faculties\":[{\"id\":1,\"name\":\"Dr. Amit Anand\",\"gender\":\"Male\",\"joining_date\":\"2026-06-24T00:00:00+05:30\",\"department_id\":1,\"isactive\":true,\"students\":[{\"id\":1,\"name\":\"Rahul Kumar\",\"email\":\"rahul@example.com\",\"gender\":\"Male\",\"faculty_id\":1,\"isactive\":true,\"fees\":[{\"id\":1,\"payment_mode\":\"Online\",\"amount\":50000,\"student_id\":1,\"isactive\":true}]},{\"id\":3,\"name\":\"Rahul Kumar\",\"email\":\"rahula@example.com\",\"gender\":\"Male\",\"faculty_id\":1,\"isactive\":true,\"fees\":[]}]}]},{\"id\":2,\"department_name\":\"Manu\",\"institution_id\":3,\"isactive\":true,\"faculties\":[]},{\"id\":3,\"department_name\":\"Manu\",\"institution_id\":4,\"isactive\":true,\"faculties\":[{\"id\":2,\"name\":\"Dr. Amit Anand\",\"gender\":\"Male\",\"joining_date\":\"2026-06-24T00:00:00+05:30\",\"department_id\":3,\"isactive\":true,\"students\":[{\"id\":2,\"name\":\"Rahul Kumar Sharma\",\"email\":\"rahul.sharma@example.com\",\"gender\":\"male\",\"faculty_id\":2,\"isactive\":true,\"fees\":[{\"id\":2,\"payment_mode\":\"Online\",\"amount\":50000,\"student_id\":2,\"isactive\":true}]},{\"id\":4,\"name\":\"Rahul Kumar\",\"email\":\"raha@example.com\",\"gender\":\"Male\",\"faculty_id\":2,\"isactive\":true,\"fees\":[]},{\"id\":5,\"name\":\"Rahula Kumar\",\"email\":\"rahaaa@example.com\",\"gender\":\"Male\",\"faculty_id\":2,\"isactive\":true,\"fees\":[]}]}]},{\"id\":4,\"department_name\":\"Manu\",\"institution_id\":16,\"isactive\":true,\"faculties\":[]},{\"id\":5,\"department_name\":\"Manu\",\"institution_id\":5,\"isactive\":true,\"faculties\":[{\"id\":3,\"name\":\"Dr. Amit Anand\",\"gender\":\"Male\",\"joining_date\":\"2026-06-24T00:00:00+05:30\",\"department_id\":5,\"isactive\":true,\"students\":[{\"id\":6,\"name\":\"Rahula Kumar\",\"email\":\"raa@example.com\",\"gender\":\"Male\",\"faculty_id\":3,\"isactive\":true,\"fees\":[]},{\"id\":7,\"name\":\"Rahusla Kumar\",\"email\":\"radbshdsdiha@example.com\",\"gender\":\"Male\",\"faculty_id\":3,\"isactive\":true,\"fees\":[]},{\"id\":8,\"name\":\"Rarrhusla Kumar\",\"email\":\"rarrdbshdsdiha@example.com\",\"gender\":\"Male\",\"faculty_id\":3,\"isactive\":true,\"fees\":[]},{\"id\":9,\"name\":\"Rarrhuslddda Kumar\",\"email\":\"rarrdbshddsdiha@example.com\",\"gender\":\"Male\",\"faculty_id\":3,\"isactive\":true,\"fees\":[]}]}]}],\"limit\":5,\"page\":1,\"total_count\":5,\"total_pages\":1},\"message\":\"Departments fetched successfully\",\"success\":true}"

**


**
Time      : 2026-07-27 12:07:28
Service   : Faculty
Method    : GET
Endpoint  : /faculties
Status    : 200

Request:
""

Response:
"{\"data\":{\"items\":[{\"id\":1,\"name\":\"Dr. Amit Anand\",\"gender\":\"Male\",\"joining_date\":\"2026-06-24T00:00:00+05:30\",\"department_id\":1,\"isactive\":true,\"students\":[{\"id\":1,\"name\":\"Rahul Kumar\",\"email\":\"rahul@example.com\",\"gender\":\"Male\",\"faculty_id\":1,\"isactive\":true,\"fees\":[{\"id\":1,\"payment_mode\":\"Online\",\"amount\":0,\"student_id\":1,\"isactive\":true}]},{\"id\":3,\"name\":\"Rahul Kumar\",\"email\":\"rahula@example.com\",\"gender\":\"Male\",\"faculty_id\":1,\"isactive\":true,\"fees\":[]}]},{\"id\":2,\"name\":\"Dr. Amit Anand\",\"gender\":\"Male\",\"joining_date\":\"2026-06-24T00:00:00+05:30\",\"department_id\":3,\"isactive\":true,\"students\":[{\"id\":2,\"name\":\"Rahul Kumar Sharma\",\"email\":\"rahul.sharma@example.com\",\"gender\":\"male\",\"faculty_id\":2,\"isactive\":true,\"fees\":[{\"id\":2,\"payment_mode\":\"Online\",\"amount\":0,\"student_id\":2,\"isactive\":true}]},{\"id\":4,\"name\":\"Rahul Kumar\",\"email\":\"raha@example.com\",\"gender\":\"Male\",\"faculty_id\":2,\"isactive\":true,\"fees\":[]},{\"id\":5,\"name\":\"Rahula Kumar\",\"email\":\"rahaaa@example.com\",\"gender\":\"Male\",\"faculty_id\":2,\"isactive\":true,\"fees\":[]}]},{\"id\":3,\"name\":\"Dr. Amit Anand\",\"gender\":\"Male\",\"joining_date\":\"2026-06-24T00:00:00+05:30\",\"department_id\":5,\"isactive\":true,\"students\":[{\"id\":6,\"name\":\"Rahula Kumar\",\"email\":\"raa@example.com\",\"gender\":\"Male\",\"faculty_id\":3,\"isactive\":true,\"fees\":[]},{\"id\":7,\"name\":\"Rahusla Kumar\",\"email\":\"radbshdsdiha@example.com\",\"gender\":\"Male\",\"faculty_id\":3,\"isactive\":true,\"fees\":[]},{\"id\":8,\"name\":\"Rarrhusla Kumar\",\"email\":\"rarrdbshdsdiha@example.com\",\"gender\":\"Male\",\"faculty_id\":3,\"isactive\":true,\"fees\":[]},{\"id\":9,\"name\":\"Rarrhuslddda Kumar\",\"email\":\"rarrdbshddsdiha@example.com\",\"gender\":\"Male\",\"faculty_id\":3,\"isactive\":true,\"fees\":[]}]}],\"limit\":5,\"page\":1,\"total_count\":3,\"total_pages\":1},\"message\":\"Faculties fetched successfully\",\"success\":true}"

**


**
Time      : 2026-07-27 12:07:28
Service   : Student
Method    : GET
Endpoint  : /students
Status    : 200

Request:
""

Response:
"{\"data\":{\"items\":[{\"id\":1,\"name\":\"Rahul Kumar\",\"email\":\"rahul@example.com\",\"gender\":\"Male\",\"faculty_id\":1,\"isactive\":true,\"fees\":[{\"id\":1,\"payment_mode\":\"Online\",\"amount\":50000,\"student_id\":1,\"isactive\":true}]},{\"id\":2,\"name\":\"Rahul Kumar Sharma\",\"email\":\"rahul.sharma@example.com\",\"gender\":\"male\",\"faculty_id\":2,\"isactive\":true,\"fees\":[{\"id\":2,\"payment_mode\":\"Online\",\"amount\":50000,\"student_id\":2,\"isactive\":true}]},{\"id\":3,\"name\":\"Rahul Kumar\",\"email\":\"rahula@example.com\",\"gender\":\"Male\",\"faculty_id\":1,\"isactive\":true,\"fees\":[]},{\"id\":4,\"name\":\"Rahul Kumar\",\"email\":\"raha@example.com\",\"gender\":\"Male\",\"faculty_id\":2,\"isactive\":true,\"fees\":[]},{\"id\":5,\"name\":\"Rahula Kumar\",\"email\":\"rahaaa@example.com\",\"gender\":\"Male\",\"faculty_id\":2,\"isactive\":true,\"fees\":[]}],\"limit\":5,\"page\":1,\"total_count\":9,\"total_pages\":2},\"message\":\"Students fetched successfully\",\"success\":true}"

**


**
Time      : 2026-07-27 12:09:22
Service   : Institution
Method    : POST
Endpoint  : /institutes
Status    : 200

Request:
"{\"name\":\"Ahil\",\"institution_code\":\"SM5059\",\"state\":\"Karnataka\"}"

Response:
"{\"data\":{\"id\":17,\"name\":\"Ahil\",\"institution_code\":\"SM5059\",\"state\":\"Karnataka\",\"isactive\":true,\"departments\":[]},\"message\":\"Institution created successfully\",\"success\":true}"

**


**
Time      : 2026-07-27 12:09:22
Service   : Institution
Method    : GET
Endpoint  : /departments
Status    : 200

Request:
""

Response:
"{\"data\":{\"items\":[{\"id\":1,\"name\":\"Anna\",\"institution_code\":\"sw51001\",\"state\":\"Tamil Nadu\",\"isactive\":true,\"departments\":[]},{\"id\":3,\"name\":\"Anna\",\"institution_code\":\"sw51001\",\"state\":\"Tamil Nadu\",\"isactive\":true,\"departments\":[{\"id\":2,\"department_name\":\"Manu\",\"institution_id\":3,\"isactive\":true,\"faculties\":[]}]},{\"id\":4,\"name\":\"Anna University Main Campus\",\"institution_code\":\"AU1001-M\",\"state\":\"Tamil Nadu\",\"isactive\":true,\"departments\":[{\"id\":3,\"department_name\":\"Manu\",\"institution_id\":4,\"isactive\":true,\"faculties\":[{\"id\":2,\"name\":\"Dr. Amit Anand\",\"gender\":\"Male\",\"joining_date\":\"2026-06-24T00:00:00+05:30\",\"department_id\":3,\"isactive\":true,\"students\":[{\"id\":2,\"name\":\"Rahul Kumar Sharma\",\"email\":\"rahul.sharma@example.com\",\"gender\":\"male\",\"faculty_id\":2,\"isactive\":true,\"fees\":[{\"id\":2,\"payment_mode\":\"Online\",\"amount\":50000,\"student_id\":2,\"isactive\":true}]},{\"id\":4,\"name\":\"Rahul Kumar\",\"email\":\"raha@example.com\",\"gender\":\"Male\",\"faculty_id\":2,\"isactive\":true,\"fees\":[]},{\"id\":5,\"name\":\"Rahula Kumar\",\"email\":\"rahaaa@example.com\",\"gender\":\"Male\",\"faculty_id\":2,\"isactive\":true,\"fees\":[]}]}]}]},{\"id\":5,\"name\":\"Annas\",\"institution_code\":\"SW01001\",\"state\":\"Tamil Nadu\",\"isactive\":true,\"departments\":[{\"id\":5,\"department_name\":\"Manu\",\"institution_id\":5,\"isactive\":true,\"faculties\":[{\"id\":3,\"name\":\"Dr. Amit Anand\",\"gender\":\"Male\",\"joining_date\":\"2026-06-24T00:00:00+05:30\",\"department_id\":5,\"isactive\":true,\"students\":[{\"id\":6,\"name\":\"Rahula Kumar\",\"email\":\"raa@example.com\",\"gender\":\"Male\",\"faculty_id\":3,\"isactive\":true,\"fees\":[]},{\"id\":7,\"name\":\"Rahusla Kumar\",\"email\":\"radbshdsdiha@example.com\",\"gender\":\"Male\",\"faculty_id\":3,\"isactive\":true,\"fees\":[]},{\"id\":8,\"name\":\"Rarrhusla Kumar\",\"email\":\"rarrdbshdsdiha@example.com\",\"gender\":\"Male\",\"faculty_id\":3,\"isactive\":true,\"fees\":[]},{\"id\":9,\"name\":\"Rarrhuslddda Kumar\",\"email\":\"rarrdbshddsdiha@example.com\",\"gender\":\"Male\",\"faculty_id\":3,\"isactive\":true,\"fees\":[]}]}]}]},{\"id\":6,\"name\":\"Annasw\",\"institution_code\":\"SW018001\",\"state\":\"Tamil Nadu\",\"isactive\":true,\"departments\":[]}],\"limit\":5,\"page\":1,\"total_count\":16,\"total_pages\":4},\"message\":\"Institutes fetched successfully\",\"success\":true}"

**


**
Time      : 2026-07-27 12:09:22
Service   : Student
Method    : GET
Endpoint  : /students
Status    : 200

Request:
""

Response:
"{\"data\":{\"items\":[{\"id\":1,\"name\":\"Rahul Kumar\",\"email\":\"rahul@example.com\",\"gender\":\"Male\",\"faculty_id\":1,\"isactive\":true,\"fees\":[{\"id\":1,\"payment_mode\":\"Online\",\"amount\":50000,\"student_id\":1,\"isactive\":true}]},{\"id\":2,\"name\":\"Rahul Kumar Sharma\",\"email\":\"rahul.sharma@example.com\",\"gender\":\"male\",\"faculty_id\":2,\"isactive\":true,\"fees\":[{\"id\":2,\"payment_mode\":\"Online\",\"amount\":50000,\"student_id\":2,\"isactive\":true}]},{\"id\":3,\"name\":\"Rahul Kumar\",\"email\":\"rahula@example.com\",\"gender\":\"Male\",\"faculty_id\":1,\"isactive\":true,\"fees\":[]},{\"id\":4,\"name\":\"Rahul Kumar\",\"email\":\"raha@example.com\",\"gender\":\"Male\",\"faculty_id\":2,\"isactive\":true,\"fees\":[]},{\"id\":5,\"name\":\"Rahula Kumar\",\"email\":\"rahaaa@example.com\",\"gender\":\"Male\",\"faculty_id\":2,\"isactive\":true,\"fees\":[]}],\"limit\":5,\"page\":1,\"total_count\":9,\"total_pages\":2},\"message\":\"Students fetched successfully\",\"success\":true}"

**


**
Time      : 2026-07-27 12:09:22
Service   : Department
Method    : GET
Endpoint  : /departments
Status    : 200

Request:
""

Response:
"{\"data\":{\"items\":[{\"id\":1,\"department_name\":\"Manu\",\"institution_id\":2,\"isactive\":true,\"faculties\":[{\"id\":1,\"name\":\"Dr. Amit Anand\",\"gender\":\"Male\",\"joining_date\":\"2026-06-24T00:00:00+05:30\",\"department_id\":1,\"isactive\":true,\"students\":[{\"id\":1,\"name\":\"Rahul Kumar\",\"email\":\"rahul@example.com\",\"gender\":\"Male\",\"faculty_id\":1,\"isactive\":true,\"fees\":[{\"id\":1,\"payment_mode\":\"Online\",\"amount\":50000,\"student_id\":1,\"isactive\":true}]},{\"id\":3,\"name\":\"Rahul Kumar\",\"email\":\"rahula@example.com\",\"gender\":\"Male\",\"faculty_id\":1,\"isactive\":true,\"fees\":[]}]}]},{\"id\":2,\"department_name\":\"Manu\",\"institution_id\":3,\"isactive\":true,\"faculties\":[]},{\"id\":3,\"department_name\":\"Manu\",\"institution_id\":4,\"isactive\":true,\"faculties\":[{\"id\":2,\"name\":\"Dr. Amit Anand\",\"gender\":\"Male\",\"joining_date\":\"2026-06-24T00:00:00+05:30\",\"department_id\":3,\"isactive\":true,\"students\":[{\"id\":2,\"name\":\"Rahul Kumar Sharma\",\"email\":\"rahul.sharma@example.com\",\"gender\":\"male\",\"faculty_id\":2,\"isactive\":true,\"fees\":[{\"id\":2,\"payment_mode\":\"Online\",\"amount\":50000,\"student_id\":2,\"isactive\":true}]},{\"id\":4,\"name\":\"Rahul Kumar\",\"email\":\"raha@example.com\",\"gender\":\"Male\",\"faculty_id\":2,\"isactive\":true,\"fees\":[]},{\"id\":5,\"name\":\"Rahula Kumar\",\"email\":\"rahaaa@example.com\",\"gender\":\"Male\",\"faculty_id\":2,\"isactive\":true,\"fees\":[]}]}]},{\"id\":4,\"department_name\":\"Manu\",\"institution_id\":16,\"isactive\":true,\"faculties\":[]},{\"id\":5,\"department_name\":\"Manu\",\"institution_id\":5,\"isactive\":true,\"faculties\":[{\"id\":3,\"name\":\"Dr. Amit Anand\",\"gender\":\"Male\",\"joining_date\":\"2026-06-24T00:00:00+05:30\",\"department_id\":5,\"isactive\":true,\"students\":[{\"id\":6,\"name\":\"Rahula Kumar\",\"email\":\"raa@example.com\",\"gender\":\"Male\",\"faculty_id\":3,\"isactive\":true,\"fees\":[]},{\"id\":7,\"name\":\"Rahusla Kumar\",\"email\":\"radbshdsdiha@example.com\",\"gender\":\"Male\",\"faculty_id\":3,\"isactive\":true,\"fees\":[]},{\"id\":8,\"name\":\"Rarrhusla Kumar\",\"email\":\"rarrdbshdsdiha@example.com\",\"gender\":\"Male\",\"faculty_id\":3,\"isactive\":true,\"fees\":[]},{\"id\":9,\"name\":\"Rarrhuslddda Kumar\",\"email\":\"rarrdbshddsdiha@example.com\",\"gender\":\"Male\",\"faculty_id\":3,\"isactive\":true,\"fees\":[]}]}]}],\"limit\":5,\"page\":1,\"total_count\":5,\"total_pages\":1},\"message\":\"Departments fetched successfully\",\"success\":true}"

**


**
Time      : 2026-07-27 12:09:22
Service   : Faculty
Method    : GET
Endpoint  : /faculties
Status    : 200

Request:
""

Response:
"{\"data\":{\"items\":[{\"id\":1,\"name\":\"Dr. Amit Anand\",\"gender\":\"Male\",\"joining_date\":\"2026-06-24T00:00:00+05:30\",\"department_id\":1,\"isactive\":true,\"students\":[{\"id\":1,\"name\":\"Rahul Kumar\",\"email\":\"rahul@example.com\",\"gender\":\"Male\",\"faculty_id\":1,\"isactive\":true,\"fees\":[{\"id\":1,\"payment_mode\":\"Online\",\"amount\":0,\"student_id\":1,\"isactive\":true}]},{\"id\":3,\"name\":\"Rahul Kumar\",\"email\":\"rahula@example.com\",\"gender\":\"Male\",\"faculty_id\":1,\"isactive\":true,\"fees\":[]}]},{\"id\":2,\"name\":\"Dr. Amit Anand\",\"gender\":\"Male\",\"joining_date\":\"2026-06-24T00:00:00+05:30\",\"department_id\":3,\"isactive\":true,\"students\":[{\"id\":2,\"name\":\"Rahul Kumar Sharma\",\"email\":\"rahul.sharma@example.com\",\"gender\":\"male\",\"faculty_id\":2,\"isactive\":true,\"fees\":[{\"id\":2,\"payment_mode\":\"Online\",\"amount\":0,\"student_id\":2,\"isactive\":true}]},{\"id\":4,\"name\":\"Rahul Kumar\",\"email\":\"raha@example.com\",\"gender\":\"Male\",\"faculty_id\":2,\"isactive\":true,\"fees\":[]},{\"id\":5,\"name\":\"Rahula Kumar\",\"email\":\"rahaaa@example.com\",\"gender\":\"Male\",\"faculty_id\":2,\"isactive\":true,\"fees\":[]}]},{\"id\":3,\"name\":\"Dr. Amit Anand\",\"gender\":\"Male\",\"joining_date\":\"2026-06-24T00:00:00+05:30\",\"department_id\":5,\"isactive\":true,\"students\":[{\"id\":6,\"name\":\"Rahula Kumar\",\"email\":\"raa@example.com\",\"gender\":\"Male\",\"faculty_id\":3,\"isactive\":true,\"fees\":[]},{\"id\":7,\"name\":\"Rahusla Kumar\",\"email\":\"radbshdsdiha@example.com\",\"gender\":\"Male\",\"faculty_id\":3,\"isactive\":true,\"fees\":[]},{\"id\":8,\"name\":\"Rarrhusla Kumar\",\"email\":\"rarrdbshdsdiha@example.com\",\"gender\":\"Male\",\"faculty_id\":3,\"isactive\":true,\"fees\":[]},{\"id\":9,\"name\":\"Rarrhuslddda Kumar\",\"email\":\"rarrdbshddsdiha@example.com\",\"gender\":\"Male\",\"faculty_id\":3,\"isactive\":true,\"fees\":[]}]}],\"limit\":5,\"page\":1,\"total_count\":3,\"total_pages\":1},\"message\":\"Faculties fetched successfully\",\"success\":true}"

**


**
Time      : 2026-07-27 12:09:22
Service   : Fees
Method    : GET
Endpoint  : /fees
Status    : 200

Request:
""

Response:
"{\"data\":{\"items\":[{\"id\":1,\"payment_mode\":\"Online\",\"amount\":50000,\"student_id\":1,\"isactive\":true},{\"id\":2,\"payment_mode\":\"Online\",\"amount\":50000,\"student_id\":2,\"isactive\":true}],\"limit\":5,\"page\":1,\"total_count\":2,\"total_pages\":1},\"message\":\"Fees fetched successfully\",\"success\":true}"

**


**
Time      : 2026-07-27 12:09:30
Service   : Institution
Method    : GET
Endpoint  : /institutes/
Status    : 200

Request:
""

Response:
"{\"data\":{\"items\":[{\"id\":1,\"name\":\"Anna\",\"institution_code\":\"sw51001\",\"state\":\"Tamil Nadu\",\"isactive\":true,\"departments\":[]},{\"id\":3,\"name\":\"Anna\",\"institution_code\":\"sw51001\",\"state\":\"Tamil Nadu\",\"isactive\":true,\"departments\":[{\"id\":2,\"department_name\":\"Manu\",\"institution_id\":3,\"isactive\":true,\"faculties\":[]}]},{\"id\":4,\"name\":\"Anna University Main Campus\",\"institution_code\":\"AU1001-M\",\"state\":\"Tamil Nadu\",\"isactive\":true,\"departments\":[{\"id\":3,\"department_name\":\"Manu\",\"institution_id\":4,\"isactive\":true,\"faculties\":[{\"id\":2,\"name\":\"Dr. Amit Anand\",\"gender\":\"Male\",\"joining_date\":\"2026-06-24T00:00:00+05:30\",\"department_id\":3,\"isactive\":true,\"students\":[{\"id\":2,\"name\":\"Rahul Kumar Sharma\",\"email\":\"rahul.sharma@example.com\",\"gender\":\"male\",\"faculty_id\":2,\"isactive\":true,\"fees\":[{\"id\":2,\"payment_mode\":\"Online\",\"amount\":50000,\"student_id\":2,\"isactive\":true}]},{\"id\":4,\"name\":\"Rahul Kumar\",\"email\":\"raha@example.com\",\"gender\":\"Male\",\"faculty_id\":2,\"isactive\":true,\"fees\":[]},{\"id\":5,\"name\":\"Rahula Kumar\",\"email\":\"rahaaa@example.com\",\"gender\":\"Male\",\"faculty_id\":2,\"isactive\":true,\"fees\":[]}]}]}]},{\"id\":5,\"name\":\"Annas\",\"institution_code\":\"SW01001\",\"state\":\"Tamil Nadu\",\"isactive\":true,\"departments\":[{\"id\":5,\"department_name\":\"Manu\",\"institution_id\":5,\"isactive\":true,\"faculties\":[{\"id\":3,\"name\":\"Dr. Amit Anand\",\"gender\":\"Male\",\"joining_date\":\"2026-06-24T00:00:00+05:30\",\"department_id\":5,\"isactive\":true,\"students\":[{\"id\":6,\"name\":\"Rahula Kumar\",\"email\":\"raa@example.com\",\"gender\":\"Male\",\"faculty_id\":3,\"isactive\":true,\"fees\":[]},{\"id\":7,\"name\":\"Rahusla Kumar\",\"email\":\"radbshdsdiha@example.com\",\"gender\":\"Male\",\"faculty_id\":3,\"isactive\":true,\"fees\":[]},{\"id\":8,\"name\":\"Rarrhusla Kumar\",\"email\":\"rarrdbshdsdiha@example.com\",\"gender\":\"Male\",\"faculty_id\":3,\"isactive\":true,\"fees\":[]},{\"id\":9,\"name\":\"Rarrhuslddda Kumar\",\"email\":\"rarrdbshddsdiha@example.com\",\"gender\":\"Male\",\"faculty_id\":3,\"isactive\":true,\"fees\":[]}]}]}]},{\"id\":6,\"name\":\"Annasw\",\"institution_code\":\"SW018001\",\"state\":\"Tamil Nadu\",\"isactive\":true,\"departments\":[]}],\"limit\":5,\"page\":1,\"total_count\":16,\"total_pages\":4},\"message\":\"Institutes fetched successfully\",\"success\":true}"

**


**
Time      : 2026-07-27 12:09:30
Service   : Department
Method    : GET
Endpoint  : /departments
Status    : 200

Request:
""

Response:
"{\"data\":{\"items\":[{\"id\":1,\"department_name\":\"Manu\",\"institution_id\":2,\"isactive\":true,\"faculties\":[{\"id\":1,\"name\":\"Dr. Amit Anand\",\"gender\":\"Male\",\"joining_date\":\"2026-06-24T00:00:00+05:30\",\"department_id\":1,\"isactive\":true,\"students\":[{\"id\":1,\"name\":\"Rahul Kumar\",\"email\":\"rahul@example.com\",\"gender\":\"Male\",\"faculty_id\":1,\"isactive\":true,\"fees\":[{\"id\":1,\"payment_mode\":\"Online\",\"amount\":50000,\"student_id\":1,\"isactive\":true}]},{\"id\":3,\"name\":\"Rahul Kumar\",\"email\":\"rahula@example.com\",\"gender\":\"Male\",\"faculty_id\":1,\"isactive\":true,\"fees\":[]}]}]},{\"id\":2,\"department_name\":\"Manu\",\"institution_id\":3,\"isactive\":true,\"faculties\":[]},{\"id\":3,\"department_name\":\"Manu\",\"institution_id\":4,\"isactive\":true,\"faculties\":[{\"id\":2,\"name\":\"Dr. Amit Anand\",\"gender\":\"Male\",\"joining_date\":\"2026-06-24T00:00:00+05:30\",\"department_id\":3,\"isactive\":true,\"students\":[{\"id\":2,\"name\":\"Rahul Kumar Sharma\",\"email\":\"rahul.sharma@example.com\",\"gender\":\"male\",\"faculty_id\":2,\"isactive\":true,\"fees\":[{\"id\":2,\"payment_mode\":\"Online\",\"amount\":50000,\"student_id\":2,\"isactive\":true}]},{\"id\":4,\"name\":\"Rahul Kumar\",\"email\":\"raha@example.com\",\"gender\":\"Male\",\"faculty_id\":2,\"isactive\":true,\"fees\":[]},{\"id\":5,\"name\":\"Rahula Kumar\",\"email\":\"rahaaa@example.com\",\"gender\":\"Male\",\"faculty_id\":2,\"isactive\":true,\"fees\":[]}]}]},{\"id\":4,\"department_name\":\"Manu\",\"institution_id\":16,\"isactive\":true,\"faculties\":[]},{\"id\":5,\"department_name\":\"Manu\",\"institution_id\":5,\"isactive\":true,\"faculties\":[{\"id\":3,\"name\":\"Dr. Amit Anand\",\"gender\":\"Male\",\"joining_date\":\"2026-06-24T00:00:00+05:30\",\"department_id\":5,\"isactive\":true,\"students\":[{\"id\":6,\"name\":\"Rahula Kumar\",\"email\":\"raa@example.com\",\"gender\":\"Male\",\"faculty_id\":3,\"isactive\":true,\"fees\":[]},{\"id\":7,\"name\":\"Rahusla Kumar\",\"email\":\"radbshdsdiha@example.com\",\"gender\":\"Male\",\"faculty_id\":3,\"isactive\":true,\"fees\":[]},{\"id\":8,\"name\":\"Rarrhusla Kumar\",\"email\":\"rarrdbshdsdiha@example.com\",\"gender\":\"Male\",\"faculty_id\":3,\"isactive\":true,\"fees\":[]},{\"id\":9,\"name\":\"Rarrhuslddda Kumar\",\"email\":\"rarrdbshddsdiha@example.com\",\"gender\":\"Male\",\"faculty_id\":3,\"isactive\":true,\"fees\":[]}]}]}],\"limit\":5,\"page\":1,\"total_count\":5,\"total_pages\":1},\"message\":\"Departments fetched successfully\",\"success\":true}"

**


**
Time      : 2026-07-27 12:09:30
Service   : Student
Method    : GET
Endpoint  : /students
Status    : 200

Request:
""

Response:
"{\"data\":{\"items\":[{\"id\":1,\"name\":\"Rahul Kumar\",\"email\":\"rahul@example.com\",\"gender\":\"Male\",\"faculty_id\":1,\"isactive\":true,\"fees\":[{\"id\":1,\"payment_mode\":\"Online\",\"amount\":50000,\"student_id\":1,\"isactive\":true}]},{\"id\":2,\"name\":\"Rahul Kumar Sharma\",\"email\":\"rahul.sharma@example.com\",\"gender\":\"male\",\"faculty_id\":2,\"isactive\":true,\"fees\":[{\"id\":2,\"payment_mode\":\"Online\",\"amount\":50000,\"student_id\":2,\"isactive\":true}]},{\"id\":3,\"name\":\"Rahul Kumar\",\"email\":\"rahula@example.com\",\"gender\":\"Male\",\"faculty_id\":1,\"isactive\":true,\"fees\":[]},{\"id\":4,\"name\":\"Rahul Kumar\",\"email\":\"raha@example.com\",\"gender\":\"Male\",\"faculty_id\":2,\"isactive\":true,\"fees\":[]},{\"id\":5,\"name\":\"Rahula Kumar\",\"email\":\"rahaaa@example.com\",\"gender\":\"Male\",\"faculty_id\":2,\"isactive\":true,\"fees\":[]}],\"limit\":5,\"page\":1,\"total_count\":9,\"total_pages\":2},\"message\":\"Students fetched successfully\",\"success\":true}"

**


**
Time      : 2026-07-27 12:09:30
Service   : Faculty
Method    : GET
Endpoint  : /faculties
Status    : 200

Request:
""

Response:
"{\"data\":{\"items\":[{\"id\":1,\"name\":\"Dr. Amit Anand\",\"gender\":\"Male\",\"joining_date\":\"2026-06-24T00:00:00+05:30\",\"department_id\":1,\"isactive\":true,\"students\":[{\"id\":1,\"name\":\"Rahul Kumar\",\"email\":\"rahul@example.com\",\"gender\":\"Male\",\"faculty_id\":1,\"isactive\":true,\"fees\":[{\"id\":1,\"payment_mode\":\"Online\",\"amount\":0,\"student_id\":1,\"isactive\":true}]},{\"id\":3,\"name\":\"Rahul Kumar\",\"email\":\"rahula@example.com\",\"gender\":\"Male\",\"faculty_id\":1,\"isactive\":true,\"fees\":[]}]},{\"id\":2,\"name\":\"Dr. Amit Anand\",\"gender\":\"Male\",\"joining_date\":\"2026-06-24T00:00:00+05:30\",\"department_id\":3,\"isactive\":true,\"students\":[{\"id\":2,\"name\":\"Rahul Kumar Sharma\",\"email\":\"rahul.sharma@example.com\",\"gender\":\"male\",\"faculty_id\":2,\"isactive\":true,\"fees\":[{\"id\":2,\"payment_mode\":\"Online\",\"amount\":0,\"student_id\":2,\"isactive\":true}]},{\"id\":4,\"name\":\"Rahul Kumar\",\"email\":\"raha@example.com\",\"gender\":\"Male\",\"faculty_id\":2,\"isactive\":true,\"fees\":[]},{\"id\":5,\"name\":\"Rahula Kumar\",\"email\":\"rahaaa@example.com\",\"gender\":\"Male\",\"faculty_id\":2,\"isactive\":true,\"fees\":[]}]},{\"id\":3,\"name\":\"Dr. Amit Anand\",\"gender\":\"Male\",\"joining_date\":\"2026-06-24T00:00:00+05:30\",\"department_id\":5,\"isactive\":true,\"students\":[{\"id\":6,\"name\":\"Rahula Kumar\",\"email\":\"raa@example.com\",\"gender\":\"Male\",\"faculty_id\":3,\"isactive\":true,\"fees\":[]},{\"id\":7,\"name\":\"Rahusla Kumar\",\"email\":\"radbshdsdiha@example.com\",\"gender\":\"Male\",\"faculty_id\":3,\"isactive\":true,\"fees\":[]},{\"id\":8,\"name\":\"Rarrhusla Kumar\",\"email\":\"rarrdbshdsdiha@example.com\",\"gender\":\"Male\",\"faculty_id\":3,\"isactive\":true,\"fees\":[]},{\"id\":9,\"name\":\"Rarrhuslddda Kumar\",\"email\":\"rarrdbshddsdiha@example.com\",\"gender\":\"Male\",\"faculty_id\":3,\"isactive\":true,\"fees\":[]}]}],\"limit\":5,\"page\":1,\"total_count\":3,\"total_pages\":1},\"message\":\"Faculties fetched successfully\",\"success\":true}"

**


**
Time      : 2026-07-27 12:09:30
Service   : Fees
Method    : GET
Endpoint  : /fees
Status    : 200

Request:
""

Response:
"{\"data\":{\"items\":[{\"id\":1,\"payment_mode\":\"Online\",\"amount\":50000,\"student_id\":1,\"isactive\":true},{\"id\":2,\"payment_mode\":\"Online\",\"amount\":50000,\"student_id\":2,\"isactive\":true}],\"limit\":5,\"page\":1,\"total_count\":2,\"total_pages\":1},\"message\":\"Fees fetched successfully\",\"success\":true}"

**


**
Time      : 2026-07-27 12:09:39
Service   : Institution
Method    : GET
Endpoint  : /institutes/
Status    : 200

Request:
""

Response:
"{\"data\":{\"items\":[{\"id\":1,\"name\":\"Anna\",\"institution_code\":\"sw51001\",\"state\":\"Tamil Nadu\",\"isactive\":true,\"departments\":[]},{\"id\":3,\"name\":\"Anna\",\"institution_code\":\"sw51001\",\"state\":\"Tamil Nadu\",\"isactive\":true,\"departments\":[{\"id\":2,\"department_name\":\"Manu\",\"institution_id\":3,\"isactive\":true,\"faculties\":[]}]},{\"id\":4,\"name\":\"Anna University Main Campus\",\"institution_code\":\"AU1001-M\",\"state\":\"Tamil Nadu\",\"isactive\":true,\"departments\":[{\"id\":3,\"department_name\":\"Manu\",\"institution_id\":4,\"isactive\":true,\"faculties\":[{\"id\":2,\"name\":\"Dr. Amit Anand\",\"gender\":\"Male\",\"joining_date\":\"2026-06-24T00:00:00+05:30\",\"department_id\":3,\"isactive\":true,\"students\":[{\"id\":2,\"name\":\"Rahul Kumar Sharma\",\"email\":\"rahul.sharma@example.com\",\"gender\":\"male\",\"faculty_id\":2,\"isactive\":true,\"fees\":[{\"id\":2,\"payment_mode\":\"Online\",\"amount\":50000,\"student_id\":2,\"isactive\":true}]},{\"id\":4,\"name\":\"Rahul Kumar\",\"email\":\"raha@example.com\",\"gender\":\"Male\",\"faculty_id\":2,\"isactive\":true,\"fees\":[]},{\"id\":5,\"name\":\"Rahula Kumar\",\"email\":\"rahaaa@example.com\",\"gender\":\"Male\",\"faculty_id\":2,\"isactive\":true,\"fees\":[]}]}]}]},{\"id\":5,\"name\":\"Annas\",\"institution_code\":\"SW01001\",\"state\":\"Tamil Nadu\",\"isactive\":true,\"departments\":[{\"id\":5,\"department_name\":\"Manu\",\"institution_id\":5,\"isactive\":true,\"faculties\":[{\"id\":3,\"name\":\"Dr. Amit Anand\",\"gender\":\"Male\",\"joining_date\":\"2026-06-24T00:00:00+05:30\",\"department_id\":5,\"isactive\":true,\"students\":[{\"id\":6,\"name\":\"Rahula Kumar\",\"email\":\"raa@example.com\",\"gender\":\"Male\",\"faculty_id\":3,\"isactive\":true,\"fees\":[]},{\"id\":7,\"name\":\"Rahusla Kumar\",\"email\":\"radbshdsdiha@example.com\",\"gender\":\"Male\",\"faculty_id\":3,\"isactive\":true,\"fees\":[]},{\"id\":8,\"name\":\"Rarrhusla Kumar\",\"email\":\"rarrdbshdsdiha@example.com\",\"gender\":\"Male\",\"faculty_id\":3,\"isactive\":true,\"fees\":[]},{\"id\":9,\"name\":\"Rarrhuslddda Kumar\",\"email\":\"rarrdbshddsdiha@example.com\",\"gender\":\"Male\",\"faculty_id\":3,\"isactive\":true,\"fees\":[]}]}]}]},{\"id\":6,\"name\":\"Annasw\",\"institution_code\":\"SW018001\",\"state\":\"Tamil Nadu\",\"isactive\":true,\"departments\":[]}],\"limit\":5,\"page\":1,\"total_count\":16,\"total_pages\":4},\"message\":\"Institutes fetched successfully\",\"success\":true}"

**


**
Time      : 2026-07-27 12:09:39
Service   : Department
Method    : GET
Endpoint  : /departments
Status    : 200

Request:
""

Response:
"{\"data\":{\"items\":[{\"id\":1,\"department_name\":\"Manu\",\"institution_id\":2,\"isactive\":true,\"faculties\":[{\"id\":1,\"name\":\"Dr. Amit Anand\",\"gender\":\"Male\",\"joining_date\":\"2026-06-24T00:00:00+05:30\",\"department_id\":1,\"isactive\":true,\"students\":[{\"id\":1,\"name\":\"Rahul Kumar\",\"email\":\"rahul@example.com\",\"gender\":\"Male\",\"faculty_id\":1,\"isactive\":true,\"fees\":[{\"id\":1,\"payment_mode\":\"Online\",\"amount\":50000,\"student_id\":1,\"isactive\":true}]},{\"id\":3,\"name\":\"Rahul Kumar\",\"email\":\"rahula@example.com\",\"gender\":\"Male\",\"faculty_id\":1,\"isactive\":true,\"fees\":[]}]}]},{\"id\":2,\"department_name\":\"Manu\",\"institution_id\":3,\"isactive\":true,\"faculties\":[]},{\"id\":3,\"department_name\":\"Manu\",\"institution_id\":4,\"isactive\":true,\"faculties\":[{\"id\":2,\"name\":\"Dr. Amit Anand\",\"gender\":\"Male\",\"joining_date\":\"2026-06-24T00:00:00+05:30\",\"department_id\":3,\"isactive\":true,\"students\":[{\"id\":2,\"name\":\"Rahul Kumar Sharma\",\"email\":\"rahul.sharma@example.com\",\"gender\":\"male\",\"faculty_id\":2,\"isactive\":true,\"fees\":[{\"id\":2,\"payment_mode\":\"Online\",\"amount\":50000,\"student_id\":2,\"isactive\":true}]},{\"id\":4,\"name\":\"Rahul Kumar\",\"email\":\"raha@example.com\",\"gender\":\"Male\",\"faculty_id\":2,\"isactive\":true,\"fees\":[]},{\"id\":5,\"name\":\"Rahula Kumar\",\"email\":\"rahaaa@example.com\",\"gender\":\"Male\",\"faculty_id\":2,\"isactive\":true,\"fees\":[]}]}]},{\"id\":4,\"department_name\":\"Manu\",\"institution_id\":16,\"isactive\":true,\"faculties\":[]},{\"id\":5,\"department_name\":\"Manu\",\"institution_id\":5,\"isactive\":true,\"faculties\":[{\"id\":3,\"name\":\"Dr. Amit Anand\",\"gender\":\"Male\",\"joining_date\":\"2026-06-24T00:00:00+05:30\",\"department_id\":5,\"isactive\":true,\"students\":[{\"id\":6,\"name\":\"Rahula Kumar\",\"email\":\"raa@example.com\",\"gender\":\"Male\",\"faculty_id\":3,\"isactive\":true,\"fees\":[]},{\"id\":7,\"name\":\"Rahusla Kumar\",\"email\":\"radbshdsdiha@example.com\",\"gender\":\"Male\",\"faculty_id\":3,\"isactive\":true,\"fees\":[]},{\"id\":8,\"name\":\"Rarrhusla Kumar\",\"email\":\"rarrdbshdsdiha@example.com\",\"gender\":\"Male\",\"faculty_id\":3,\"isactive\":true,\"fees\":[]},{\"id\":9,\"name\":\"Rarrhuslddda Kumar\",\"email\":\"rarrdbshddsdiha@example.com\",\"gender\":\"Male\",\"faculty_id\":3,\"isactive\":true,\"fees\":[]}]}]}],\"limit\":5,\"page\":1,\"total_count\":5,\"total_pages\":1},\"message\":\"Departments fetched successfully\",\"success\":true}"

**


**
Time      : 2026-07-27 12:09:39
Service   : Student
Method    : GET
Endpoint  : /students
Status    : 200

Request:
""

Response:
"{\"data\":{\"items\":[{\"id\":1,\"name\":\"Rahul Kumar\",\"email\":\"rahul@example.com\",\"gender\":\"Male\",\"faculty_id\":1,\"isactive\":true,\"fees\":[{\"id\":1,\"payment_mode\":\"Online\",\"amount\":50000,\"student_id\":1,\"isactive\":true}]},{\"id\":2,\"name\":\"Rahul Kumar Sharma\",\"email\":\"rahul.sharma@example.com\",\"gender\":\"male\",\"faculty_id\":2,\"isactive\":true,\"fees\":[{\"id\":2,\"payment_mode\":\"Online\",\"amount\":50000,\"student_id\":2,\"isactive\":true}]},{\"id\":3,\"name\":\"Rahul Kumar\",\"email\":\"rahula@example.com\",\"gender\":\"Male\",\"faculty_id\":1,\"isactive\":true,\"fees\":[]},{\"id\":4,\"name\":\"Rahul Kumar\",\"email\":\"raha@example.com\",\"gender\":\"Male\",\"faculty_id\":2,\"isactive\":true,\"fees\":[]},{\"id\":5,\"name\":\"Rahula Kumar\",\"email\":\"rahaaa@example.com\",\"gender\":\"Male\",\"faculty_id\":2,\"isactive\":true,\"fees\":[]}],\"limit\":5,\"page\":1,\"total_count\":9,\"total_pages\":2},\"message\":\"Students fetched successfully\",\"success\":true}"

**


**
Time      : 2026-07-27 12:09:39
Service   : Fees
Method    : GET
Endpoint  : /fees
Status    : 200

Request:
""

Response:
"{\"data\":{\"items\":[{\"id\":1,\"payment_mode\":\"Online\",\"amount\":50000,\"student_id\":1,\"isactive\":true},{\"id\":2,\"payment_mode\":\"Online\",\"amount\":50000,\"student_id\":2,\"isactive\":true}],\"limit\":5,\"page\":1,\"total_count\":2,\"total_pages\":1},\"message\":\"Fees fetched successfully\",\"success\":true}"

**


**
Time      : 2026-07-27 12:09:39
Service   : Faculty
Method    : GET
Endpoint  : /faculties
Status    : 200

Request:
""

Response:
"{\"data\":{\"items\":[{\"id\":1,\"name\":\"Dr. Amit Anand\",\"gender\":\"Male\",\"joining_date\":\"2026-06-24T00:00:00+05:30\",\"department_id\":1,\"isactive\":true,\"students\":[{\"id\":1,\"name\":\"Rahul Kumar\",\"email\":\"rahul@example.com\",\"gender\":\"Male\",\"faculty_id\":1,\"isactive\":true,\"fees\":[{\"id\":1,\"payment_mode\":\"Online\",\"amount\":0,\"student_id\":1,\"isactive\":true}]},{\"id\":3,\"name\":\"Rahul Kumar\",\"email\":\"rahula@example.com\",\"gender\":\"Male\",\"faculty_id\":1,\"isactive\":true,\"fees\":[]}]},{\"id\":2,\"name\":\"Dr. Amit Anand\",\"gender\":\"Male\",\"joining_date\":\"2026-06-24T00:00:00+05:30\",\"department_id\":3,\"isactive\":true,\"students\":[{\"id\":2,\"name\":\"Rahul Kumar Sharma\",\"email\":\"rahul.sharma@example.com\",\"gender\":\"male\",\"faculty_id\":2,\"isactive\":true,\"fees\":[{\"id\":2,\"payment_mode\":\"Online\",\"amount\":0,\"student_id\":2,\"isactive\":true}]},{\"id\":4,\"name\":\"Rahul Kumar\",\"email\":\"raha@example.com\",\"gender\":\"Male\",\"faculty_id\":2,\"isactive\":true,\"fees\":[]},{\"id\":5,\"name\":\"Rahula Kumar\",\"email\":\"rahaaa@example.com\",\"gender\":\"Male\",\"faculty_id\":2,\"isactive\":true,\"fees\":[]}]},{\"id\":3,\"name\":\"Dr. Amit Anand\",\"gender\":\"Male\",\"joining_date\":\"2026-06-24T00:00:00+05:30\",\"department_id\":5,\"isactive\":true,\"students\":[{\"id\":6,\"name\":\"Rahula Kumar\",\"email\":\"raa@example.com\",\"gender\":\"Male\",\"faculty_id\":3,\"isactive\":true,\"fees\":[]},{\"id\":7,\"name\":\"Rahusla Kumar\",\"email\":\"radbshdsdiha@example.com\",\"gender\":\"Male\",\"faculty_id\":3,\"isactive\":true,\"fees\":[]},{\"id\":8,\"name\":\"Rarrhusla Kumar\",\"email\":\"rarrdbshdsdiha@example.com\",\"gender\":\"Male\",\"faculty_id\":3,\"isactive\":true,\"fees\":[]},{\"id\":9,\"name\":\"Rarrhuslddda Kumar\",\"email\":\"rarrdbshddsdiha@example.com\",\"gender\":\"Male\",\"faculty_id\":3,\"isactive\":true,\"fees\":[]}]}],\"limit\":5,\"page\":1,\"total_count\":3,\"total_pages\":1},\"message\":\"Faculties fetched successfully\",\"success\":true}"

**


**
Time      : 2026-07-27 12:10:01
Service   : Institution
Method    : POST
Endpoint  : /institutes
Status    : 200

Request:
"{\"name\":\"fbkjfd\",\"institution_code\":\"SAkjd90\",\"state\":\"Karnataka\"}"

Response:
"{\"data\":{\"id\":18,\"name\":\"fbkjfd\",\"institution_code\":\"SAkjd90\",\"state\":\"Karnataka\",\"isactive\":true,\"departments\":[]},\"message\":\"Institution created successfully\",\"success\":true}"

**


**
Time      : 2026-07-27 12:10:01
Service   : Institution
Method    : GET
Endpoint  : /departments
Status    : 200

Request:
""

Response:
"{\"data\":{\"items\":[{\"id\":1,\"name\":\"Anna\",\"institution_code\":\"sw51001\",\"state\":\"Tamil Nadu\",\"isactive\":true,\"departments\":[]},{\"id\":3,\"name\":\"Anna\",\"institution_code\":\"sw51001\",\"state\":\"Tamil Nadu\",\"isactive\":true,\"departments\":[{\"id\":2,\"department_name\":\"Manu\",\"institution_id\":3,\"isactive\":true,\"faculties\":[]}]},{\"id\":4,\"name\":\"Anna University Main Campus\",\"institution_code\":\"AU1001-M\",\"state\":\"Tamil Nadu\",\"isactive\":true,\"departments\":[{\"id\":3,\"department_name\":\"Manu\",\"institution_id\":4,\"isactive\":true,\"faculties\":[{\"id\":2,\"name\":\"Dr. Amit Anand\",\"gender\":\"Male\",\"joining_date\":\"2026-06-24T00:00:00+05:30\",\"department_id\":3,\"isactive\":true,\"students\":[{\"id\":2,\"name\":\"Rahul Kumar Sharma\",\"email\":\"rahul.sharma@example.com\",\"gender\":\"male\",\"faculty_id\":2,\"isactive\":true,\"fees\":[{\"id\":2,\"payment_mode\":\"Online\",\"amount\":50000,\"student_id\":2,\"isactive\":true}]},{\"id\":4,\"name\":\"Rahul Kumar\",\"email\":\"raha@example.com\",\"gender\":\"Male\",\"faculty_id\":2,\"isactive\":true,\"fees\":[]},{\"id\":5,\"name\":\"Rahula Kumar\",\"email\":\"rahaaa@example.com\",\"gender\":\"Male\",\"faculty_id\":2,\"isactive\":true,\"fees\":[]}]}]}]},{\"id\":5,\"name\":\"Annas\",\"institution_code\":\"SW01001\",\"state\":\"Tamil Nadu\",\"isactive\":true,\"departments\":[{\"id\":5,\"department_name\":\"Manu\",\"institution_id\":5,\"isactive\":true,\"faculties\":[{\"id\":3,\"name\":\"Dr. Amit Anand\",\"gender\":\"Male\",\"joining_date\":\"2026-06-24T00:00:00+05:30\",\"department_id\":5,\"isactive\":true,\"students\":[{\"id\":6,\"name\":\"Rahula Kumar\",\"email\":\"raa@example.com\",\"gender\":\"Male\",\"faculty_id\":3,\"isactive\":true,\"fees\":[]},{\"id\":7,\"name\":\"Rahusla Kumar\",\"email\":\"radbshdsdiha@example.com\",\"gender\":\"Male\",\"faculty_id\":3,\"isactive\":true,\"fees\":[]},{\"id\":8,\"name\":\"Rarrhusla Kumar\",\"email\":\"rarrdbshdsdiha@example.com\",\"gender\":\"Male\",\"faculty_id\":3,\"isactive\":true,\"fees\":[]},{\"id\":9,\"name\":\"Rarrhuslddda Kumar\",\"email\":\"rarrdbshddsdiha@example.com\",\"gender\":\"Male\",\"faculty_id\":3,\"isactive\":true,\"fees\":[]}]}]}]},{\"id\":6,\"name\":\"Annasw\",\"institution_code\":\"SW018001\",\"state\":\"Tamil Nadu\",\"isactive\":true,\"departments\":[]}],\"limit\":5,\"page\":1,\"total_count\":17,\"total_pages\":4},\"message\":\"Institutes fetched successfully\",\"success\":true}"

**


**
Time      : 2026-07-27 12:10:01
Service   : Department
Method    : GET
Endpoint  : /departments
Status    : 200

Request:
""

Response:
"{\"data\":{\"items\":[{\"id\":1,\"department_name\":\"Manu\",\"institution_id\":2,\"isactive\":true,\"faculties\":[{\"id\":1,\"name\":\"Dr. Amit Anand\",\"gender\":\"Male\",\"joining_date\":\"2026-06-24T00:00:00+05:30\",\"department_id\":1,\"isactive\":true,\"students\":[{\"id\":1,\"name\":\"Rahul Kumar\",\"email\":\"rahul@example.com\",\"gender\":\"Male\",\"faculty_id\":1,\"isactive\":true,\"fees\":[{\"id\":1,\"payment_mode\":\"Online\",\"amount\":50000,\"student_id\":1,\"isactive\":true}]},{\"id\":3,\"name\":\"Rahul Kumar\",\"email\":\"rahula@example.com\",\"gender\":\"Male\",\"faculty_id\":1,\"isactive\":true,\"fees\":[]}]}]},{\"id\":2,\"department_name\":\"Manu\",\"institution_id\":3,\"isactive\":true,\"faculties\":[]},{\"id\":3,\"department_name\":\"Manu\",\"institution_id\":4,\"isactive\":true,\"faculties\":[{\"id\":2,\"name\":\"Dr. Amit Anand\",\"gender\":\"Male\",\"joining_date\":\"2026-06-24T00:00:00+05:30\",\"department_id\":3,\"isactive\":true,\"students\":[{\"id\":2,\"name\":\"Rahul Kumar Sharma\",\"email\":\"rahul.sharma@example.com\",\"gender\":\"male\",\"faculty_id\":2,\"isactive\":true,\"fees\":[{\"id\":2,\"payment_mode\":\"Online\",\"amount\":50000,\"student_id\":2,\"isactive\":true}]},{\"id\":4,\"name\":\"Rahul Kumar\",\"email\":\"raha@example.com\",\"gender\":\"Male\",\"faculty_id\":2,\"isactive\":true,\"fees\":[]},{\"id\":5,\"name\":\"Rahula Kumar\",\"email\":\"rahaaa@example.com\",\"gender\":\"Male\",\"faculty_id\":2,\"isactive\":true,\"fees\":[]}]}]},{\"id\":4,\"department_name\":\"Manu\",\"institution_id\":16,\"isactive\":true,\"faculties\":[]},{\"id\":5,\"department_name\":\"Manu\",\"institution_id\":5,\"isactive\":true,\"faculties\":[{\"id\":3,\"name\":\"Dr. Amit Anand\",\"gender\":\"Male\",\"joining_date\":\"2026-06-24T00:00:00+05:30\",\"department_id\":5,\"isactive\":true,\"students\":[{\"id\":6,\"name\":\"Rahula Kumar\",\"email\":\"raa@example.com\",\"gender\":\"Male\",\"faculty_id\":3,\"isactive\":true,\"fees\":[]},{\"id\":7,\"name\":\"Rahusla Kumar\",\"email\":\"radbshdsdiha@example.com\",\"gender\":\"Male\",\"faculty_id\":3,\"isactive\":true,\"fees\":[]},{\"id\":8,\"name\":\"Rarrhusla Kumar\",\"email\":\"rarrdbshdsdiha@example.com\",\"gender\":\"Male\",\"faculty_id\":3,\"isactive\":true,\"fees\":[]},{\"id\":9,\"name\":\"Rarrhuslddda Kumar\",\"email\":\"rarrdbshddsdiha@example.com\",\"gender\":\"Male\",\"faculty_id\":3,\"isactive\":true,\"fees\":[]}]}]}],\"limit\":5,\"page\":1,\"total_count\":5,\"total_pages\":1},\"message\":\"Departments fetched successfully\",\"success\":true}"

**


**
Time      : 2026-07-27 12:10:01
Service   : Faculty
Method    : GET
Endpoint  : /faculties
Status    : 200

Request:
""

Response:
"{\"data\":{\"items\":[{\"id\":1,\"name\":\"Dr. Amit Anand\",\"gender\":\"Male\",\"joining_date\":\"2026-06-24T00:00:00+05:30\",\"department_id\":1,\"isactive\":true,\"students\":[{\"id\":1,\"name\":\"Rahul Kumar\",\"email\":\"rahul@example.com\",\"gender\":\"Male\",\"faculty_id\":1,\"isactive\":true,\"fees\":[{\"id\":1,\"payment_mode\":\"Online\",\"amount\":0,\"student_id\":1,\"isactive\":true}]},{\"id\":3,\"name\":\"Rahul Kumar\",\"email\":\"rahula@example.com\",\"gender\":\"Male\",\"faculty_id\":1,\"isactive\":true,\"fees\":[]}]},{\"id\":2,\"name\":\"Dr. Amit Anand\",\"gender\":\"Male\",\"joining_date\":\"2026-06-24T00:00:00+05:30\",\"department_id\":3,\"isactive\":true,\"students\":[{\"id\":2,\"name\":\"Rahul Kumar Sharma\",\"email\":\"rahul.sharma@example.com\",\"gender\":\"male\",\"faculty_id\":2,\"isactive\":true,\"fees\":[{\"id\":2,\"payment_mode\":\"Online\",\"amount\":0,\"student_id\":2,\"isactive\":true}]},{\"id\":4,\"name\":\"Rahul Kumar\",\"email\":\"raha@example.com\",\"gender\":\"Male\",\"faculty_id\":2,\"isactive\":true,\"fees\":[]},{\"id\":5,\"name\":\"Rahula Kumar\",\"email\":\"rahaaa@example.com\",\"gender\":\"Male\",\"faculty_id\":2,\"isactive\":true,\"fees\":[]}]},{\"id\":3,\"name\":\"Dr. Amit Anand\",\"gender\":\"Male\",\"joining_date\":\"2026-06-24T00:00:00+05:30\",\"department_id\":5,\"isactive\":true,\"students\":[{\"id\":6,\"name\":\"Rahula Kumar\",\"email\":\"raa@example.com\",\"gender\":\"Male\",\"faculty_id\":3,\"isactive\":true,\"fees\":[]},{\"id\":7,\"name\":\"Rahusla Kumar\",\"email\":\"radbshdsdiha@example.com\",\"gender\":\"Male\",\"faculty_id\":3,\"isactive\":true,\"fees\":[]},{\"id\":8,\"name\":\"Rarrhusla Kumar\",\"email\":\"rarrdbshdsdiha@example.com\",\"gender\":\"Male\",\"faculty_id\":3,\"isactive\":true,\"fees\":[]},{\"id\":9,\"name\":\"Rarrhuslddda Kumar\",\"email\":\"rarrdbshddsdiha@example.com\",\"gender\":\"Male\",\"faculty_id\":3,\"isactive\":true,\"fees\":[]}]}],\"limit\":5,\"page\":1,\"total_count\":3,\"total_pages\":1},\"message\":\"Faculties fetched successfully\",\"success\":true}"

**


**
Time      : 2026-07-27 12:10:01
Service   : Student
Method    : GET
Endpoint  : /students
Status    : 200

Request:
""

Response:
"{\"data\":{\"items\":[{\"id\":1,\"name\":\"Rahul Kumar\",\"email\":\"rahul@example.com\",\"gender\":\"Male\",\"faculty_id\":1,\"isactive\":true,\"fees\":[{\"id\":1,\"payment_mode\":\"Online\",\"amount\":50000,\"student_id\":1,\"isactive\":true}]},{\"id\":2,\"name\":\"Rahul Kumar Sharma\",\"email\":\"rahul.sharma@example.com\",\"gender\":\"male\",\"faculty_id\":2,\"isactive\":true,\"fees\":[{\"id\":2,\"payment_mode\":\"Online\",\"amount\":50000,\"student_id\":2,\"isactive\":true}]},{\"id\":3,\"name\":\"Rahul Kumar\",\"email\":\"rahula@example.com\",\"gender\":\"Male\",\"faculty_id\":1,\"isactive\":true,\"fees\":[]},{\"id\":4,\"name\":\"Rahul Kumar\",\"email\":\"raha@example.com\",\"gender\":\"Male\",\"faculty_id\":2,\"isactive\":true,\"fees\":[]},{\"id\":5,\"name\":\"Rahula Kumar\",\"email\":\"rahaaa@example.com\",\"gender\":\"Male\",\"faculty_id\":2,\"isactive\":true,\"fees\":[]}],\"limit\":5,\"page\":1,\"total_count\":9,\"total_pages\":2},\"message\":\"Students fetched successfully\",\"success\":true}"

**


**
Time      : 2026-07-27 12:10:01
Service   : Fees
Method    : GET
Endpoint  : /fees
Status    : 200

Request:
""

Response:
"{\"data\":{\"items\":[{\"id\":1,\"payment_mode\":\"Online\",\"amount\":50000,\"student_id\":1,\"isactive\":true},{\"id\":2,\"payment_mode\":\"Online\",\"amount\":50000,\"student_id\":2,\"isactive\":true}],\"limit\":5,\"page\":1,\"total_count\":2,\"total_pages\":1},\"message\":\"Fees fetched successfully\",\"success\":true}"

**


**
Time      : 2026-07-27 12:10:07
Service   : Student
Method    : GET
Endpoint  : /students
Status    : 200

Request:
""

Response:
"{\"data\":{\"items\":[{\"id\":1,\"name\":\"Rahul Kumar\",\"email\":\"rahul@example.com\",\"gender\":\"Male\",\"faculty_id\":1,\"isactive\":true,\"fees\":[{\"id\":1,\"payment_mode\":\"Online\",\"amount\":50000,\"student_id\":1,\"isactive\":true}]},{\"id\":2,\"name\":\"Rahul Kumar Sharma\",\"email\":\"rahul.sharma@example.com\",\"gender\":\"male\",\"faculty_id\":2,\"isactive\":true,\"fees\":[{\"id\":2,\"payment_mode\":\"Online\",\"amount\":50000,\"student_id\":2,\"isactive\":true}]},{\"id\":3,\"name\":\"Rahul Kumar\",\"email\":\"rahula@example.com\",\"gender\":\"Male\",\"faculty_id\":1,\"isactive\":true,\"fees\":[]},{\"id\":4,\"name\":\"Rahul Kumar\",\"email\":\"raha@example.com\",\"gender\":\"Male\",\"faculty_id\":2,\"isactive\":true,\"fees\":[]},{\"id\":5,\"name\":\"Rahula Kumar\",\"email\":\"rahaaa@example.com\",\"gender\":\"Male\",\"faculty_id\":2,\"isactive\":true,\"fees\":[]}],\"limit\":5,\"page\":1,\"total_count\":9,\"total_pages\":2},\"message\":\"Students fetched successfully\",\"success\":true}"

**


**
Time      : 2026-07-27 12:10:07
Service   : Institution
Method    : GET
Endpoint  : /institutes/
Status    : 200

Request:
""

Response:
"{\"data\":{\"items\":[{\"id\":1,\"name\":\"Anna\",\"institution_code\":\"sw51001\",\"state\":\"Tamil Nadu\",\"isactive\":true,\"departments\":[]},{\"id\":3,\"name\":\"Anna\",\"institution_code\":\"sw51001\",\"state\":\"Tamil Nadu\",\"isactive\":true,\"departments\":[{\"id\":2,\"department_name\":\"Manu\",\"institution_id\":3,\"isactive\":true,\"faculties\":[]}]},{\"id\":4,\"name\":\"Anna University Main Campus\",\"institution_code\":\"AU1001-M\",\"state\":\"Tamil Nadu\",\"isactive\":true,\"departments\":[{\"id\":3,\"department_name\":\"Manu\",\"institution_id\":4,\"isactive\":true,\"faculties\":[{\"id\":2,\"name\":\"Dr. Amit Anand\",\"gender\":\"Male\",\"joining_date\":\"2026-06-24T00:00:00+05:30\",\"department_id\":3,\"isactive\":true,\"students\":[{\"id\":2,\"name\":\"Rahul Kumar Sharma\",\"email\":\"rahul.sharma@example.com\",\"gender\":\"male\",\"faculty_id\":2,\"isactive\":true,\"fees\":[{\"id\":2,\"payment_mode\":\"Online\",\"amount\":50000,\"student_id\":2,\"isactive\":true}]},{\"id\":4,\"name\":\"Rahul Kumar\",\"email\":\"raha@example.com\",\"gender\":\"Male\",\"faculty_id\":2,\"isactive\":true,\"fees\":[]},{\"id\":5,\"name\":\"Rahula Kumar\",\"email\":\"rahaaa@example.com\",\"gender\":\"Male\",\"faculty_id\":2,\"isactive\":true,\"fees\":[]}]}]}]},{\"id\":5,\"name\":\"Annas\",\"institution_code\":\"SW01001\",\"state\":\"Tamil Nadu\",\"isactive\":true,\"departments\":[{\"id\":5,\"department_name\":\"Manu\",\"institution_id\":5,\"isactive\":true,\"faculties\":[{\"id\":3,\"name\":\"Dr. Amit Anand\",\"gender\":\"Male\",\"joining_date\":\"2026-06-24T00:00:00+05:30\",\"department_id\":5,\"isactive\":true,\"students\":[{\"id\":6,\"name\":\"Rahula Kumar\",\"email\":\"raa@example.com\",\"gender\":\"Male\",\"faculty_id\":3,\"isactive\":true,\"fees\":[]},{\"id\":7,\"name\":\"Rahusla Kumar\",\"email\":\"radbshdsdiha@example.com\",\"gender\":\"Male\",\"faculty_id\":3,\"isactive\":true,\"fees\":[]},{\"id\":8,\"name\":\"Rarrhusla Kumar\",\"email\":\"rarrdbshdsdiha@example.com\",\"gender\":\"Male\",\"faculty_id\":3,\"isactive\":true,\"fees\":[]},{\"id\":9,\"name\":\"Rarrhuslddda Kumar\",\"email\":\"rarrdbshddsdiha@example.com\",\"gender\":\"Male\",\"faculty_id\":3,\"isactive\":true,\"fees\":[]}]}]}]},{\"id\":6,\"name\":\"Annasw\",\"institution_code\":\"SW018001\",\"state\":\"Tamil Nadu\",\"isactive\":true,\"departments\":[]}],\"limit\":5,\"page\":1,\"total_count\":17,\"total_pages\":4},\"message\":\"Institutes fetched successfully\",\"success\":true}"

**


**
Time      : 2026-07-27 12:10:07
Service   : Fees
Method    : GET
Endpoint  : /fees
Status    : 200

Request:
""

Response:
"{\"data\":{\"items\":[{\"id\":1,\"payment_mode\":\"Online\",\"amount\":50000,\"student_id\":1,\"isactive\":true},{\"id\":2,\"payment_mode\":\"Online\",\"amount\":50000,\"student_id\":2,\"isactive\":true}],\"limit\":5,\"page\":1,\"total_count\":2,\"total_pages\":1},\"message\":\"Fees fetched successfully\",\"success\":true}"

**


**
Time      : 2026-07-27 12:10:07
Service   : Department
Method    : GET
Endpoint  : /departments
Status    : 200

Request:
""

Response:
"{\"data\":{\"items\":[{\"id\":1,\"department_name\":\"Manu\",\"institution_id\":2,\"isactive\":true,\"faculties\":[{\"id\":1,\"name\":\"Dr. Amit Anand\",\"gender\":\"Male\",\"joining_date\":\"2026-06-24T00:00:00+05:30\",\"department_id\":1,\"isactive\":true,\"students\":[{\"id\":1,\"name\":\"Rahul Kumar\",\"email\":\"rahul@example.com\",\"gender\":\"Male\",\"faculty_id\":1,\"isactive\":true,\"fees\":[{\"id\":1,\"payment_mode\":\"Online\",\"amount\":50000,\"student_id\":1,\"isactive\":true}]},{\"id\":3,\"name\":\"Rahul Kumar\",\"email\":\"rahula@example.com\",\"gender\":\"Male\",\"faculty_id\":1,\"isactive\":true,\"fees\":[]}]}]},{\"id\":2,\"department_name\":\"Manu\",\"institution_id\":3,\"isactive\":true,\"faculties\":[]},{\"id\":3,\"department_name\":\"Manu\",\"institution_id\":4,\"isactive\":true,\"faculties\":[{\"id\":2,\"name\":\"Dr. Amit Anand\",\"gender\":\"Male\",\"joining_date\":\"2026-06-24T00:00:00+05:30\",\"department_id\":3,\"isactive\":true,\"students\":[{\"id\":2,\"name\":\"Rahul Kumar Sharma\",\"email\":\"rahul.sharma@example.com\",\"gender\":\"male\",\"faculty_id\":2,\"isactive\":true,\"fees\":[{\"id\":2,\"payment_mode\":\"Online\",\"amount\":50000,\"student_id\":2,\"isactive\":true}]},{\"id\":4,\"name\":\"Rahul Kumar\",\"email\":\"raha@example.com\",\"gender\":\"Male\",\"faculty_id\":2,\"isactive\":true,\"fees\":[]},{\"id\":5,\"name\":\"Rahula Kumar\",\"email\":\"rahaaa@example.com\",\"gender\":\"Male\",\"faculty_id\":2,\"isactive\":true,\"fees\":[]}]}]},{\"id\":4,\"department_name\":\"Manu\",\"institution_id\":16,\"isactive\":true,\"faculties\":[]},{\"id\":5,\"department_name\":\"Manu\",\"institution_id\":5,\"isactive\":true,\"faculties\":[{\"id\":3,\"name\":\"Dr. Amit Anand\",\"gender\":\"Male\",\"joining_date\":\"2026-06-24T00:00:00+05:30\",\"department_id\":5,\"isactive\":true,\"students\":[{\"id\":6,\"name\":\"Rahula Kumar\",\"email\":\"raa@example.com\",\"gender\":\"Male\",\"faculty_id\":3,\"isactive\":true,\"fees\":[]},{\"id\":7,\"name\":\"Rahusla Kumar\",\"email\":\"radbshdsdiha@example.com\",\"gender\":\"Male\",\"faculty_id\":3,\"isactive\":true,\"fees\":[]},{\"id\":8,\"name\":\"Rarrhusla Kumar\",\"email\":\"rarrdbshdsdiha@example.com\",\"gender\":\"Male\",\"faculty_id\":3,\"isactive\":true,\"fees\":[]},{\"id\":9,\"name\":\"Rarrhuslddda Kumar\",\"email\":\"rarrdbshddsdiha@example.com\",\"gender\":\"Male\",\"faculty_id\":3,\"isactive\":true,\"fees\":[]}]}]}],\"limit\":5,\"page\":1,\"total_count\":5,\"total_pages\":1},\"message\":\"Departments fetched successfully\",\"success\":true}"

**


**
Time      : 2026-07-27 12:10:07
Service   : Faculty
Method    : GET
Endpoint  : /faculties
Status    : 200

Request:
""

Response:
"{\"data\":{\"items\":[{\"id\":1,\"name\":\"Dr. Amit Anand\",\"gender\":\"Male\",\"joining_date\":\"2026-06-24T00:00:00+05:30\",\"department_id\":1,\"isactive\":true,\"students\":[{\"id\":1,\"name\":\"Rahul Kumar\",\"email\":\"rahul@example.com\",\"gender\":\"Male\",\"faculty_id\":1,\"isactive\":true,\"fees\":[{\"id\":1,\"payment_mode\":\"Online\",\"amount\":0,\"student_id\":1,\"isactive\":true}]},{\"id\":3,\"name\":\"Rahul Kumar\",\"email\":\"rahula@example.com\",\"gender\":\"Male\",\"faculty_id\":1,\"isactive\":true,\"fees\":[]}]},{\"id\":2,\"name\":\"Dr. Amit Anand\",\"gender\":\"Male\",\"joining_date\":\"2026-06-24T00:00:00+05:30\",\"department_id\":3,\"isactive\":true,\"students\":[{\"id\":2,\"name\":\"Rahul Kumar Sharma\",\"email\":\"rahul.sharma@example.com\",\"gender\":\"male\",\"faculty_id\":2,\"isactive\":true,\"fees\":[{\"id\":2,\"payment_mode\":\"Online\",\"amount\":0,\"student_id\":2,\"isactive\":true}]},{\"id\":4,\"name\":\"Rahul Kumar\",\"email\":\"raha@example.com\",\"gender\":\"Male\",\"faculty_id\":2,\"isactive\":true,\"fees\":[]},{\"id\":5,\"name\":\"Rahula Kumar\",\"email\":\"rahaaa@example.com\",\"gender\":\"Male\",\"faculty_id\":2,\"isactive\":true,\"fees\":[]}]},{\"id\":3,\"name\":\"Dr. Amit Anand\",\"gender\":\"Male\",\"joining_date\":\"2026-06-24T00:00:00+05:30\",\"department_id\":5,\"isactive\":true,\"students\":[{\"id\":6,\"name\":\"Rahula Kumar\",\"email\":\"raa@example.com\",\"gender\":\"Male\",\"faculty_id\":3,\"isactive\":true,\"fees\":[]},{\"id\":7,\"name\":\"Rahusla Kumar\",\"email\":\"radbshdsdiha@example.com\",\"gender\":\"Male\",\"faculty_id\":3,\"isactive\":true,\"fees\":[]},{\"id\":8,\"name\":\"Rarrhusla Kumar\",\"email\":\"rarrdbshdsdiha@example.com\",\"gender\":\"Male\",\"faculty_id\":3,\"isactive\":true,\"fees\":[]},{\"id\":9,\"name\":\"Rarrhuslddda Kumar\",\"email\":\"rarrdbshddsdiha@example.com\",\"gender\":\"Male\",\"faculty_id\":3,\"isactive\":true,\"fees\":[]}]}],\"limit\":5,\"page\":1,\"total_count\":3,\"total_pages\":1},\"message\":\"Faculties fetched successfully\",\"success\":true}"

**


**
Time      : 2026-07-27 12:12:52
Service   : Department
Method    : GET
Endpoint  : /departments
Status    : 200

Request:
""

Response:
"{\"data\":{\"items\":[{\"id\":1,\"department_name\":\"Manu\",\"institution_id\":2,\"isactive\":true,\"faculties\":[{\"id\":1,\"name\":\"Dr. Amit Anand\",\"gender\":\"Male\",\"joining_date\":\"2026-06-24T00:00:00+05:30\",\"department_id\":1,\"isactive\":true,\"students\":[{\"id\":1,\"name\":\"Rahul Kumar\",\"email\":\"rahul@example.com\",\"gender\":\"Male\",\"faculty_id\":1,\"isactive\":true,\"fees\":[{\"id\":1,\"payment_mode\":\"Online\",\"amount\":50000,\"student_id\":1,\"isactive\":true}]},{\"id\":3,\"name\":\"Rahul Kumar\",\"email\":\"rahula@example.com\",\"gender\":\"Male\",\"faculty_id\":1,\"isactive\":true,\"fees\":[]}]}]},{\"id\":2,\"department_name\":\"Manu\",\"institution_id\":3,\"isactive\":true,\"faculties\":[]},{\"id\":3,\"department_name\":\"Manu\",\"institution_id\":4,\"isactive\":true,\"faculties\":[{\"id\":2,\"name\":\"Dr. Amit Anand\",\"gender\":\"Male\",\"joining_date\":\"2026-06-24T00:00:00+05:30\",\"department_id\":3,\"isactive\":true,\"students\":[{\"id\":2,\"name\":\"Rahul Kumar Sharma\",\"email\":\"rahul.sharma@example.com\",\"gender\":\"male\",\"faculty_id\":2,\"isactive\":true,\"fees\":[{\"id\":2,\"payment_mode\":\"Online\",\"amount\":50000,\"student_id\":2,\"isactive\":true}]},{\"id\":4,\"name\":\"Rahul Kumar\",\"email\":\"raha@example.com\",\"gender\":\"Male\",\"faculty_id\":2,\"isactive\":true,\"fees\":[]},{\"id\":5,\"name\":\"Rahula Kumar\",\"email\":\"rahaaa@example.com\",\"gender\":\"Male\",\"faculty_id\":2,\"isactive\":true,\"fees\":[]}]}]},{\"id\":4,\"department_name\":\"Manu\",\"institution_id\":16,\"isactive\":true,\"faculties\":[]},{\"id\":5,\"department_name\":\"Manu\",\"institution_id\":5,\"isactive\":true,\"faculties\":[{\"id\":3,\"name\":\"Dr. Amit Anand\",\"gender\":\"Male\",\"joining_date\":\"2026-06-24T00:00:00+05:30\",\"department_id\":5,\"isactive\":true,\"students\":[{\"id\":6,\"name\":\"Rahula Kumar\",\"email\":\"raa@example.com\",\"gender\":\"Male\",\"faculty_id\":3,\"isactive\":true,\"fees\":[]},{\"id\":7,\"name\":\"Rahusla Kumar\",\"email\":\"radbshdsdiha@example.com\",\"gender\":\"Male\",\"faculty_id\":3,\"isactive\":true,\"fees\":[]},{\"id\":8,\"name\":\"Rarrhusla Kumar\",\"email\":\"rarrdbshdsdiha@example.com\",\"gender\":\"Male\",\"faculty_id\":3,\"isactive\":true,\"fees\":[]},{\"id\":9,\"name\":\"Rarrhuslddda Kumar\",\"email\":\"rarrdbshddsdiha@example.com\",\"gender\":\"Male\",\"faculty_id\":3,\"isactive\":true,\"fees\":[]}]}]}],\"limit\":10,\"page\":1,\"total_count\":5,\"total_pages\":1},\"message\":\"Departments fetched successfully\",\"success\":true}"

**


**
Time      : 2026-07-27 12:12:52
Service   : Institution
Method    : GET
Endpoint  : /institutes/
Status    : 200

Request:
""

Response:
"{\"data\":{\"items\":[{\"id\":1,\"name\":\"Anna\",\"institution_code\":\"sw51001\",\"state\":\"Tamil Nadu\",\"isactive\":true,\"departments\":[]},{\"id\":3,\"name\":\"Anna\",\"institution_code\":\"sw51001\",\"state\":\"Tamil Nadu\",\"isactive\":true,\"departments\":[{\"id\":2,\"department_name\":\"Manu\",\"institution_id\":3,\"isactive\":true,\"faculties\":[]}]},{\"id\":4,\"name\":\"Anna University Main Campus\",\"institution_code\":\"AU1001-M\",\"state\":\"Tamil Nadu\",\"isactive\":true,\"departments\":[{\"id\":3,\"department_name\":\"Manu\",\"institution_id\":4,\"isactive\":true,\"faculties\":[{\"id\":2,\"name\":\"Dr. Amit Anand\",\"gender\":\"Male\",\"joining_date\":\"2026-06-24T00:00:00+05:30\",\"department_id\":3,\"isactive\":true,\"students\":[{\"id\":2,\"name\":\"Rahul Kumar Sharma\",\"email\":\"rahul.sharma@example.com\",\"gender\":\"male\",\"faculty_id\":2,\"isactive\":true,\"fees\":[{\"id\":2,\"payment_mode\":\"Online\",\"amount\":50000,\"student_id\":2,\"isactive\":true}]},{\"id\":4,\"name\":\"Rahul Kumar\",\"email\":\"raha@example.com\",\"gender\":\"Male\",\"faculty_id\":2,\"isactive\":true,\"fees\":[]},{\"id\":5,\"name\":\"Rahula Kumar\",\"email\":\"rahaaa@example.com\",\"gender\":\"Male\",\"faculty_id\":2,\"isactive\":true,\"fees\":[]}]}]}]},{\"id\":5,\"name\":\"Annas\",\"institution_code\":\"SW01001\",\"state\":\"Tamil Nadu\",\"isactive\":true,\"departments\":[{\"id\":5,\"department_name\":\"Manu\",\"institution_id\":5,\"isactive\":true,\"faculties\":[{\"id\":3,\"name\":\"Dr. Amit Anand\",\"gender\":\"Male\",\"joining_date\":\"2026-06-24T00:00:00+05:30\",\"department_id\":5,\"isactive\":true,\"students\":[{\"id\":6,\"name\":\"Rahula Kumar\",\"email\":\"raa@example.com\",\"gender\":\"Male\",\"faculty_id\":3,\"isactive\":true,\"fees\":[]},{\"id\":7,\"name\":\"Rahusla Kumar\",\"email\":\"radbshdsdiha@example.com\",\"gender\":\"Male\",\"faculty_id\":3,\"isactive\":true,\"fees\":[]},{\"id\":8,\"name\":\"Rarrhusla Kumar\",\"email\":\"rarrdbshdsdiha@example.com\",\"gender\":\"Male\",\"faculty_id\":3,\"isactive\":true,\"fees\":[]},{\"id\":9,\"name\":\"Rarrhuslddda Kumar\",\"email\":\"rarrdbshddsdiha@example.com\",\"gender\":\"Male\",\"faculty_id\":3,\"isactive\":true,\"fees\":[]}]}]}]},{\"id\":6,\"name\":\"Annasw\",\"institution_code\":\"SW018001\",\"state\":\"Tamil Nadu\",\"isactive\":true,\"departments\":[]},{\"id\":7,\"name\":\"Annass\",\"institution_code\":\"SW77789454\",\"state\":\"Tamil Nadu\",\"isactive\":true,\"departments\":[]},{\"id\":8,\"name\":\"Annassww\",\"institution_code\":\"SW778545489454\",\"state\":\"Tamil Nadu\",\"isactive\":true,\"departments\":[]},{\"id\":9,\"name\":\"Annasssww\",\"institution_code\":\"S778545489454\",\"state\":\"Tamil Nadu\",\"isactive\":true,\"departments\":[]},{\"id\":10,\"name\":\"Aw\",\"institution_code\":\"78545489454\",\"state\":\"Tamil Nadu\",\"isactive\":true,\"departments\":[]},{\"id\":11,\"name\":\"A5w\",\"institution_code\":\"dnjds\",\"state\":\"Tamil Nadu\",\"isactive\":true,\"departments\":[]}],\"limit\":10,\"page\":1,\"total_count\":17,\"total_pages\":2},\"message\":\"Institutes fetched successfully\",\"success\":true}"

**


**
Time      : 2026-07-27 12:12:52
Service   : Student
Method    : GET
Endpoint  : /students
Status    : 200

Request:
""

Response:
"{\"data\":{\"items\":[{\"id\":1,\"name\":\"Rahul Kumar\",\"email\":\"rahul@example.com\",\"gender\":\"Male\",\"faculty_id\":1,\"isactive\":true,\"fees\":[{\"id\":1,\"payment_mode\":\"Online\",\"amount\":50000,\"student_id\":1,\"isactive\":true}]},{\"id\":2,\"name\":\"Rahul Kumar Sharma\",\"email\":\"rahul.sharma@example.com\",\"gender\":\"male\",\"faculty_id\":2,\"isactive\":true,\"fees\":[{\"id\":2,\"payment_mode\":\"Online\",\"amount\":50000,\"student_id\":2,\"isactive\":true}]},{\"id\":3,\"name\":\"Rahul Kumar\",\"email\":\"rahula@example.com\",\"gender\":\"Male\",\"faculty_id\":1,\"isactive\":true,\"fees\":[]},{\"id\":4,\"name\":\"Rahul Kumar\",\"email\":\"raha@example.com\",\"gender\":\"Male\",\"faculty_id\":2,\"isactive\":true,\"fees\":[]},{\"id\":5,\"name\":\"Rahula Kumar\",\"email\":\"rahaaa@example.com\",\"gender\":\"Male\",\"faculty_id\":2,\"isactive\":true,\"fees\":[]},{\"id\":6,\"name\":\"Rahula Kumar\",\"email\":\"raa@example.com\",\"gender\":\"Male\",\"faculty_id\":3,\"isactive\":true,\"fees\":[]},{\"id\":7,\"name\":\"Rahusla Kumar\",\"email\":\"radbshdsdiha@example.com\",\"gender\":\"Male\",\"faculty_id\":3,\"isactive\":true,\"fees\":[]},{\"id\":8,\"name\":\"Rarrhusla Kumar\",\"email\":\"rarrdbshdsdiha@example.com\",\"gender\":\"Male\",\"faculty_id\":3,\"isactive\":true,\"fees\":[]},{\"id\":9,\"name\":\"Rarrhuslddda Kumar\",\"email\":\"rarrdbshddsdiha@example.com\",\"gender\":\"Male\",\"faculty_id\":3,\"isactive\":true,\"fees\":[]}],\"limit\":10,\"page\":1,\"total_count\":9,\"total_pages\":1},\"message\":\"Students fetched successfully\",\"success\":true}"

**


**
Time      : 2026-07-27 12:12:52
Service   : Faculty
Method    : GET
Endpoint  : /faculties
Status    : 200

Request:
""

Response:
"{\"data\":{\"items\":[{\"id\":1,\"name\":\"Dr. Amit Anand\",\"gender\":\"Male\",\"joining_date\":\"2026-06-24T00:00:00+05:30\",\"department_id\":1,\"isactive\":true,\"students\":[{\"id\":1,\"name\":\"Rahul Kumar\",\"email\":\"rahul@example.com\",\"gender\":\"Male\",\"faculty_id\":1,\"isactive\":true,\"fees\":[{\"id\":1,\"payment_mode\":\"Online\",\"amount\":0,\"student_id\":1,\"isactive\":true}]},{\"id\":3,\"name\":\"Rahul Kumar\",\"email\":\"rahula@example.com\",\"gender\":\"Male\",\"faculty_id\":1,\"isactive\":true,\"fees\":[]}]},{\"id\":2,\"name\":\"Dr. Amit Anand\",\"gender\":\"Male\",\"joining_date\":\"2026-06-24T00:00:00+05:30\",\"department_id\":3,\"isactive\":true,\"students\":[{\"id\":2,\"name\":\"Rahul Kumar Sharma\",\"email\":\"rahul.sharma@example.com\",\"gender\":\"male\",\"faculty_id\":2,\"isactive\":true,\"fees\":[{\"id\":2,\"payment_mode\":\"Online\",\"amount\":0,\"student_id\":2,\"isactive\":true}]},{\"id\":4,\"name\":\"Rahul Kumar\",\"email\":\"raha@example.com\",\"gender\":\"Male\",\"faculty_id\":2,\"isactive\":true,\"fees\":[]},{\"id\":5,\"name\":\"Rahula Kumar\",\"email\":\"rahaaa@example.com\",\"gender\":\"Male\",\"faculty_id\":2,\"isactive\":true,\"fees\":[]}]},{\"id\":3,\"name\":\"Dr. Amit Anand\",\"gender\":\"Male\",\"joining_date\":\"2026-06-24T00:00:00+05:30\",\"department_id\":5,\"isactive\":true,\"students\":[{\"id\":6,\"name\":\"Rahula Kumar\",\"email\":\"raa@example.com\",\"gender\":\"Male\",\"faculty_id\":3,\"isactive\":true,\"fees\":[]},{\"id\":7,\"name\":\"Rahusla Kumar\",\"email\":\"radbshdsdiha@example.com\",\"gender\":\"Male\",\"faculty_id\":3,\"isactive\":true,\"fees\":[]},{\"id\":8,\"name\":\"Rarrhusla Kumar\",\"email\":\"rarrdbshdsdiha@example.com\",\"gender\":\"Male\",\"faculty_id\":3,\"isactive\":true,\"fees\":[]},{\"id\":9,\"name\":\"Rarrhuslddda Kumar\",\"email\":\"rarrdbshddsdiha@example.com\",\"gender\":\"Male\",\"faculty_id\":3,\"isactive\":true,\"fees\":[]}]}],\"limit\":10,\"page\":1,\"total_count\":3,\"total_pages\":1},\"message\":\"Faculties fetched successfully\",\"success\":true}"

**


**
Time      : 2026-07-27 12:12:52
Service   : Fees
Method    : GET
Endpoint  : /fees
Status    : 200

Request:
""

Response:
"{\"data\":{\"items\":[{\"id\":1,\"payment_mode\":\"Online\",\"amount\":50000,\"student_id\":1,\"isactive\":true},{\"id\":2,\"payment_mode\":\"Online\",\"amount\":50000,\"student_id\":2,\"isactive\":true}],\"limit\":10,\"page\":1,\"total_count\":2,\"total_pages\":1},\"message\":\"Fees fetched successfully\",\"success\":true}"

**


**
Time      : 2026-07-27 12:15:10
Service   : Auth
Method    : POST
Endpoint  : /signin
Status    : 200

Request:
"[REDACTED/SENSITIVE]"

Response:
"{\"data\":{\"access_token\":\"eyJhbGciOiJIUzI1NiIsInR5cCI6IkpXVCJ9.eyJleHAiOjE3ODUxMzU2MTAsImlhdCI6MTc4NTEzNDcxMCwic2Vzc2lvbl9pZCI6ImJkMDFhODMyLWRmODktNGE1Mi1hY2Q3LWM0MGM1YjkwMGIwYiIsInVzZXJfaWQiOjk0fQ.oIAckQG2tV9AahYq3WyuOXm27Fv_tmIFyAFVVJlNRXI\",\"refresh_token\":\"eyJhbGciOiJIUzI1NiIsInR5cCI6IkpXVCJ9.eyJleHAiOjE3ODc3MjY3MTAsImlhdCI6MTc4NTEzNDcxMCwic2Vzc2lvbl9pZCI6ImJkMDFhODMyLWRmODktNGE1Mi1hY2Q3LWM0MGM1YjkwMGIwYiIsInVzZXJfaWQiOjk0fQ.WPIy6AOHONGLHR4INvUHJ0En2r1_5SsgSpv5KINDwLs\",\"user_id\":94,\"session_id\":\"bd01a832-df89-4a52-acd7-c40c5b900b0b\"},\"message\":\"Signed in successfully\",\"success\":true}"

**


**
Time      : 2026-07-27 12:15:11
Service   : Auth
Method    : POST
Endpoint  : /signin
Status    : 200

Request:
"[REDACTED/SENSITIVE]"

Response:
"{\"data\":{\"access_token\":\"eyJhbGciOiJIUzI1NiIsInR5cCI6IkpXVCJ9.eyJleHAiOjE3ODUxMzU2MTEsImlhdCI6MTc4NTEzNDcxMSwic2Vzc2lvbl9pZCI6ImM5OWVjMmExLTg3MjYtNDFlMi05ZGQxLTc0YmQ5ZWM1MzA2OSIsInVzZXJfaWQiOjk0fQ.pMoyHEYJA761l5sEafyo-GHI4P0OW6pumy_7REXsSRQ\",\"refresh_token\":\"eyJhbGciOiJIUzI1NiIsInR5cCI6IkpXVCJ9.eyJleHAiOjE3ODc3MjY3MTEsImlhdCI6MTc4NTEzNDcxMSwic2Vzc2lvbl9pZCI6ImM5OWVjMmExLTg3MjYtNDFlMi05ZGQxLTc0YmQ5ZWM1MzA2OSIsInVzZXJfaWQiOjk0fQ.4ImevbmMoC5-TMgpD2__F9wwz4hmR0yLm63C7hkU2lE\",\"user_id\":94,\"session_id\":\"c99ec2a1-8726-41e2-9dd1-74bd9ec53069\"},\"message\":\"Signed in successfully\",\"success\":true}"

**


**
Time      : 2026-07-27 12:15:12
Service   : Auth
Method    : POST
Endpoint  : /signin
Status    : 200

Request:
"[REDACTED/SENSITIVE]"

Response:
"{\"data\":{\"access_token\":\"eyJhbGciOiJIUzI1NiIsInR5cCI6IkpXVCJ9.eyJleHAiOjE3ODUxMzU2MTIsImlhdCI6MTc4NTEzNDcxMiwic2Vzc2lvbl9pZCI6ImYzNzcwMzRhLTBmYzEtNDNjMi1hN2FjLTk3MWVlODhlNThjMCIsInVzZXJfaWQiOjk0fQ.d-sUg4JNHHC8RHvCrrQZaRCu77RvMcBWXWazWQJFtfs\",\"refresh_token\":\"eyJhbGciOiJIUzI1NiIsInR5cCI6IkpXVCJ9.eyJleHAiOjE3ODc3MjY3MTIsImlhdCI6MTc4NTEzNDcxMiwic2Vzc2lvbl9pZCI6ImYzNzcwMzRhLTBmYzEtNDNjMi1hN2FjLTk3MWVlODhlNThjMCIsInVzZXJfaWQiOjk0fQ.B21MdMjQ5iT-8PQgYkLE0V6piMh_WZ0CI7APXecDH4Y\",\"user_id\":94,\"session_id\":\"f377034a-0fc1-43c2-a7ac-971ee88e58c0\"},\"message\":\"Signed in successfully\",\"success\":true}"

**


**
Time      : 2026-07-27 12:15:12
Service   : Auth
Method    : POST
Endpoint  : /signin
Status    : 200

Request:
"[REDACTED/SENSITIVE]"

Response:
"{\"data\":{\"access_token\":\"eyJhbGciOiJIUzI1NiIsInR5cCI6IkpXVCJ9.eyJleHAiOjE3ODUxMzU2MTIsImlhdCI6MTc4NTEzNDcxMiwic2Vzc2lvbl9pZCI6ImFkZTQ3MzRiLTBmNGQtNDhmOS04MDI5LTZiYWZlOTQ4YzFlZSIsInVzZXJfaWQiOjk0fQ.4Ig17i6XHXAHafB_eN2pTmn6WoOMDdLpLREW24OyFdg\",\"refresh_token\":\"eyJhbGciOiJIUzI1NiIsInR5cCI6IkpXVCJ9.eyJleHAiOjE3ODc3MjY3MTIsImlhdCI6MTc4NTEzNDcxMiwic2Vzc2lvbl9pZCI6ImFkZTQ3MzRiLTBmNGQtNDhmOS04MDI5LTZiYWZlOTQ4YzFlZSIsInVzZXJfaWQiOjk0fQ.OTvuCRfTWiFjrlaCTmwVvaPZ_reSj5yQ0SYoNGd48Rk\",\"user_id\":94,\"session_id\":\"ade4734b-0f4d-48f9-8029-6bafe948c1ee\"},\"message\":\"Signed in successfully\",\"success\":true}"

**


**
Time      : 2026-07-27 12:15:14
Service   : Faculty
Method    : GET
Endpoint  : /faculties
Status    : 200

Request:
""

Response:
"{\"data\":{\"items\":[{\"id\":1,\"name\":\"Dr. Amit Anand\",\"gender\":\"Male\",\"joining_date\":\"2026-06-24T00:00:00+05:30\",\"department_id\":1,\"isactive\":true,\"students\":[{\"id\":1,\"name\":\"Rahul Kumar\",\"email\":\"rahul@example.com\",\"gender\":\"Male\",\"faculty_id\":1,\"isactive\":true,\"fees\":[{\"id\":1,\"payment_mode\":\"Online\",\"amount\":0,\"student_id\":1,\"isactive\":true}]},{\"id\":3,\"name\":\"Rahul Kumar\",\"email\":\"rahula@example.com\",\"gender\":\"Male\",\"faculty_id\":1,\"isactive\":true,\"fees\":[]}]},{\"id\":2,\"name\":\"Dr. Amit Anand\",\"gender\":\"Male\",\"joining_date\":\"2026-06-24T00:00:00+05:30\",\"department_id\":3,\"isactive\":true,\"students\":[{\"id\":2,\"name\":\"Rahul Kumar Sharma\",\"email\":\"rahul.sharma@example.com\",\"gender\":\"male\",\"faculty_id\":2,\"isactive\":true,\"fees\":[{\"id\":2,\"payment_mode\":\"Online\",\"amount\":0,\"student_id\":2,\"isactive\":true}]},{\"id\":4,\"name\":\"Rahul Kumar\",\"email\":\"raha@example.com\",\"gender\":\"Male\",\"faculty_id\":2,\"isactive\":true,\"fees\":[]},{\"id\":5,\"name\":\"Rahula Kumar\",\"email\":\"rahaaa@example.com\",\"gender\":\"Male\",\"faculty_id\":2,\"isactive\":true,\"fees\":[]}]},{\"id\":3,\"name\":\"Dr. Amit Anand\",\"gender\":\"Male\",\"joining_date\":\"2026-06-24T00:00:00+05:30\",\"department_id\":5,\"isactive\":true,\"students\":[{\"id\":6,\"name\":\"Rahula Kumar\",\"email\":\"raa@example.com\",\"gender\":\"Male\",\"faculty_id\":3,\"isactive\":true,\"fees\":[]},{\"id\":7,\"name\":\"Rahusla Kumar\",\"email\":\"radbshdsdiha@example.com\",\"gender\":\"Male\",\"faculty_id\":3,\"isactive\":true,\"fees\":[]},{\"id\":8,\"name\":\"Rarrhusla Kumar\",\"email\":\"rarrdbshdsdiha@example.com\",\"gender\":\"Male\",\"faculty_id\":3,\"isactive\":true,\"fees\":[]},{\"id\":9,\"name\":\"Rarrhuslddda Kumar\",\"email\":\"rarrdbshddsdiha@example.com\",\"gender\":\"Male\",\"faculty_id\":3,\"isactive\":true,\"fees\":[]}]}],\"limit\":10,\"page\":1,\"total_count\":3,\"total_pages\":1},\"message\":\"Faculties fetched successfully\",\"success\":true}"

**


**
Time      : 2026-07-27 12:15:24
Service   : Institution
Method    : GET
Endpoint  : /institutes/
Status    : 200

Request:
""

Response:
"{\"data\":{\"items\":[{\"id\":1,\"name\":\"Anna\",\"institution_code\":\"sw51001\",\"state\":\"Tamil Nadu\",\"isactive\":true,\"departments\":[]},{\"id\":3,\"name\":\"Anna\",\"institution_code\":\"sw51001\",\"state\":\"Tamil Nadu\",\"isactive\":true,\"departments\":[{\"id\":2,\"department_name\":\"Manu\",\"institution_id\":3,\"isactive\":true,\"faculties\":[]}]},{\"id\":4,\"name\":\"Anna University Main Campus\",\"institution_code\":\"AU1001-M\",\"state\":\"Tamil Nadu\",\"isactive\":true,\"departments\":[{\"id\":3,\"department_name\":\"Manu\",\"institution_id\":4,\"isactive\":true,\"faculties\":[{\"id\":2,\"name\":\"Dr. Amit Anand\",\"gender\":\"Male\",\"joining_date\":\"2026-06-24T00:00:00+05:30\",\"department_id\":3,\"isactive\":true,\"students\":[{\"id\":2,\"name\":\"Rahul Kumar Sharma\",\"email\":\"rahul.sharma@example.com\",\"gender\":\"male\",\"faculty_id\":2,\"isactive\":true,\"fees\":[{\"id\":2,\"payment_mode\":\"Online\",\"amount\":50000,\"student_id\":2,\"isactive\":true}]},{\"id\":4,\"name\":\"Rahul Kumar\",\"email\":\"raha@example.com\",\"gender\":\"Male\",\"faculty_id\":2,\"isactive\":true,\"fees\":[]},{\"id\":5,\"name\":\"Rahula Kumar\",\"email\":\"rahaaa@example.com\",\"gender\":\"Male\",\"faculty_id\":2,\"isactive\":true,\"fees\":[]}]}]}]},{\"id\":5,\"name\":\"Annas\",\"institution_code\":\"SW01001\",\"state\":\"Tamil Nadu\",\"isactive\":true,\"departments\":[{\"id\":5,\"department_name\":\"Manu\",\"institution_id\":5,\"isactive\":true,\"faculties\":[{\"id\":3,\"name\":\"Dr. Amit Anand\",\"gender\":\"Male\",\"joining_date\":\"2026-06-24T00:00:00+05:30\",\"department_id\":5,\"isactive\":true,\"students\":[{\"id\":6,\"name\":\"Rahula Kumar\",\"email\":\"raa@example.com\",\"gender\":\"Male\",\"faculty_id\":3,\"isactive\":true,\"fees\":[]},{\"id\":7,\"name\":\"Rahusla Kumar\",\"email\":\"radbshdsdiha@example.com\",\"gender\":\"Male\",\"faculty_id\":3,\"isactive\":true,\"fees\":[]},{\"id\":8,\"name\":\"Rarrhusla Kumar\",\"email\":\"rarrdbshdsdiha@example.com\",\"gender\":\"Male\",\"faculty_id\":3,\"isactive\":true,\"fees\":[]},{\"id\":9,\"name\":\"Rarrhuslddda Kumar\",\"email\":\"rarrdbshddsdiha@example.com\",\"gender\":\"Male\",\"faculty_id\":3,\"isactive\":true,\"fees\":[]}]}]}]},{\"id\":6,\"name\":\"Annasw\",\"institution_code\":\"SW018001\",\"state\":\"Tamil Nadu\",\"isactive\":true,\"departments\":[]},{\"id\":7,\"name\":\"Annass\",\"institution_code\":\"SW77789454\",\"state\":\"Tamil Nadu\",\"isactive\":true,\"departments\":[]},{\"id\":8,\"name\":\"Annassww\",\"institution_code\":\"SW778545489454\",\"state\":\"Tamil Nadu\",\"isactive\":true,\"departments\":[]},{\"id\":9,\"name\":\"Annasssww\",\"institution_code\":\"S778545489454\",\"state\":\"Tamil Nadu\",\"isactive\":true,\"departments\":[]},{\"id\":10,\"name\":\"Aw\",\"institution_code\":\"78545489454\",\"state\":\"Tamil Nadu\",\"isactive\":true,\"departments\":[]},{\"id\":11,\"name\":\"A5w\",\"institution_code\":\"dnjds\",\"state\":\"Tamil Nadu\",\"isactive\":true,\"departments\":[]}],\"limit\":10,\"page\":1,\"total_count\":17,\"total_pages\":2},\"message\":\"Institutes fetched successfully\",\"success\":true}"

**


**
Time      : 2026-07-27 12:15:36
Service   : Institution
Method    : GET
Endpoint  : /institutes/
Status    : 200

Request:
""

Response:
"{\"data\":{\"items\":[{\"id\":12,\"name\":\"A5DDw\",\"institution_code\":\"dnDjds\",\"state\":\"Tamil Nadu\",\"isactive\":true,\"departments\":[]},{\"id\":13,\"name\":\"A5DDwBB\",\"institution_code\":\"dnDjBBs\",\"state\":\"Tamil Nadu\",\"isactive\":true,\"departments\":[]},{\"id\":14,\"name\":\"A5DDwBBVV\",\"institution_code\":\"dnDVjBBs\",\"state\":\"Tamil Nadu\",\"isactive\":true,\"departments\":[]},{\"id\":15,\"name\":\"A5DDwBBFFVV\",\"institution_code\":\"FFdnDVjBBs\",\"state\":\"Tamil Nadu\",\"isactive\":true,\"departments\":[]},{\"id\":16,\"name\":\"A5DDwBBSSFFVV\",\"institution_code\":\"FFSSdnDVjBBs\",\"state\":\"Tamil Nadu\",\"isactive\":true,\"departments\":[{\"id\":4,\"department_name\":\"Manu\",\"institution_id\":16,\"isactive\":true,\"faculties\":[]}]},{\"id\":17,\"name\":\"Ahil\",\"institution_code\":\"SM5059\",\"state\":\"Karnataka\",\"isactive\":true,\"departments\":[]},{\"id\":18,\"name\":\"fbkjfd\",\"institution_code\":\"SAkjd90\",\"state\":\"Karnataka\",\"isactive\":true,\"departments\":[]}],\"limit\":10,\"page\":2,\"total_count\":17,\"total_pages\":2},\"message\":\"Institutes fetched successfully\",\"success\":true}"

**


**
Time      : 2026-07-27 12:16:09
Service   : Institution
Method    : POST
Endpoint  : /institutes
Status    : 200

Request:
"{\"name\":\"Saple\",\"institution_code\":\"SSADADe\",\"state\":\"Tamil\"}"

Response:
"{\"data\":{\"id\":19,\"name\":\"Saple\",\"institution_code\":\"SSADADe\",\"state\":\"Tamil\",\"isactive\":true,\"departments\":[]},\"message\":\"Institution created successfully\",\"success\":true}"

**


**
Time      : 2026-07-27 12:16:09
Service   : Institution
Method    : GET
Endpoint  : /institutes/
Status    : 200

Request:
""

Response:
"{\"data\":{\"items\":[{\"id\":12,\"name\":\"A5DDw\",\"institution_code\":\"dnDjds\",\"state\":\"Tamil Nadu\",\"isactive\":true,\"departments\":[]},{\"id\":13,\"name\":\"A5DDwBB\",\"institution_code\":\"dnDjBBs\",\"state\":\"Tamil Nadu\",\"isactive\":true,\"departments\":[]},{\"id\":14,\"name\":\"A5DDwBBVV\",\"institution_code\":\"dnDVjBBs\",\"state\":\"Tamil Nadu\",\"isactive\":true,\"departments\":[]},{\"id\":15,\"name\":\"A5DDwBBFFVV\",\"institution_code\":\"FFdnDVjBBs\",\"state\":\"Tamil Nadu\",\"isactive\":true,\"departments\":[]},{\"id\":16,\"name\":\"A5DDwBBSSFFVV\",\"institution_code\":\"FFSSdnDVjBBs\",\"state\":\"Tamil Nadu\",\"isactive\":true,\"departments\":[{\"id\":4,\"department_name\":\"Manu\",\"institution_id\":16,\"isactive\":true,\"faculties\":[]}]},{\"id\":17,\"name\":\"Ahil\",\"institution_code\":\"SM5059\",\"state\":\"Karnataka\",\"isactive\":true,\"departments\":[]},{\"id\":18,\"name\":\"fbkjfd\",\"institution_code\":\"SAkjd90\",\"state\":\"Karnataka\",\"isactive\":true,\"departments\":[]},{\"id\":19,\"name\":\"Saple\",\"institution_code\":\"SSADADe\",\"state\":\"Tamil\",\"isactive\":true,\"departments\":[]}],\"limit\":10,\"page\":2,\"total_count\":18,\"total_pages\":2},\"message\":\"Institutes fetched successfully\",\"success\":true}"

**


**
Time      : 2026-07-27 12:16:15
Service   : Department
Method    : GET
Endpoint  : /departments
Status    : 200

Request:
""

Response:
"{\"data\":{\"items\":[{\"id\":1,\"department_name\":\"Manu\",\"institution_id\":2,\"isactive\":true,\"faculties\":[{\"id\":1,\"name\":\"Dr. Amit Anand\",\"gender\":\"Male\",\"joining_date\":\"2026-06-24T00:00:00+05:30\",\"department_id\":1,\"isactive\":true,\"students\":[{\"id\":1,\"name\":\"Rahul Kumar\",\"email\":\"rahul@example.com\",\"gender\":\"Male\",\"faculty_id\":1,\"isactive\":true,\"fees\":[{\"id\":1,\"payment_mode\":\"Online\",\"amount\":50000,\"student_id\":1,\"isactive\":true}]},{\"id\":3,\"name\":\"Rahul Kumar\",\"email\":\"rahula@example.com\",\"gender\":\"Male\",\"faculty_id\":1,\"isactive\":true,\"fees\":[]}]}]},{\"id\":2,\"department_name\":\"Manu\",\"institution_id\":3,\"isactive\":true,\"faculties\":[]},{\"id\":3,\"department_name\":\"Manu\",\"institution_id\":4,\"isactive\":true,\"faculties\":[{\"id\":2,\"name\":\"Dr. Amit Anand\",\"gender\":\"Male\",\"joining_date\":\"2026-06-24T00:00:00+05:30\",\"department_id\":3,\"isactive\":true,\"students\":[{\"id\":2,\"name\":\"Rahul Kumar Sharma\",\"email\":\"rahul.sharma@example.com\",\"gender\":\"male\",\"faculty_id\":2,\"isactive\":true,\"fees\":[{\"id\":2,\"payment_mode\":\"Online\",\"amount\":50000,\"student_id\":2,\"isactive\":true}]},{\"id\":4,\"name\":\"Rahul Kumar\",\"email\":\"raha@example.com\",\"gender\":\"Male\",\"faculty_id\":2,\"isactive\":true,\"fees\":[]},{\"id\":5,\"name\":\"Rahula Kumar\",\"email\":\"rahaaa@example.com\",\"gender\":\"Male\",\"faculty_id\":2,\"isactive\":true,\"fees\":[]}]}]},{\"id\":4,\"department_name\":\"Manu\",\"institution_id\":16,\"isactive\":true,\"faculties\":[]},{\"id\":5,\"department_name\":\"Manu\",\"institution_id\":5,\"isactive\":true,\"faculties\":[{\"id\":3,\"name\":\"Dr. Amit Anand\",\"gender\":\"Male\",\"joining_date\":\"2026-06-24T00:00:00+05:30\",\"department_id\":5,\"isactive\":true,\"students\":[{\"id\":6,\"name\":\"Rahula Kumar\",\"email\":\"raa@example.com\",\"gender\":\"Male\",\"faculty_id\":3,\"isactive\":true,\"fees\":[]},{\"id\":7,\"name\":\"Rahusla Kumar\",\"email\":\"radbshdsdiha@example.com\",\"gender\":\"Male\",\"faculty_id\":3,\"isactive\":true,\"fees\":[]},{\"id\":8,\"name\":\"Rarrhusla Kumar\",\"email\":\"rarrdbshdsdiha@example.com\",\"gender\":\"Male\",\"faculty_id\":3,\"isactive\":true,\"fees\":[]},{\"id\":9,\"name\":\"Rarrhuslddda Kumar\",\"email\":\"rarrdbshddsdiha@example.com\",\"gender\":\"Male\",\"faculty_id\":3,\"isactive\":true,\"fees\":[]}]}]}],\"limit\":10,\"page\":1,\"total_count\":5,\"total_pages\":1},\"message\":\"Departments fetched successfully\",\"success\":true}"

**


**
Time      : 2026-07-27 12:16:35
Service   : Department
Method    : POST
Endpoint  : /departments
Status    : 200

Request:
"{\"department_name\":\"IT\",\"institution_id\":19}"

Response:
"{\"data\":{\"id\":6,\"department_name\":\"IT\",\"institution_id\":19,\"isactive\":true,\"faculties\":[]},\"message\":\"Department created successfully\",\"success\":true}"

**


**
Time      : 2026-07-27 12:16:35
Service   : Department
Method    : GET
Endpoint  : /departments
Status    : 200

Request:
""

Response:
"{\"data\":{\"items\":[{\"id\":1,\"department_name\":\"Manu\",\"institution_id\":2,\"isactive\":true,\"faculties\":[{\"id\":1,\"name\":\"Dr. Amit Anand\",\"gender\":\"Male\",\"joining_date\":\"2026-06-24T00:00:00+05:30\",\"department_id\":1,\"isactive\":true,\"students\":[{\"id\":1,\"name\":\"Rahul Kumar\",\"email\":\"rahul@example.com\",\"gender\":\"Male\",\"faculty_id\":1,\"isactive\":true,\"fees\":[{\"id\":1,\"payment_mode\":\"Online\",\"amount\":50000,\"student_id\":1,\"isactive\":true}]},{\"id\":3,\"name\":\"Rahul Kumar\",\"email\":\"rahula@example.com\",\"gender\":\"Male\",\"faculty_id\":1,\"isactive\":true,\"fees\":[]}]}]},{\"id\":2,\"department_name\":\"Manu\",\"institution_id\":3,\"isactive\":true,\"faculties\":[]},{\"id\":3,\"department_name\":\"Manu\",\"institution_id\":4,\"isactive\":true,\"faculties\":[{\"id\":2,\"name\":\"Dr. Amit Anand\",\"gender\":\"Male\",\"joining_date\":\"2026-06-24T00:00:00+05:30\",\"department_id\":3,\"isactive\":true,\"students\":[{\"id\":2,\"name\":\"Rahul Kumar Sharma\",\"email\":\"rahul.sharma@example.com\",\"gender\":\"male\",\"faculty_id\":2,\"isactive\":true,\"fees\":[{\"id\":2,\"payment_mode\":\"Online\",\"amount\":50000,\"student_id\":2,\"isactive\":true}]},{\"id\":4,\"name\":\"Rahul Kumar\",\"email\":\"raha@example.com\",\"gender\":\"Male\",\"faculty_id\":2,\"isactive\":true,\"fees\":[]},{\"id\":5,\"name\":\"Rahula Kumar\",\"email\":\"rahaaa@example.com\",\"gender\":\"Male\",\"faculty_id\":2,\"isactive\":true,\"fees\":[]}]}]},{\"id\":4,\"department_name\":\"Manu\",\"institution_id\":16,\"isactive\":true,\"faculties\":[]},{\"id\":5,\"department_name\":\"Manu\",\"institution_id\":5,\"isactive\":true,\"faculties\":[{\"id\":3,\"name\":\"Dr. Amit Anand\",\"gender\":\"Male\",\"joining_date\":\"2026-06-24T00:00:00+05:30\",\"department_id\":5,\"isactive\":true,\"students\":[{\"id\":6,\"name\":\"Rahula Kumar\",\"email\":\"raa@example.com\",\"gender\":\"Male\",\"faculty_id\":3,\"isactive\":true,\"fees\":[]},{\"id\":7,\"name\":\"Rahusla Kumar\",\"email\":\"radbshdsdiha@example.com\",\"gender\":\"Male\",\"faculty_id\":3,\"isactive\":true,\"fees\":[]},{\"id\":8,\"name\":\"Rarrhusla Kumar\",\"email\":\"rarrdbshdsdiha@example.com\",\"gender\":\"Male\",\"faculty_id\":3,\"isactive\":true,\"fees\":[]},{\"id\":9,\"name\":\"Rarrhuslddda Kumar\",\"email\":\"rarrdbshddsdiha@example.com\",\"gender\":\"Male\",\"faculty_id\":3,\"isactive\":true,\"fees\":[]}]}]},{\"id\":6,\"department_name\":\"IT\",\"institution_id\":19,\"isactive\":true,\"faculties\":[]}],\"limit\":10,\"page\":1,\"total_count\":6,\"total_pages\":1},\"message\":\"Departments fetched successfully\",\"success\":true}"

**


**
Time      : 2026-07-27 12:16:40
Service   : Student
Method    : GET
Endpoint  : /students
Status    : 200

Request:
""

Response:
"{\"data\":{\"items\":[{\"id\":1,\"name\":\"Rahul Kumar\",\"email\":\"rahul@example.com\",\"gender\":\"Male\",\"faculty_id\":1,\"isactive\":true,\"fees\":[{\"id\":1,\"payment_mode\":\"Online\",\"amount\":50000,\"student_id\":1,\"isactive\":true}]},{\"id\":2,\"name\":\"Rahul Kumar Sharma\",\"email\":\"rahul.sharma@example.com\",\"gender\":\"male\",\"faculty_id\":2,\"isactive\":true,\"fees\":[{\"id\":2,\"payment_mode\":\"Online\",\"amount\":50000,\"student_id\":2,\"isactive\":true}]},{\"id\":3,\"name\":\"Rahul Kumar\",\"email\":\"rahula@example.com\",\"gender\":\"Male\",\"faculty_id\":1,\"isactive\":true,\"fees\":[]},{\"id\":4,\"name\":\"Rahul Kumar\",\"email\":\"raha@example.com\",\"gender\":\"Male\",\"faculty_id\":2,\"isactive\":true,\"fees\":[]},{\"id\":5,\"name\":\"Rahula Kumar\",\"email\":\"rahaaa@example.com\",\"gender\":\"Male\",\"faculty_id\":2,\"isactive\":true,\"fees\":[]},{\"id\":6,\"name\":\"Rahula Kumar\",\"email\":\"raa@example.com\",\"gender\":\"Male\",\"faculty_id\":3,\"isactive\":true,\"fees\":[]},{\"id\":7,\"name\":\"Rahusla Kumar\",\"email\":\"radbshdsdiha@example.com\",\"gender\":\"Male\",\"faculty_id\":3,\"isactive\":true,\"fees\":[]},{\"id\":8,\"name\":\"Rarrhusla Kumar\",\"email\":\"rarrdbshdsdiha@example.com\",\"gender\":\"Male\",\"faculty_id\":3,\"isactive\":true,\"fees\":[]},{\"id\":9,\"name\":\"Rarrhuslddda Kumar\",\"email\":\"rarrdbshddsdiha@example.com\",\"gender\":\"Male\",\"faculty_id\":3,\"isactive\":true,\"fees\":[]}],\"limit\":10,\"page\":1,\"total_count\":9,\"total_pages\":1},\"message\":\"Students fetched successfully\",\"success\":true}"

**


**
Time      : 2026-07-27 12:16:41
Service   : Institution
Method    : GET
Endpoint  : /institutes/
Status    : 200

Request:
""

Response:
"{\"data\":{\"items\":[{\"id\":1,\"name\":\"Anna\",\"institution_code\":\"sw51001\",\"state\":\"Tamil Nadu\",\"isactive\":true,\"departments\":[]},{\"id\":3,\"name\":\"Anna\",\"institution_code\":\"sw51001\",\"state\":\"Tamil Nadu\",\"isactive\":true,\"departments\":[{\"id\":2,\"department_name\":\"Manu\",\"institution_id\":3,\"isactive\":true,\"faculties\":[]}]},{\"id\":4,\"name\":\"Anna University Main Campus\",\"institution_code\":\"AU1001-M\",\"state\":\"Tamil Nadu\",\"isactive\":true,\"departments\":[{\"id\":3,\"department_name\":\"Manu\",\"institution_id\":4,\"isactive\":true,\"faculties\":[{\"id\":2,\"name\":\"Dr. Amit Anand\",\"gender\":\"Male\",\"joining_date\":\"2026-06-24T00:00:00+05:30\",\"department_id\":3,\"isactive\":true,\"students\":[{\"id\":2,\"name\":\"Rahul Kumar Sharma\",\"email\":\"rahul.sharma@example.com\",\"gender\":\"male\",\"faculty_id\":2,\"isactive\":true,\"fees\":[{\"id\":2,\"payment_mode\":\"Online\",\"amount\":50000,\"student_id\":2,\"isactive\":true}]},{\"id\":4,\"name\":\"Rahul Kumar\",\"email\":\"raha@example.com\",\"gender\":\"Male\",\"faculty_id\":2,\"isactive\":true,\"fees\":[]},{\"id\":5,\"name\":\"Rahula Kumar\",\"email\":\"rahaaa@example.com\",\"gender\":\"Male\",\"faculty_id\":2,\"isactive\":true,\"fees\":[]}]}]}]},{\"id\":5,\"name\":\"Annas\",\"institution_code\":\"SW01001\",\"state\":\"Tamil Nadu\",\"isactive\":true,\"departments\":[{\"id\":5,\"department_name\":\"Manu\",\"institution_id\":5,\"isactive\":true,\"faculties\":[{\"id\":3,\"name\":\"Dr. Amit Anand\",\"gender\":\"Male\",\"joining_date\":\"2026-06-24T00:00:00+05:30\",\"department_id\":5,\"isactive\":true,\"students\":[{\"id\":6,\"name\":\"Rahula Kumar\",\"email\":\"raa@example.com\",\"gender\":\"Male\",\"faculty_id\":3,\"isactive\":true,\"fees\":[]},{\"id\":7,\"name\":\"Rahusla Kumar\",\"email\":\"radbshdsdiha@example.com\",\"gender\":\"Male\",\"faculty_id\":3,\"isactive\":true,\"fees\":[]},{\"id\":8,\"name\":\"Rarrhusla Kumar\",\"email\":\"rarrdbshdsdiha@example.com\",\"gender\":\"Male\",\"faculty_id\":3,\"isactive\":true,\"fees\":[]},{\"id\":9,\"name\":\"Rarrhuslddda Kumar\",\"email\":\"rarrdbshddsdiha@example.com\",\"gender\":\"Male\",\"faculty_id\":3,\"isactive\":true,\"fees\":[]}]}]}]},{\"id\":6,\"name\":\"Annasw\",\"institution_code\":\"SW018001\",\"state\":\"Tamil Nadu\",\"isactive\":true,\"departments\":[]},{\"id\":7,\"name\":\"Annass\",\"institution_code\":\"SW77789454\",\"state\":\"Tamil Nadu\",\"isactive\":true,\"departments\":[]},{\"id\":8,\"name\":\"Annassww\",\"institution_code\":\"SW778545489454\",\"state\":\"Tamil Nadu\",\"isactive\":true,\"departments\":[]},{\"id\":9,\"name\":\"Annasssww\",\"institution_code\":\"S778545489454\",\"state\":\"Tamil Nadu\",\"isactive\":true,\"departments\":[]},{\"id\":10,\"name\":\"Aw\",\"institution_code\":\"78545489454\",\"state\":\"Tamil Nadu\",\"isactive\":true,\"departments\":[]},{\"id\":11,\"name\":\"A5w\",\"institution_code\":\"dnjds\",\"state\":\"Tamil Nadu\",\"isactive\":true,\"departments\":[]}],\"limit\":10,\"page\":1,\"total_count\":18,\"total_pages\":2},\"message\":\"Institutes fetched successfully\",\"success\":true}"

**


**
Time      : 2026-07-27 12:16:50
Service   : Institution
Method    : GET
Endpoint  : /institutes/
Status    : 200

Request:
""

Response:
"{\"data\":{\"items\":[{\"id\":1,\"name\":\"Anna\",\"institution_code\":\"sw51001\",\"state\":\"Tamil Nadu\",\"isactive\":true,\"departments\":[]},{\"id\":3,\"name\":\"Anna\",\"institution_code\":\"sw51001\",\"state\":\"Tamil Nadu\",\"isactive\":true,\"departments\":[{\"id\":2,\"department_name\":\"Manu\",\"institution_id\":3,\"isactive\":true,\"faculties\":[]}]},{\"id\":4,\"name\":\"Anna University Main Campus\",\"institution_code\":\"AU1001-M\",\"state\":\"Tamil Nadu\",\"isactive\":true,\"departments\":[{\"id\":3,\"department_name\":\"Manu\",\"institution_id\":4,\"isactive\":true,\"faculties\":[{\"id\":2,\"name\":\"Dr. Amit Anand\",\"gender\":\"Male\",\"joining_date\":\"2026-06-24T00:00:00+05:30\",\"department_id\":3,\"isactive\":true,\"students\":[{\"id\":2,\"name\":\"Rahul Kumar Sharma\",\"email\":\"rahul.sharma@example.com\",\"gender\":\"male\",\"faculty_id\":2,\"isactive\":true,\"fees\":[{\"id\":2,\"payment_mode\":\"Online\",\"amount\":50000,\"student_id\":2,\"isactive\":true}]},{\"id\":4,\"name\":\"Rahul Kumar\",\"email\":\"raha@example.com\",\"gender\":\"Male\",\"faculty_id\":2,\"isactive\":true,\"fees\":[]},{\"id\":5,\"name\":\"Rahula Kumar\",\"email\":\"rahaaa@example.com\",\"gender\":\"Male\",\"faculty_id\":2,\"isactive\":true,\"fees\":[]}]}]}]},{\"id\":5,\"name\":\"Annas\",\"institution_code\":\"SW01001\",\"state\":\"Tamil Nadu\",\"isactive\":true,\"departments\":[{\"id\":5,\"department_name\":\"Manu\",\"institution_id\":5,\"isactive\":true,\"faculties\":[{\"id\":3,\"name\":\"Dr. Amit Anand\",\"gender\":\"Male\",\"joining_date\":\"2026-06-24T00:00:00+05:30\",\"department_id\":5,\"isactive\":true,\"students\":[{\"id\":6,\"name\":\"Rahula Kumar\",\"email\":\"raa@example.com\",\"gender\":\"Male\",\"faculty_id\":3,\"isactive\":true,\"fees\":[]},{\"id\":7,\"name\":\"Rahusla Kumar\",\"email\":\"radbshdsdiha@example.com\",\"gender\":\"Male\",\"faculty_id\":3,\"isactive\":true,\"fees\":[]},{\"id\":8,\"name\":\"Rarrhusla Kumar\",\"email\":\"rarrdbshdsdiha@example.com\",\"gender\":\"Male\",\"faculty_id\":3,\"isactive\":true,\"fees\":[]},{\"id\":9,\"name\":\"Rarrhuslddda Kumar\",\"email\":\"rarrdbshddsdiha@example.com\",\"gender\":\"Male\",\"faculty_id\":3,\"isactive\":true,\"fees\":[]}]}]}]},{\"id\":6,\"name\":\"Annasw\",\"institution_code\":\"SW018001\",\"state\":\"Tamil Nadu\",\"isactive\":true,\"departments\":[]},{\"id\":7,\"name\":\"Annass\",\"institution_code\":\"SW77789454\",\"state\":\"Tamil Nadu\",\"isactive\":true,\"departments\":[]},{\"id\":8,\"name\":\"Annassww\",\"institution_code\":\"SW778545489454\",\"state\":\"Tamil Nadu\",\"isactive\":true,\"departments\":[]},{\"id\":9,\"name\":\"Annasssww\",\"institution_code\":\"S778545489454\",\"state\":\"Tamil Nadu\",\"isactive\":true,\"departments\":[]},{\"id\":10,\"name\":\"Aw\",\"institution_code\":\"78545489454\",\"state\":\"Tamil Nadu\",\"isactive\":true,\"departments\":[]},{\"id\":11,\"name\":\"A5w\",\"institution_code\":\"dnjds\",\"state\":\"Tamil Nadu\",\"isactive\":true,\"departments\":[]}],\"limit\":10,\"page\":1,\"total_count\":18,\"total_pages\":2},\"message\":\"Institutes fetched successfully\",\"success\":true}"

**


**
Time      : 2026-07-27 12:16:51
Service   : Institution
Method    : GET
Endpoint  : /institutes/
Status    : 200

Request:
""

Response:
"{\"data\":{\"items\":[{\"id\":12,\"name\":\"A5DDw\",\"institution_code\":\"dnDjds\",\"state\":\"Tamil Nadu\",\"isactive\":true,\"departments\":[]},{\"id\":13,\"name\":\"A5DDwBB\",\"institution_code\":\"dnDjBBs\",\"state\":\"Tamil Nadu\",\"isactive\":true,\"departments\":[]},{\"id\":14,\"name\":\"A5DDwBBVV\",\"institution_code\":\"dnDVjBBs\",\"state\":\"Tamil Nadu\",\"isactive\":true,\"departments\":[]},{\"id\":15,\"name\":\"A5DDwBBFFVV\",\"institution_code\":\"FFdnDVjBBs\",\"state\":\"Tamil Nadu\",\"isactive\":true,\"departments\":[]},{\"id\":16,\"name\":\"A5DDwBBSSFFVV\",\"institution_code\":\"FFSSdnDVjBBs\",\"state\":\"Tamil Nadu\",\"isactive\":true,\"departments\":[{\"id\":4,\"department_name\":\"Manu\",\"institution_id\":16,\"isactive\":true,\"faculties\":[]}]},{\"id\":17,\"name\":\"Ahil\",\"institution_code\":\"SM5059\",\"state\":\"Karnataka\",\"isactive\":true,\"departments\":[]},{\"id\":18,\"name\":\"fbkjfd\",\"institution_code\":\"SAkjd90\",\"state\":\"Karnataka\",\"isactive\":true,\"departments\":[]},{\"id\":19,\"name\":\"Saple\",\"institution_code\":\"SSADADe\",\"state\":\"Tamil\",\"isactive\":true,\"departments\":[{\"id\":6,\"department_name\":\"IT\",\"institution_id\":19,\"isactive\":true,\"faculties\":[]}]}],\"limit\":10,\"page\":2,\"total_count\":18,\"total_pages\":2},\"message\":\"Institutes fetched successfully\",\"success\":true}"

**


**
Time      : 2026-07-27 12:17:23
Service   : Department
Method    : GET
Endpoint  : /departments
Status    : 200

Request:
""

Response:
"{\"data\":{\"items\":[{\"id\":1,\"department_name\":\"Manu\",\"institution_id\":2,\"isactive\":true,\"faculties\":[{\"id\":1,\"name\":\"Dr. Amit Anand\",\"gender\":\"Male\",\"joining_date\":\"2026-06-24T00:00:00+05:30\",\"department_id\":1,\"isactive\":true,\"students\":[{\"id\":1,\"name\":\"Rahul Kumar\",\"email\":\"rahul@example.com\",\"gender\":\"Male\",\"faculty_id\":1,\"isactive\":true,\"fees\":[{\"id\":1,\"payment_mode\":\"Online\",\"amount\":50000,\"student_id\":1,\"isactive\":true}]},{\"id\":3,\"name\":\"Rahul Kumar\",\"email\":\"rahula@example.com\",\"gender\":\"Male\",\"faculty_id\":1,\"isactive\":true,\"fees\":[]}]}]},{\"id\":2,\"department_name\":\"Manu\",\"institution_id\":3,\"isactive\":true,\"faculties\":[]},{\"id\":3,\"department_name\":\"Manu\",\"institution_id\":4,\"isactive\":true,\"faculties\":[{\"id\":2,\"name\":\"Dr. Amit Anand\",\"gender\":\"Male\",\"joining_date\":\"2026-06-24T00:00:00+05:30\",\"department_id\":3,\"isactive\":true,\"students\":[{\"id\":2,\"name\":\"Rahul Kumar Sharma\",\"email\":\"rahul.sharma@example.com\",\"gender\":\"male\",\"faculty_id\":2,\"isactive\":true,\"fees\":[{\"id\":2,\"payment_mode\":\"Online\",\"amount\":50000,\"student_id\":2,\"isactive\":true}]},{\"id\":4,\"name\":\"Rahul Kumar\",\"email\":\"raha@example.com\",\"gender\":\"Male\",\"faculty_id\":2,\"isactive\":true,\"fees\":[]},{\"id\":5,\"name\":\"Rahula Kumar\",\"email\":\"rahaaa@example.com\",\"gender\":\"Male\",\"faculty_id\":2,\"isactive\":true,\"fees\":[]}]}]},{\"id\":4,\"department_name\":\"Manu\",\"institution_id\":16,\"isactive\":true,\"faculties\":[]},{\"id\":5,\"department_name\":\"Manu\",\"institution_id\":5,\"isactive\":true,\"faculties\":[{\"id\":3,\"name\":\"Dr. Amit Anand\",\"gender\":\"Male\",\"joining_date\":\"2026-06-24T00:00:00+05:30\",\"department_id\":5,\"isactive\":true,\"students\":[{\"id\":6,\"name\":\"Rahula Kumar\",\"email\":\"raa@example.com\",\"gender\":\"Male\",\"faculty_id\":3,\"isactive\":true,\"fees\":[]},{\"id\":7,\"name\":\"Rahusla Kumar\",\"email\":\"radbshdsdiha@example.com\",\"gender\":\"Male\",\"faculty_id\":3,\"isactive\":true,\"fees\":[]},{\"id\":8,\"name\":\"Rarrhusla Kumar\",\"email\":\"rarrdbshdsdiha@example.com\",\"gender\":\"Male\",\"faculty_id\":3,\"isactive\":true,\"fees\":[]},{\"id\":9,\"name\":\"Rarrhuslddda Kumar\",\"email\":\"rarrdbshddsdiha@example.com\",\"gender\":\"Male\",\"faculty_id\":3,\"isactive\":true,\"fees\":[]}]}]},{\"id\":6,\"department_name\":\"IT\",\"institution_id\":19,\"isactive\":true,\"faculties\":[]}],\"limit\":10,\"page\":1,\"total_count\":6,\"total_pages\":1},\"message\":\"Departments fetched successfully\",\"success\":true}"

**


**
Time      : 2026-07-27 12:17:55
Service   : Institution
Method    : GET
Endpoint  : /institutes/
Status    : 200

Request:
""

Response:
"{\"data\":{\"items\":[{\"id\":1,\"name\":\"Anna\",\"institution_code\":\"sw51001\",\"state\":\"Tamil Nadu\",\"isactive\":true,\"departments\":[]},{\"id\":3,\"name\":\"Anna\",\"institution_code\":\"sw51001\",\"state\":\"Tamil Nadu\",\"isactive\":true,\"departments\":[{\"id\":2,\"department_name\":\"Manu\",\"institution_id\":3,\"isactive\":true,\"faculties\":[]}]},{\"id\":4,\"name\":\"Anna University Main Campus\",\"institution_code\":\"AU1001-M\",\"state\":\"Tamil Nadu\",\"isactive\":true,\"departments\":[{\"id\":3,\"department_name\":\"Manu\",\"institution_id\":4,\"isactive\":true,\"faculties\":[{\"id\":2,\"name\":\"Dr. Amit Anand\",\"gender\":\"Male\",\"joining_date\":\"2026-06-24T00:00:00+05:30\",\"department_id\":3,\"isactive\":true,\"students\":[{\"id\":2,\"name\":\"Rahul Kumar Sharma\",\"email\":\"rahul.sharma@example.com\",\"gender\":\"male\",\"faculty_id\":2,\"isactive\":true,\"fees\":[{\"id\":2,\"payment_mode\":\"Online\",\"amount\":50000,\"student_id\":2,\"isactive\":true}]},{\"id\":4,\"name\":\"Rahul Kumar\",\"email\":\"raha@example.com\",\"gender\":\"Male\",\"faculty_id\":2,\"isactive\":true,\"fees\":[]},{\"id\":5,\"name\":\"Rahula Kumar\",\"email\":\"rahaaa@example.com\",\"gender\":\"Male\",\"faculty_id\":2,\"isactive\":true,\"fees\":[]}]}]}]},{\"id\":5,\"name\":\"Annas\",\"institution_code\":\"SW01001\",\"state\":\"Tamil Nadu\",\"isactive\":true,\"departments\":[{\"id\":5,\"department_name\":\"Manu\",\"institution_id\":5,\"isactive\":true,\"faculties\":[{\"id\":3,\"name\":\"Dr. Amit Anand\",\"gender\":\"Male\",\"joining_date\":\"2026-06-24T00:00:00+05:30\",\"department_id\":5,\"isactive\":true,\"students\":[{\"id\":6,\"name\":\"Rahula Kumar\",\"email\":\"raa@example.com\",\"gender\":\"Male\",\"faculty_id\":3,\"isactive\":true,\"fees\":[]},{\"id\":7,\"name\":\"Rahusla Kumar\",\"email\":\"radbshdsdiha@example.com\",\"gender\":\"Male\",\"faculty_id\":3,\"isactive\":true,\"fees\":[]},{\"id\":8,\"name\":\"Rarrhusla Kumar\",\"email\":\"rarrdbshdsdiha@example.com\",\"gender\":\"Male\",\"faculty_id\":3,\"isactive\":true,\"fees\":[]},{\"id\":9,\"name\":\"Rarrhuslddda Kumar\",\"email\":\"rarrdbshddsdiha@example.com\",\"gender\":\"Male\",\"faculty_id\":3,\"isactive\":true,\"fees\":[]}]}]}]},{\"id\":6,\"name\":\"Annasw\",\"institution_code\":\"SW018001\",\"state\":\"Tamil Nadu\",\"isactive\":true,\"departments\":[]},{\"id\":7,\"name\":\"Annass\",\"institution_code\":\"SW77789454\",\"state\":\"Tamil Nadu\",\"isactive\":true,\"departments\":[]},{\"id\":8,\"name\":\"Annassww\",\"institution_code\":\"SW778545489454\",\"state\":\"Tamil Nadu\",\"isactive\":true,\"departments\":[]},{\"id\":9,\"name\":\"Annasssww\",\"institution_code\":\"S778545489454\",\"state\":\"Tamil Nadu\",\"isactive\":true,\"departments\":[]},{\"id\":10,\"name\":\"Aw\",\"institution_code\":\"78545489454\",\"state\":\"Tamil Nadu\",\"isactive\":true,\"departments\":[]},{\"id\":11,\"name\":\"A5w\",\"institution_code\":\"dnjds\",\"state\":\"Tamil Nadu\",\"isactive\":true,\"departments\":[]}],\"limit\":10,\"page\":1,\"total_count\":18,\"total_pages\":2},\"message\":\"Institutes fetched successfully\",\"success\":true}"

**


**
Time      : 2026-07-27 12:28:17
Service   : Auth
Method    : POST
Endpoint  : /signin
Status    : 200

Request:
"[REDACTED/SENSITIVE]"

Response:
"{\"data\":{\"access_token\":\"eyJhbGciOiJIUzI1NiIsInR5cCI6IkpXVCJ9.eyJleHAiOjE3ODUxMzYzOTcsImlhdCI6MTc4NTEzNTQ5Nywic2Vzc2lvbl9pZCI6IjNiM2FiMDVjLWVlYjktNDY1Yi05NGNjLTRlYmJhYjc5ZWY4MSIsInVzZXJfaWQiOjk0fQ.HNkCRKDBLNlNhiGBH4A9BBL28YVl8yDtE24Wr11KTlw\",\"refresh_token\":\"eyJhbGciOiJIUzI1NiIsInR5cCI6IkpXVCJ9.eyJleHAiOjE3ODc3Mjc0OTcsImlhdCI6MTc4NTEzNTQ5Nywic2Vzc2lvbl9pZCI6IjNiM2FiMDVjLWVlYjktNDY1Yi05NGNjLTRlYmJhYjc5ZWY4MSIsInVzZXJfaWQiOjk0fQ.pCmif2J6kDQvCPVWIvt__2FarBHB0tpWO6rrKGq5Rwc\",\"user_id\":94,\"session_id\":\"3b3ab05c-eeb9-465b-94cc-4ebbab79ef81\"},\"message\":\"Signed in successfully\",\"success\":true}"

**


**
Time      : 2026-07-27 12:28:19
Service   : Institution
Method    : GET
Endpoint  : /institutes/
Status    : 200

Request:
""

Response:
"{\"data\":{\"items\":[{\"id\":1,\"name\":\"Anna\",\"institution_code\":\"sw51001\",\"state\":\"Tamil Nadu\",\"isactive\":true,\"departments\":[]},{\"id\":3,\"name\":\"Anna\",\"institution_code\":\"sw51001\",\"state\":\"Tamil Nadu\",\"isactive\":true,\"departments\":[{\"id\":2,\"department_name\":\"Manu\",\"institution_id\":3,\"isactive\":true,\"faculties\":[]}]},{\"id\":4,\"name\":\"Anna University Main Campus\",\"institution_code\":\"AU1001-M\",\"state\":\"Tamil Nadu\",\"isactive\":true,\"departments\":[{\"id\":3,\"department_name\":\"Manu\",\"institution_id\":4,\"isactive\":true,\"faculties\":[{\"id\":2,\"name\":\"Dr. Amit Anand\",\"gender\":\"Male\",\"joining_date\":\"2026-06-24T00:00:00+05:30\",\"department_id\":3,\"isactive\":true,\"students\":[{\"id\":2,\"name\":\"Rahul Kumar Sharma\",\"email\":\"rahul.sharma@example.com\",\"gender\":\"male\",\"faculty_id\":2,\"isactive\":true,\"fees\":[{\"id\":2,\"payment_mode\":\"Online\",\"amount\":50000,\"student_id\":2,\"isactive\":true}]},{\"id\":4,\"name\":\"Rahul Kumar\",\"email\":\"raha@example.com\",\"gender\":\"Male\",\"faculty_id\":2,\"isactive\":true,\"fees\":[]},{\"id\":5,\"name\":\"Rahula Kumar\",\"email\":\"rahaaa@example.com\",\"gender\":\"Male\",\"faculty_id\":2,\"isactive\":true,\"fees\":[]}]}]}]},{\"id\":5,\"name\":\"Annas\",\"institution_code\":\"SW01001\",\"state\":\"Tamil Nadu\",\"isactive\":true,\"departments\":[{\"id\":5,\"department_name\":\"Manu\",\"institution_id\":5,\"isactive\":true,\"faculties\":[{\"id\":3,\"name\":\"Dr. Amit Anand\",\"gender\":\"Male\",\"joining_date\":\"2026-06-24T00:00:00+05:30\",\"department_id\":5,\"isactive\":true,\"students\":[{\"id\":6,\"name\":\"Rahula Kumar\",\"email\":\"raa@example.com\",\"gender\":\"Male\",\"faculty_id\":3,\"isactive\":true,\"fees\":[]},{\"id\":7,\"name\":\"Rahusla Kumar\",\"email\":\"radbshdsdiha@example.com\",\"gender\":\"Male\",\"faculty_id\":3,\"isactive\":true,\"fees\":[]},{\"id\":8,\"name\":\"Rarrhusla Kumar\",\"email\":\"rarrdbshdsdiha@example.com\",\"gender\":\"Male\",\"faculty_id\":3,\"isactive\":true,\"fees\":[]},{\"id\":9,\"name\":\"Rarrhuslddda Kumar\",\"email\":\"rarrdbshddsdiha@example.com\",\"gender\":\"Male\",\"faculty_id\":3,\"isactive\":true,\"fees\":[]}]}]}]},{\"id\":6,\"name\":\"Annasw\",\"institution_code\":\"SW018001\",\"state\":\"Tamil Nadu\",\"isactive\":true,\"departments\":[]},{\"id\":7,\"name\":\"Annass\",\"institution_code\":\"SW77789454\",\"state\":\"Tamil Nadu\",\"isactive\":true,\"departments\":[]},{\"id\":8,\"name\":\"Annassww\",\"institution_code\":\"SW778545489454\",\"state\":\"Tamil Nadu\",\"isactive\":true,\"departments\":[]},{\"id\":9,\"name\":\"Annasssww\",\"institution_code\":\"S778545489454\",\"state\":\"Tamil Nadu\",\"isactive\":true,\"departments\":[]},{\"id\":10,\"name\":\"Aw\",\"institution_code\":\"78545489454\",\"state\":\"Tamil Nadu\",\"isactive\":true,\"departments\":[]},{\"id\":11,\"name\":\"A5w\",\"institution_code\":\"dnjds\",\"state\":\"Tamil Nadu\",\"isactive\":true,\"departments\":[]}],\"limit\":10,\"page\":1,\"total_count\":18,\"total_pages\":2},\"message\":\"Institutes fetched successfully\",\"success\":true}"

**


**
Time      : 2026-07-27 12:28:55
Service   : Auth
Method    : POST
Endpoint  : /signin
Status    : 200

Request:
"[REDACTED/SENSITIVE]"

Response:
"{\"data\":{\"access_token\":\"eyJhbGciOiJIUzI1NiIsInR5cCI6IkpXVCJ9.eyJleHAiOjE3ODUxMzY0MzQsImlhdCI6MTc4NTEzNTUzNCwic2Vzc2lvbl9pZCI6IjAzOWM4ZmI4LWNiYzQtNGM3My1hMzliLTIxMTgwMzU2YjU4MSIsInVzZXJfaWQiOjk0fQ.ed_l42aJ5tvMXuVsQYkg4QWaxoPl0GXfTebDEvWB3QA\",\"refresh_token\":\"eyJhbGciOiJIUzI1NiIsInR5cCI6IkpXVCJ9.eyJleHAiOjE3ODc3Mjc1MzQsImlhdCI6MTc4NTEzNTUzNCwic2Vzc2lvbl9pZCI6IjAzOWM4ZmI4LWNiYzQtNGM3My1hMzliLTIxMTgwMzU2YjU4MSIsInVzZXJfaWQiOjk0fQ.NYDvl5nBqaaEinCymivB0RD6PIbUjKOlfP2IRnpOo5U\",\"user_id\":94,\"session_id\":\"039c8fb8-cbc4-4c73-a39b-21180356b581\"},\"message\":\"Signed in successfully\",\"success\":true}"

**


**
Time      : 2026-07-27 12:28:57
Service   : Institution
Method    : GET
Endpoint  : /institutes/
Status    : 200

Request:
""

Response:
"{\"data\":{\"items\":[{\"id\":1,\"name\":\"Anna\",\"institution_code\":\"sw51001\",\"state\":\"Tamil Nadu\",\"isactive\":true,\"departments\":[]},{\"id\":3,\"name\":\"Anna\",\"institution_code\":\"sw51001\",\"state\":\"Tamil Nadu\",\"isactive\":true,\"departments\":[{\"id\":2,\"department_name\":\"Manu\",\"institution_id\":3,\"isactive\":true,\"faculties\":[]}]},{\"id\":4,\"name\":\"Anna University Main Campus\",\"institution_code\":\"AU1001-M\",\"state\":\"Tamil Nadu\",\"isactive\":true,\"departments\":[{\"id\":3,\"department_name\":\"Manu\",\"institution_id\":4,\"isactive\":true,\"faculties\":[{\"id\":2,\"name\":\"Dr. Amit Anand\",\"gender\":\"Male\",\"joining_date\":\"2026-06-24T00:00:00+05:30\",\"department_id\":3,\"isactive\":true,\"students\":[{\"id\":2,\"name\":\"Rahul Kumar Sharma\",\"email\":\"rahul.sharma@example.com\",\"gender\":\"male\",\"faculty_id\":2,\"isactive\":true,\"fees\":[{\"id\":2,\"payment_mode\":\"Online\",\"amount\":50000,\"student_id\":2,\"isactive\":true}]},{\"id\":4,\"name\":\"Rahul Kumar\",\"email\":\"raha@example.com\",\"gender\":\"Male\",\"faculty_id\":2,\"isactive\":true,\"fees\":[]},{\"id\":5,\"name\":\"Rahula Kumar\",\"email\":\"rahaaa@example.com\",\"gender\":\"Male\",\"faculty_id\":2,\"isactive\":true,\"fees\":[]}]}]}]},{\"id\":5,\"name\":\"Annas\",\"institution_code\":\"SW01001\",\"state\":\"Tamil Nadu\",\"isactive\":true,\"departments\":[{\"id\":5,\"department_name\":\"Manu\",\"institution_id\":5,\"isactive\":true,\"faculties\":[{\"id\":3,\"name\":\"Dr. Amit Anand\",\"gender\":\"Male\",\"joining_date\":\"2026-06-24T00:00:00+05:30\",\"department_id\":5,\"isactive\":true,\"students\":[{\"id\":6,\"name\":\"Rahula Kumar\",\"email\":\"raa@example.com\",\"gender\":\"Male\",\"faculty_id\":3,\"isactive\":true,\"fees\":[]},{\"id\":7,\"name\":\"Rahusla Kumar\",\"email\":\"radbshdsdiha@example.com\",\"gender\":\"Male\",\"faculty_id\":3,\"isactive\":true,\"fees\":[]},{\"id\":8,\"name\":\"Rarrhusla Kumar\",\"email\":\"rarrdbshdsdiha@example.com\",\"gender\":\"Male\",\"faculty_id\":3,\"isactive\":true,\"fees\":[]},{\"id\":9,\"name\":\"Rarrhuslddda Kumar\",\"email\":\"rarrdbshddsdiha@example.com\",\"gender\":\"Male\",\"faculty_id\":3,\"isactive\":true,\"fees\":[]}]}]}]},{\"id\":6,\"name\":\"Annasw\",\"institution_code\":\"SW018001\",\"state\":\"Tamil Nadu\",\"isactive\":true,\"departments\":[]},{\"id\":7,\"name\":\"Annass\",\"institution_code\":\"SW77789454\",\"state\":\"Tamil Nadu\",\"isactive\":true,\"departments\":[]},{\"id\":8,\"name\":\"Annassww\",\"institution_code\":\"SW778545489454\",\"state\":\"Tamil Nadu\",\"isactive\":true,\"departments\":[]},{\"id\":9,\"name\":\"Annasssww\",\"institution_code\":\"S778545489454\",\"state\":\"Tamil Nadu\",\"isactive\":true,\"departments\":[]},{\"id\":10,\"name\":\"Aw\",\"institution_code\":\"78545489454\",\"state\":\"Tamil Nadu\",\"isactive\":true,\"departments\":[]},{\"id\":11,\"name\":\"A5w\",\"institution_code\":\"dnjds\",\"state\":\"Tamil Nadu\",\"isactive\":true,\"departments\":[]}],\"limit\":10,\"page\":1,\"total_count\":18,\"total_pages\":2},\"message\":\"Institutes fetched successfully\",\"success\":true}"

**


**
Time      : 2026-07-27 12:29:06
Service   : Institution
Method    : GET
Endpoint  : /institutes/1
Status    : 200

Request:
""

Response:
"{\"data\":{\"id\":1,\"name\":\"Anna\",\"institution_code\":\"sw51001\",\"state\":\"Tamil Nadu\",\"isactive\":true,\"departments\":[]},\"message\":\"Institute fetched successfully\",\"success\":true}"

**


**
Time      : 2026-07-27 12:29:17
Service   : Institution
Method    : GET
Endpoint  : /institutes/1
Status    : 200

Request:
""

Response:
"{\"data\":{\"id\":1,\"name\":\"Anna\",\"institution_code\":\"sw51001\",\"state\":\"Tamil Nadu\",\"isactive\":true,\"departments\":[]},\"message\":\"Institute fetched successfully\",\"success\":true}"

**


**
Time      : 2026-07-27 12:29:34
Service   : Institution
Method    : GET
Endpoint  : /institutes/
Status    : 200

Request:
""

Response:
"{\"data\":{\"items\":[{\"id\":1,\"name\":\"Anna\",\"institution_code\":\"sw51001\",\"state\":\"Tamil Nadu\",\"isactive\":true,\"departments\":[]},{\"id\":3,\"name\":\"Anna\",\"institution_code\":\"sw51001\",\"state\":\"Tamil Nadu\",\"isactive\":true,\"departments\":[{\"id\":2,\"department_name\":\"Manu\",\"institution_id\":3,\"isactive\":true,\"faculties\":[]}]},{\"id\":4,\"name\":\"Anna University Main Campus\",\"institution_code\":\"AU1001-M\",\"state\":\"Tamil Nadu\",\"isactive\":true,\"departments\":[{\"id\":3,\"department_name\":\"Manu\",\"institution_id\":4,\"isactive\":true,\"faculties\":[{\"id\":2,\"name\":\"Dr. Amit Anand\",\"gender\":\"Male\",\"joining_date\":\"2026-06-24T00:00:00+05:30\",\"department_id\":3,\"isactive\":true,\"students\":[{\"id\":2,\"name\":\"Rahul Kumar Sharma\",\"email\":\"rahul.sharma@example.com\",\"gender\":\"male\",\"faculty_id\":2,\"isactive\":true,\"fees\":[{\"id\":2,\"payment_mode\":\"Online\",\"amount\":50000,\"student_id\":2,\"isactive\":true}]},{\"id\":4,\"name\":\"Rahul Kumar\",\"email\":\"raha@example.com\",\"gender\":\"Male\",\"faculty_id\":2,\"isactive\":true,\"fees\":[]},{\"id\":5,\"name\":\"Rahula Kumar\",\"email\":\"rahaaa@example.com\",\"gender\":\"Male\",\"faculty_id\":2,\"isactive\":true,\"fees\":[]}]}]}]},{\"id\":5,\"name\":\"Annas\",\"institution_code\":\"SW01001\",\"state\":\"Tamil Nadu\",\"isactive\":true,\"departments\":[{\"id\":5,\"department_name\":\"Manu\",\"institution_id\":5,\"isactive\":true,\"faculties\":[{\"id\":3,\"name\":\"Dr. Amit Anand\",\"gender\":\"Male\",\"joining_date\":\"2026-06-24T00:00:00+05:30\",\"department_id\":5,\"isactive\":true,\"students\":[{\"id\":6,\"name\":\"Rahula Kumar\",\"email\":\"raa@example.com\",\"gender\":\"Male\",\"faculty_id\":3,\"isactive\":true,\"fees\":[]},{\"id\":7,\"name\":\"Rahusla Kumar\",\"email\":\"radbshdsdiha@example.com\",\"gender\":\"Male\",\"faculty_id\":3,\"isactive\":true,\"fees\":[]},{\"id\":8,\"name\":\"Rarrhusla Kumar\",\"email\":\"rarrdbshdsdiha@example.com\",\"gender\":\"Male\",\"faculty_id\":3,\"isactive\":true,\"fees\":[]},{\"id\":9,\"name\":\"Rarrhuslddda Kumar\",\"email\":\"rarrdbshddsdiha@example.com\",\"gender\":\"Male\",\"faculty_id\":3,\"isactive\":true,\"fees\":[]}]}]}]},{\"id\":6,\"name\":\"Annasw\",\"institution_code\":\"SW018001\",\"state\":\"Tamil Nadu\",\"isactive\":true,\"departments\":[]},{\"id\":7,\"name\":\"Annass\",\"institution_code\":\"SW77789454\",\"state\":\"Tamil Nadu\",\"isactive\":true,\"departments\":[]},{\"id\":8,\"name\":\"Annassww\",\"institution_code\":\"SW778545489454\",\"state\":\"Tamil Nadu\",\"isactive\":true,\"departments\":[]},{\"id\":9,\"name\":\"Annasssww\",\"institution_code\":\"S778545489454\",\"state\":\"Tamil Nadu\",\"isactive\":true,\"departments\":[]},{\"id\":10,\"name\":\"Aw\",\"institution_code\":\"78545489454\",\"state\":\"Tamil Nadu\",\"isactive\":true,\"departments\":[]},{\"id\":11,\"name\":\"A5w\",\"institution_code\":\"dnjds\",\"state\":\"Tamil Nadu\",\"isactive\":true,\"departments\":[]}],\"limit\":10,\"page\":1,\"total_count\":18,\"total_pages\":2},\"message\":\"Institutes fetched successfully\",\"success\":true}"

**


**
Time      : 2026-07-27 12:29:40
Service   : Institution
Method    : PUT
Endpoint  : /institutes/1
Status    : 200

Request:
"{\"name\":\"Anna\",\"institution_code\":\"sw51001\",\"state\":\"Tamil Nadu\"}"

Response:
"{\"data\":{\"id\":1,\"name\":\"Anna\",\"institution_code\":\"sw51001\",\"state\":\"Tamil Nadu\",\"isactive\":true,\"departments\":[]},\"message\":\"Institution updated successfully\",\"success\":true}"

**


**
Time      : 2026-07-27 12:29:40
Service   : Institution
Method    : GET
Endpoint  : /institutes/
Status    : 200

Request:
""

Response:
"{\"data\":{\"items\":[{\"id\":1,\"name\":\"Anna\",\"institution_code\":\"sw51001\",\"state\":\"Tamil Nadu\",\"isactive\":true,\"departments\":[]},{\"id\":3,\"name\":\"Anna\",\"institution_code\":\"sw51001\",\"state\":\"Tamil Nadu\",\"isactive\":true,\"departments\":[{\"id\":2,\"department_name\":\"Manu\",\"institution_id\":3,\"isactive\":true,\"faculties\":[]}]},{\"id\":4,\"name\":\"Anna University Main Campus\",\"institution_code\":\"AU1001-M\",\"state\":\"Tamil Nadu\",\"isactive\":true,\"departments\":[{\"id\":3,\"department_name\":\"Manu\",\"institution_id\":4,\"isactive\":true,\"faculties\":[{\"id\":2,\"name\":\"Dr. Amit Anand\",\"gender\":\"Male\",\"joining_date\":\"2026-06-24T00:00:00+05:30\",\"department_id\":3,\"isactive\":true,\"students\":[{\"id\":2,\"name\":\"Rahul Kumar Sharma\",\"email\":\"rahul.sharma@example.com\",\"gender\":\"male\",\"faculty_id\":2,\"isactive\":true,\"fees\":[{\"id\":2,\"payment_mode\":\"Online\",\"amount\":50000,\"student_id\":2,\"isactive\":true}]},{\"id\":4,\"name\":\"Rahul Kumar\",\"email\":\"raha@example.com\",\"gender\":\"Male\",\"faculty_id\":2,\"isactive\":true,\"fees\":[]},{\"id\":5,\"name\":\"Rahula Kumar\",\"email\":\"rahaaa@example.com\",\"gender\":\"Male\",\"faculty_id\":2,\"isactive\":true,\"fees\":[]}]}]}]},{\"id\":5,\"name\":\"Annas\",\"institution_code\":\"SW01001\",\"state\":\"Tamil Nadu\",\"isactive\":true,\"departments\":[{\"id\":5,\"department_name\":\"Manu\",\"institution_id\":5,\"isactive\":true,\"faculties\":[{\"id\":3,\"name\":\"Dr. Amit Anand\",\"gender\":\"Male\",\"joining_date\":\"2026-06-24T00:00:00+05:30\",\"department_id\":5,\"isactive\":true,\"students\":[{\"id\":6,\"name\":\"Rahula Kumar\",\"email\":\"raa@example.com\",\"gender\":\"Male\",\"faculty_id\":3,\"isactive\":true,\"fees\":[]},{\"id\":7,\"name\":\"Rahusla Kumar\",\"email\":\"radbshdsdiha@example.com\",\"gender\":\"Male\",\"faculty_id\":3,\"isactive\":true,\"fees\":[]},{\"id\":8,\"name\":\"Rarrhusla Kumar\",\"email\":\"rarrdbshdsdiha@example.com\",\"gender\":\"Male\",\"faculty_id\":3,\"isactive\":true,\"fees\":[]},{\"id\":9,\"name\":\"Rarrhuslddda Kumar\",\"email\":\"rarrdbshddsdiha@example.com\",\"gender\":\"Male\",\"faculty_id\":3,\"isactive\":true,\"fees\":[]}]}]}]},{\"id\":6,\"name\":\"Annasw\",\"institution_code\":\"SW018001\",\"state\":\"Tamil Nadu\",\"isactive\":true,\"departments\":[]},{\"id\":7,\"name\":\"Annass\",\"institution_code\":\"SW77789454\",\"state\":\"Tamil Nadu\",\"isactive\":true,\"departments\":[]},{\"id\":8,\"name\":\"Annassww\",\"institution_code\":\"SW778545489454\",\"state\":\"Tamil Nadu\",\"isactive\":true,\"departments\":[]},{\"id\":9,\"name\":\"Annasssww\",\"institution_code\":\"S778545489454\",\"state\":\"Tamil Nadu\",\"isactive\":true,\"departments\":[]},{\"id\":10,\"name\":\"Aw\",\"institution_code\":\"78545489454\",\"state\":\"Tamil Nadu\",\"isactive\":true,\"departments\":[]},{\"id\":11,\"name\":\"A5w\",\"institution_code\":\"dnjds\",\"state\":\"Tamil Nadu\",\"isactive\":true,\"departments\":[]}],\"limit\":10,\"page\":1,\"total_count\":18,\"total_pages\":2},\"message\":\"Institutes fetched successfully\",\"success\":true}"

**


**
Time      : 2026-07-27 12:29:49
Service   : Institution
Method    : GET
Endpoint  : /institutes/1
Status    : 200

Request:
""

Response:
"{\"data\":{\"id\":1,\"name\":\"Anna\",\"institution_code\":\"sw51001\",\"state\":\"Tamil Nadu\",\"isactive\":true,\"departments\":[]},\"message\":\"Institute fetched successfully\",\"success\":true}"

**


**
Time      : 2026-07-27 12:30:11
Service   : Auth
Method    : POST
Endpoint  : /signin
Status    : 200

Request:
"[REDACTED/SENSITIVE]"

Response:
"{\"data\":{\"access_token\":\"eyJhbGciOiJIUzI1NiIsInR5cCI6IkpXVCJ9.eyJleHAiOjE3ODUxMzY1MTEsImlhdCI6MTc4NTEzNTYxMSwic2Vzc2lvbl9pZCI6ImNhZWM4YzZkLTBhYjQtNGU4NC1hNjJiLWJkOGM2ODNkZjU3MSIsInVzZXJfaWQiOjk0fQ.3nOqKCWud9xuoAkKNQKsOH1Vi-flikE3RXnUMgeXkUE\",\"refresh_token\":\"eyJhbGciOiJIUzI1NiIsInR5cCI6IkpXVCJ9.eyJleHAiOjE3ODc3Mjc2MTEsImlhdCI6MTc4NTEzNTYxMSwic2Vzc2lvbl9pZCI6ImNhZWM4YzZkLTBhYjQtNGU4NC1hNjJiLWJkOGM2ODNkZjU3MSIsInVzZXJfaWQiOjk0fQ.13odTy1wM3z7dY6MpDFPQQffuARGgiC4WFCsGhRUGJI\",\"user_id\":94,\"session_id\":\"caec8c6d-0ab4-4e84-a62b-bd8c683df571\"},\"message\":\"Signed in successfully\",\"success\":true}"

**


**
Time      : 2026-07-27 12:30:36
Service   : Institution
Method    : GET
Endpoint  : /institutes/
Status    : 200

Request:
""

Response:
"{\"data\":{\"items\":[{\"id\":1,\"name\":\"Anna\",\"institution_code\":\"sw51001\",\"state\":\"Tamil Nadu\",\"isactive\":true,\"departments\":[]},{\"id\":3,\"name\":\"Anna\",\"institution_code\":\"sw51001\",\"state\":\"Tamil Nadu\",\"isactive\":true,\"departments\":[{\"id\":2,\"department_name\":\"Manu\",\"institution_id\":3,\"isactive\":true,\"faculties\":[]}]},{\"id\":4,\"name\":\"Anna University Main Campus\",\"institution_code\":\"AU1001-M\",\"state\":\"Tamil Nadu\",\"isactive\":true,\"departments\":[{\"id\":3,\"department_name\":\"Manu\",\"institution_id\":4,\"isactive\":true,\"faculties\":[{\"id\":2,\"name\":\"Dr. Amit Anand\",\"gender\":\"Male\",\"joining_date\":\"2026-06-24T00:00:00+05:30\",\"department_id\":3,\"isactive\":true,\"students\":[{\"id\":2,\"name\":\"Rahul Kumar Sharma\",\"email\":\"rahul.sharma@example.com\",\"gender\":\"male\",\"faculty_id\":2,\"isactive\":true,\"fees\":[{\"id\":2,\"payment_mode\":\"Online\",\"amount\":50000,\"student_id\":2,\"isactive\":true}]},{\"id\":4,\"name\":\"Rahul Kumar\",\"email\":\"raha@example.com\",\"gender\":\"Male\",\"faculty_id\":2,\"isactive\":true,\"fees\":[]},{\"id\":5,\"name\":\"Rahula Kumar\",\"email\":\"rahaaa@example.com\",\"gender\":\"Male\",\"faculty_id\":2,\"isactive\":true,\"fees\":[]}]}]}]},{\"id\":5,\"name\":\"Annas\",\"institution_code\":\"SW01001\",\"state\":\"Tamil Nadu\",\"isactive\":true,\"departments\":[{\"id\":5,\"department_name\":\"Manu\",\"institution_id\":5,\"isactive\":true,\"faculties\":[{\"id\":3,\"name\":\"Dr. Amit Anand\",\"gender\":\"Male\",\"joining_date\":\"2026-06-24T00:00:00+05:30\",\"department_id\":5,\"isactive\":true,\"students\":[{\"id\":6,\"name\":\"Rahula Kumar\",\"email\":\"raa@example.com\",\"gender\":\"Male\",\"faculty_id\":3,\"isactive\":true,\"fees\":[]},{\"id\":7,\"name\":\"Rahusla Kumar\",\"email\":\"radbshdsdiha@example.com\",\"gender\":\"Male\",\"faculty_id\":3,\"isactive\":true,\"fees\":[]},{\"id\":8,\"name\":\"Rarrhusla Kumar\",\"email\":\"rarrdbshdsdiha@example.com\",\"gender\":\"Male\",\"faculty_id\":3,\"isactive\":true,\"fees\":[]},{\"id\":9,\"name\":\"Rarrhuslddda Kumar\",\"email\":\"rarrdbshddsdiha@example.com\",\"gender\":\"Male\",\"faculty_id\":3,\"isactive\":true,\"fees\":[]}]}]}]},{\"id\":6,\"name\":\"Annasw\",\"institution_code\":\"SW018001\",\"state\":\"Tamil Nadu\",\"isactive\":true,\"departments\":[]},{\"id\":7,\"name\":\"Annass\",\"institution_code\":\"SW77789454\",\"state\":\"Tamil Nadu\",\"isactive\":true,\"departments\":[]},{\"id\":8,\"name\":\"Annassww\",\"institution_code\":\"SW778545489454\",\"state\":\"Tamil Nadu\",\"isactive\":true,\"departments\":[]},{\"id\":9,\"name\":\"Annasssww\",\"institution_code\":\"S778545489454\",\"state\":\"Tamil Nadu\",\"isactive\":true,\"departments\":[]},{\"id\":10,\"name\":\"Aw\",\"institution_code\":\"78545489454\",\"state\":\"Tamil Nadu\",\"isactive\":true,\"departments\":[]},{\"id\":11,\"name\":\"A5w\",\"institution_code\":\"dnjds\",\"state\":\"Tamil Nadu\",\"isactive\":true,\"departments\":[]}],\"limit\":10,\"page\":1,\"total_count\":18,\"total_pages\":2},\"message\":\"Institutes fetched successfully\",\"success\":true}"

**


**
Time      : 2026-07-27 12:34:27
Service   : Institution
Method    : GET
Endpoint  : /institutes/1
Status    : 200

Request:
""

Response:
"{\"data\":{\"id\":1,\"name\":\"Anna\",\"institution_code\":\"sw51001\",\"state\":\"Tamil Nadu\",\"isactive\":true,\"departments\":[]},\"message\":\"Institute fetched successfully\",\"success\":true}"

**


**
Time      : 2026-07-27 12:44:09
Service   : Auth
Method    : POST
Endpoint  : /signin
Status    : 200

Request:
"[REDACTED/SENSITIVE]"

Response:
"{\"data\":{\"access_token\":\"eyJhbGciOiJIUzI1NiIsInR5cCI6IkpXVCJ9.eyJleHAiOjE3ODUxMzczNDksImlhdCI6MTc4NTEzNjQ0OSwic2Vzc2lvbl9pZCI6ImViMGI4ZDA3LTYyM2YtNDNjYi1iOGJiLThjOWIxMTZmOGI0NyIsInVzZXJfaWQiOjk0fQ.Sa4H3X3z_akHZBJIiIO8lOeYJRPNS5_M2nGJ6E7sYrw\",\"refresh_token\":\"eyJhbGciOiJIUzI1NiIsInR5cCI6IkpXVCJ9.eyJleHAiOjE3ODc3Mjg0NDksImlhdCI6MTc4NTEzNjQ0OSwic2Vzc2lvbl9pZCI6ImViMGI4ZDA3LTYyM2YtNDNjYi1iOGJiLThjOWIxMTZmOGI0NyIsInVzZXJfaWQiOjk0fQ.BG9FdA5faGD_LLJYpYUTM38FLnXXc9RiRZyyXHKVgTc\",\"user_id\":94,\"session_id\":\"eb0b8d07-623f-43cb-b8bb-8c9b116f8b47\"},\"message\":\"Signed in successfully\",\"success\":true}"

**


**
Time      : 2026-07-27 12:44:11
Service   : Institution
Method    : GET
Endpoint  : /institutes/
Status    : 200

Request:
""

Response:
"{\"data\":{\"items\":[{\"id\":1,\"name\":\"Anna\",\"institution_code\":\"sw51001\",\"state\":\"Tamil Nadu\",\"isactive\":true,\"departments\":[]},{\"id\":3,\"name\":\"Anna\",\"institution_code\":\"sw51001\",\"state\":\"Tamil Nadu\",\"isactive\":true,\"departments\":[{\"id\":2,\"department_name\":\"Manu\",\"institution_id\":3,\"isactive\":true,\"faculties\":[]}]},{\"id\":4,\"name\":\"Anna University Main Campus\",\"institution_code\":\"AU1001-M\",\"state\":\"Tamil Nadu\",\"isactive\":true,\"departments\":[{\"id\":3,\"department_name\":\"Manu\",\"institution_id\":4,\"isactive\":true,\"faculties\":[{\"id\":2,\"name\":\"Dr. Amit Anand\",\"gender\":\"Male\",\"joining_date\":\"2026-06-24T00:00:00+05:30\",\"department_id\":3,\"isactive\":true,\"students\":[{\"id\":2,\"name\":\"Rahul Kumar Sharma\",\"email\":\"rahul.sharma@example.com\",\"gender\":\"male\",\"faculty_id\":2,\"isactive\":true,\"fees\":[{\"id\":2,\"payment_mode\":\"Online\",\"amount\":50000,\"student_id\":2,\"isactive\":true}]},{\"id\":4,\"name\":\"Rahul Kumar\",\"email\":\"raha@example.com\",\"gender\":\"Male\",\"faculty_id\":2,\"isactive\":true,\"fees\":[]},{\"id\":5,\"name\":\"Rahula Kumar\",\"email\":\"rahaaa@example.com\",\"gender\":\"Male\",\"faculty_id\":2,\"isactive\":true,\"fees\":[]}]}]}]},{\"id\":5,\"name\":\"Annas\",\"institution_code\":\"SW01001\",\"state\":\"Tamil Nadu\",\"isactive\":true,\"departments\":[{\"id\":5,\"department_name\":\"Manu\",\"institution_id\":5,\"isactive\":true,\"faculties\":[{\"id\":3,\"name\":\"Dr. Amit Anand\",\"gender\":\"Male\",\"joining_date\":\"2026-06-24T00:00:00+05:30\",\"department_id\":5,\"isactive\":true,\"students\":[{\"id\":6,\"name\":\"Rahula Kumar\",\"email\":\"raa@example.com\",\"gender\":\"Male\",\"faculty_id\":3,\"isactive\":true,\"fees\":[]},{\"id\":7,\"name\":\"Rahusla Kumar\",\"email\":\"radbshdsdiha@example.com\",\"gender\":\"Male\",\"faculty_id\":3,\"isactive\":true,\"fees\":[]},{\"id\":8,\"name\":\"Rarrhusla Kumar\",\"email\":\"rarrdbshdsdiha@example.com\",\"gender\":\"Male\",\"faculty_id\":3,\"isactive\":true,\"fees\":[]},{\"id\":9,\"name\":\"Rarrhuslddda Kumar\",\"email\":\"rarrdbshddsdiha@example.com\",\"gender\":\"Male\",\"faculty_id\":3,\"isactive\":true,\"fees\":[]}]}]}]},{\"id\":6,\"name\":\"Annasw\",\"institution_code\":\"SW018001\",\"state\":\"Tamil Nadu\",\"isactive\":true,\"departments\":[]},{\"id\":7,\"name\":\"Annass\",\"institution_code\":\"SW77789454\",\"state\":\"Tamil Nadu\",\"isactive\":true,\"departments\":[]},{\"id\":8,\"name\":\"Annassww\",\"institution_code\":\"SW778545489454\",\"state\":\"Tamil Nadu\",\"isactive\":true,\"departments\":[]},{\"id\":9,\"name\":\"Annasssww\",\"institution_code\":\"S778545489454\",\"state\":\"Tamil Nadu\",\"isactive\":true,\"departments\":[]},{\"id\":10,\"name\":\"Aw\",\"institution_code\":\"78545489454\",\"state\":\"Tamil Nadu\",\"isactive\":true,\"departments\":[]},{\"id\":11,\"name\":\"A5w\",\"institution_code\":\"dnjds\",\"state\":\"Tamil Nadu\",\"isactive\":true,\"departments\":[]}],\"limit\":10,\"page\":1,\"total_count\":18,\"total_pages\":2},\"message\":\"Institutes fetched successfully\",\"success\":true}"

**


**
Time      : 2026-07-27 12:44:17
Service   : Institution
Method    : GET
Endpoint  : /institutes/1
Status    : 200

Request:
""

Response:
"{\"data\":{\"id\":1,\"name\":\"Anna\",\"institution_code\":\"sw51001\",\"state\":\"Tamil Nadu\",\"isactive\":true,\"departments\":[]},\"message\":\"Institute fetched successfully\",\"success\":true}"

**


**
Time      : 2026-07-27 12:44:24
Service   : Institution
Method    : GET
Endpoint  : /institutes/
Status    : 200

Request:
""

Response:
"{\"data\":{\"items\":[{\"id\":1,\"name\":\"Anna\",\"institution_code\":\"sw51001\",\"state\":\"Tamil Nadu\",\"isactive\":true,\"departments\":[]},{\"id\":3,\"name\":\"Anna\",\"institution_code\":\"sw51001\",\"state\":\"Tamil Nadu\",\"isactive\":true,\"departments\":[{\"id\":2,\"department_name\":\"Manu\",\"institution_id\":3,\"isactive\":true,\"faculties\":[]}]},{\"id\":4,\"name\":\"Anna University Main Campus\",\"institution_code\":\"AU1001-M\",\"state\":\"Tamil Nadu\",\"isactive\":true,\"departments\":[{\"id\":3,\"department_name\":\"Manu\",\"institution_id\":4,\"isactive\":true,\"faculties\":[{\"id\":2,\"name\":\"Dr. Amit Anand\",\"gender\":\"Male\",\"joining_date\":\"2026-06-24T00:00:00+05:30\",\"department_id\":3,\"isactive\":true,\"students\":[{\"id\":2,\"name\":\"Rahul Kumar Sharma\",\"email\":\"rahul.sharma@example.com\",\"gender\":\"male\",\"faculty_id\":2,\"isactive\":true,\"fees\":[{\"id\":2,\"payment_mode\":\"Online\",\"amount\":50000,\"student_id\":2,\"isactive\":true}]},{\"id\":4,\"name\":\"Rahul Kumar\",\"email\":\"raha@example.com\",\"gender\":\"Male\",\"faculty_id\":2,\"isactive\":true,\"fees\":[]},{\"id\":5,\"name\":\"Rahula Kumar\",\"email\":\"rahaaa@example.com\",\"gender\":\"Male\",\"faculty_id\":2,\"isactive\":true,\"fees\":[]}]}]}]},{\"id\":5,\"name\":\"Annas\",\"institution_code\":\"SW01001\",\"state\":\"Tamil Nadu\",\"isactive\":true,\"departments\":[{\"id\":5,\"department_name\":\"Manu\",\"institution_id\":5,\"isactive\":true,\"faculties\":[{\"id\":3,\"name\":\"Dr. Amit Anand\",\"gender\":\"Male\",\"joining_date\":\"2026-06-24T00:00:00+05:30\",\"department_id\":5,\"isactive\":true,\"students\":[{\"id\":6,\"name\":\"Rahula Kumar\",\"email\":\"raa@example.com\",\"gender\":\"Male\",\"faculty_id\":3,\"isactive\":true,\"fees\":[]},{\"id\":7,\"name\":\"Rahusla Kumar\",\"email\":\"radbshdsdiha@example.com\",\"gender\":\"Male\",\"faculty_id\":3,\"isactive\":true,\"fees\":[]},{\"id\":8,\"name\":\"Rarrhusla Kumar\",\"email\":\"rarrdbshdsdiha@example.com\",\"gender\":\"Male\",\"faculty_id\":3,\"isactive\":true,\"fees\":[]},{\"id\":9,\"name\":\"Rarrhuslddda Kumar\",\"email\":\"rarrdbshddsdiha@example.com\",\"gender\":\"Male\",\"faculty_id\":3,\"isactive\":true,\"fees\":[]}]}]}]},{\"id\":6,\"name\":\"Annasw\",\"institution_code\":\"SW018001\",\"state\":\"Tamil Nadu\",\"isactive\":true,\"departments\":[]},{\"id\":7,\"name\":\"Annass\",\"institution_code\":\"SW77789454\",\"state\":\"Tamil Nadu\",\"isactive\":true,\"departments\":[]},{\"id\":8,\"name\":\"Annassww\",\"institution_code\":\"SW778545489454\",\"state\":\"Tamil Nadu\",\"isactive\":true,\"departments\":[]},{\"id\":9,\"name\":\"Annasssww\",\"institution_code\":\"S778545489454\",\"state\":\"Tamil Nadu\",\"isactive\":true,\"departments\":[]},{\"id\":10,\"name\":\"Aw\",\"institution_code\":\"78545489454\",\"state\":\"Tamil Nadu\",\"isactive\":true,\"departments\":[]},{\"id\":11,\"name\":\"A5w\",\"institution_code\":\"dnjds\",\"state\":\"Tamil Nadu\",\"isactive\":true,\"departments\":[]}],\"limit\":10,\"page\":1,\"total_count\":18,\"total_pages\":2},\"message\":\"Institutes fetched successfully\",\"success\":true}"

**


**
Time      : 2026-07-27 12:44:28
Service   : Institution
Method    : GET
Endpoint  : /institutes/1
Status    : 200

Request:
""

Response:
"{\"data\":{\"id\":1,\"name\":\"Anna\",\"institution_code\":\"sw51001\",\"state\":\"Tamil Nadu\",\"isactive\":true,\"departments\":[]},\"message\":\"Institute fetched successfully\",\"success\":true}"

**


**
Time      : 2026-07-27 12:45:13
Service   : Institution
Method    : GET
Endpoint  : /institutes/
Status    : 200

Request:
""

Response:
"{\"data\":{\"items\":[{\"id\":1,\"name\":\"Anna\",\"institution_code\":\"sw51001\",\"state\":\"Tamil Nadu\",\"isactive\":true,\"departments\":[]},{\"id\":3,\"name\":\"Anna\",\"institution_code\":\"sw51001\",\"state\":\"Tamil Nadu\",\"isactive\":true,\"departments\":[{\"id\":2,\"department_name\":\"Manu\",\"institution_id\":3,\"isactive\":true,\"faculties\":[]}]},{\"id\":4,\"name\":\"Anna University Main Campus\",\"institution_code\":\"AU1001-M\",\"state\":\"Tamil Nadu\",\"isactive\":true,\"departments\":[{\"id\":3,\"department_name\":\"Manu\",\"institution_id\":4,\"isactive\":true,\"faculties\":[{\"id\":2,\"name\":\"Dr. Amit Anand\",\"gender\":\"Male\",\"joining_date\":\"2026-06-24T00:00:00+05:30\",\"department_id\":3,\"isactive\":true,\"students\":[{\"id\":2,\"name\":\"Rahul Kumar Sharma\",\"email\":\"rahul.sharma@example.com\",\"gender\":\"male\",\"faculty_id\":2,\"isactive\":true,\"fees\":[{\"id\":2,\"payment_mode\":\"Online\",\"amount\":50000,\"student_id\":2,\"isactive\":true}]},{\"id\":4,\"name\":\"Rahul Kumar\",\"email\":\"raha@example.com\",\"gender\":\"Male\",\"faculty_id\":2,\"isactive\":true,\"fees\":[]},{\"id\":5,\"name\":\"Rahula Kumar\",\"email\":\"rahaaa@example.com\",\"gender\":\"Male\",\"faculty_id\":2,\"isactive\":true,\"fees\":[]}]}]}]},{\"id\":5,\"name\":\"Annas\",\"institution_code\":\"SW01001\",\"state\":\"Tamil Nadu\",\"isactive\":true,\"departments\":[{\"id\":5,\"department_name\":\"Manu\",\"institution_id\":5,\"isactive\":true,\"faculties\":[{\"id\":3,\"name\":\"Dr. Amit Anand\",\"gender\":\"Male\",\"joining_date\":\"2026-06-24T00:00:00+05:30\",\"department_id\":5,\"isactive\":true,\"students\":[{\"id\":6,\"name\":\"Rahula Kumar\",\"email\":\"raa@example.com\",\"gender\":\"Male\",\"faculty_id\":3,\"isactive\":true,\"fees\":[]},{\"id\":7,\"name\":\"Rahusla Kumar\",\"email\":\"radbshdsdiha@example.com\",\"gender\":\"Male\",\"faculty_id\":3,\"isactive\":true,\"fees\":[]},{\"id\":8,\"name\":\"Rarrhusla Kumar\",\"email\":\"rarrdbshdsdiha@example.com\",\"gender\":\"Male\",\"faculty_id\":3,\"isactive\":true,\"fees\":[]},{\"id\":9,\"name\":\"Rarrhuslddda Kumar\",\"email\":\"rarrdbshddsdiha@example.com\",\"gender\":\"Male\",\"faculty_id\":3,\"isactive\":true,\"fees\":[]}]}]}]},{\"id\":6,\"name\":\"Annasw\",\"institution_code\":\"SW018001\",\"state\":\"Tamil Nadu\",\"isactive\":true,\"departments\":[]},{\"id\":7,\"name\":\"Annass\",\"institution_code\":\"SW77789454\",\"state\":\"Tamil Nadu\",\"isactive\":true,\"departments\":[]},{\"id\":8,\"name\":\"Annassww\",\"institution_code\":\"SW778545489454\",\"state\":\"Tamil Nadu\",\"isactive\":true,\"departments\":[]},{\"id\":9,\"name\":\"Annasssww\",\"institution_code\":\"S778545489454\",\"state\":\"Tamil Nadu\",\"isactive\":true,\"departments\":[]},{\"id\":10,\"name\":\"Aw\",\"institution_code\":\"78545489454\",\"state\":\"Tamil Nadu\",\"isactive\":true,\"departments\":[]},{\"id\":11,\"name\":\"A5w\",\"institution_code\":\"dnjds\",\"state\":\"Tamil Nadu\",\"isactive\":true,\"departments\":[]}],\"limit\":10,\"page\":1,\"total_count\":18,\"total_pages\":2},\"message\":\"Institutes fetched successfully\",\"success\":true}"

**


**
Time      : 2026-07-27 12:45:15
Service   : Institution
Method    : GET
Endpoint  : /institutes/1
Status    : 200

Request:
""

Response:
"{\"data\":{\"id\":1,\"name\":\"Anna\",\"institution_code\":\"sw51001\",\"state\":\"Tamil Nadu\",\"isactive\":true,\"departments\":[]},\"message\":\"Institute fetched successfully\",\"success\":true}"

**


**
Time      : 2026-07-27 12:45:53
Service   : Department
Method    : GET
Endpoint  : /departments
Status    : 200

Request:
""

Response:
"{\"data\":{\"items\":[{\"id\":1,\"department_name\":\"Manu\",\"institution_id\":2,\"isactive\":true,\"faculties\":[{\"id\":1,\"name\":\"Dr. Amit Anand\",\"gender\":\"Male\",\"joining_date\":\"2026-06-24T00:00:00+05:30\",\"department_id\":1,\"isactive\":true,\"students\":[{\"id\":1,\"name\":\"Rahul Kumar\",\"email\":\"rahul@example.com\",\"gender\":\"Male\",\"faculty_id\":1,\"isactive\":true,\"fees\":[{\"id\":1,\"payment_mode\":\"Online\",\"amount\":50000,\"student_id\":1,\"isactive\":true}]},{\"id\":3,\"name\":\"Rahul Kumar\",\"email\":\"rahula@example.com\",\"gender\":\"Male\",\"faculty_id\":1,\"isactive\":true,\"fees\":[]}]}]},{\"id\":2,\"department_name\":\"Manu\",\"institution_id\":3,\"isactive\":true,\"faculties\":[]},{\"id\":3,\"department_name\":\"Manu\",\"institution_id\":4,\"isactive\":true,\"faculties\":[{\"id\":2,\"name\":\"Dr. Amit Anand\",\"gender\":\"Male\",\"joining_date\":\"2026-06-24T00:00:00+05:30\",\"department_id\":3,\"isactive\":true,\"students\":[{\"id\":2,\"name\":\"Rahul Kumar Sharma\",\"email\":\"rahul.sharma@example.com\",\"gender\":\"male\",\"faculty_id\":2,\"isactive\":true,\"fees\":[{\"id\":2,\"payment_mode\":\"Online\",\"amount\":50000,\"student_id\":2,\"isactive\":true}]},{\"id\":4,\"name\":\"Rahul Kumar\",\"email\":\"raha@example.com\",\"gender\":\"Male\",\"faculty_id\":2,\"isactive\":true,\"fees\":[]},{\"id\":5,\"name\":\"Rahula Kumar\",\"email\":\"rahaaa@example.com\",\"gender\":\"Male\",\"faculty_id\":2,\"isactive\":true,\"fees\":[]}]}]},{\"id\":4,\"department_name\":\"Manu\",\"institution_id\":16,\"isactive\":true,\"faculties\":[]},{\"id\":5,\"department_name\":\"Manu\",\"institution_id\":5,\"isactive\":true,\"faculties\":[{\"id\":3,\"name\":\"Dr. Amit Anand\",\"gender\":\"Male\",\"joining_date\":\"2026-06-24T00:00:00+05:30\",\"department_id\":5,\"isactive\":true,\"students\":[{\"id\":6,\"name\":\"Rahula Kumar\",\"email\":\"raa@example.com\",\"gender\":\"Male\",\"faculty_id\":3,\"isactive\":true,\"fees\":[]},{\"id\":7,\"name\":\"Rahusla Kumar\",\"email\":\"radbshdsdiha@example.com\",\"gender\":\"Male\",\"faculty_id\":3,\"isactive\":true,\"fees\":[]},{\"id\":8,\"name\":\"Rarrhusla Kumar\",\"email\":\"rarrdbshdsdiha@example.com\",\"gender\":\"Male\",\"faculty_id\":3,\"isactive\":true,\"fees\":[]},{\"id\":9,\"name\":\"Rarrhuslddda Kumar\",\"email\":\"rarrdbshddsdiha@example.com\",\"gender\":\"Male\",\"faculty_id\":3,\"isactive\":true,\"fees\":[]}]}]},{\"id\":6,\"department_name\":\"IT\",\"institution_id\":19,\"isactive\":true,\"faculties\":[]}],\"limit\":10,\"page\":1,\"total_count\":6,\"total_pages\":1},\"message\":\"Departments fetched successfully\",\"success\":true}"

**


**
Time      : 2026-07-27 12:47:27
Service   : Institution
Method    : GET
Endpoint  : /institutes/1
Status    : 401

Request:
""

Response:
"{\"message\":\"Authorization header is required\",\"success\":false}"

**


**
Time      : 2026-07-27 12:47:27
Service   : Department
Method    : GET
Endpoint  : /departments/1
Status    : 401

Request:
""

Response:
"{\"message\":\"Authorization header is required\",\"success\":false}"

**


**
Time      : 2026-07-27 12:47:27
Service   : Student
Method    : GET
Endpoint  : /students/1
Status    : 401

Request:
""

Response:
"{\"message\":\"Authorization header is required\",\"success\":false}"

**


**
Time      : 2026-07-27 12:47:27
Service   : Faculty
Method    : GET
Endpoint  : /faculties/1
Status    : 401

Request:
""

Response:
"{\"message\":\"Authorization header is required\",\"success\":false}"

**


**
Time      : 2026-07-27 12:47:27
Service   : Fees
Method    : GET
Endpoint  : /fees/1
Status    : 401

Request:
""

Response:
"{\"message\":\"Authorization header is required\",\"success\":false}"

**


**
Time      : 2026-07-27 12:47:52
Service   : Auth
Method    : POST
Endpoint  : /signup
Status    : 200

Request:
"[REDACTED/SENSITIVE]"

Response:
"{\"data\":{\"id\":110,\"name\":\"Test Tester\",\"email\":\"test_1785136670458@example.com\",\"phone\":\"1234567890\",\"isactive\":false},\"message\":\"Signed up successfully\",\"success\":true}"

**


**
Time      : 2026-07-27 12:47:52
Service   : Auth
Method    : POST
Endpoint  : /signin
Status    : 401

Request:
"[REDACTED/SENSITIVE]"

Response:
"{\"message\":\"account is inactive\",\"success\":false}"

**


**
Time      : 2026-07-27 12:48:37
Service   : Department
Method    : GET
Endpoint  : /departments/1
Status    : 200

Request:
""

Response:
"{\"data\":{\"id\":1,\"department_name\":\"Manu\",\"institution_id\":2,\"isactive\":true,\"faculties\":[{\"id\":1,\"name\":\"Dr. Amit Anand\",\"gender\":\"Male\",\"joining_date\":\"2026-06-24T00:00:00+05:30\",\"department_id\":1,\"isactive\":true,\"students\":[{\"id\":1,\"name\":\"Rahul Kumar\",\"email\":\"rahul@example.com\",\"gender\":\"Male\",\"faculty_id\":1,\"isactive\":true,\"fees\":[{\"id\":1,\"payment_mode\":\"Online\",\"amount\":50000,\"student_id\":1,\"isactive\":true}]},{\"id\":3,\"name\":\"Rahul Kumar\",\"email\":\"rahula@example.com\",\"gender\":\"Male\",\"faculty_id\":1,\"isactive\":true,\"fees\":[]}]}]},\"message\":\"Department fetched successfully\",\"success\":true}"

**


**
Time      : 2026-07-27 12:48:54
Service   : Auth
Method    : POST
Endpoint  : /signin
Status    : 200

Request:
"[REDACTED/SENSITIVE]"

Response:
"{\"data\":{\"access_token\":\"eyJhbGciOiJIUzI1NiIsInR5cCI6IkpXVCJ9.eyJleHAiOjE3ODUxMzc2MzQsImlhdCI6MTc4NTEzNjczNCwic2Vzc2lvbl9pZCI6IjkwOWE4NDg4LTVmYzgtNGIwZi04ZjFjLWJkNmM3MDQ0MDZlYiIsInVzZXJfaWQiOjk0fQ.15olg1avKEOdBboFOQbafNkGKaYCkp1iySKFqt2pbzU\",\"refresh_token\":\"eyJhbGciOiJIUzI1NiIsInR5cCI6IkpXVCJ9.eyJleHAiOjE3ODc3Mjg3MzQsImlhdCI6MTc4NTEzNjczNCwic2Vzc2lvbl9pZCI6IjkwOWE4NDg4LTVmYzgtNGIwZi04ZjFjLWJkNmM3MDQ0MDZlYiIsInVzZXJfaWQiOjk0fQ.raETYlxEXcA6D1CMY0f9pxo4VKSN5--och7Fr0R7pVA\",\"user_id\":94,\"session_id\":\"909a8488-5fc8-4b0f-8f1c-bd6c704406eb\"},\"message\":\"Signed in successfully\",\"success\":true}"

**


**
Time      : 2026-07-27 12:48:56
Service   : Institution
Method    : GET
Endpoint  : /institutes/
Status    : 200

Request:
""

Response:
"{\"data\":{\"items\":[{\"id\":1,\"name\":\"Anna\",\"institution_code\":\"sw51001\",\"state\":\"Tamil Nadu\",\"isactive\":true,\"departments\":[]},{\"id\":3,\"name\":\"Anna\",\"institution_code\":\"sw51001\",\"state\":\"Tamil Nadu\",\"isactive\":true,\"departments\":[{\"id\":2,\"department_name\":\"Manu\",\"institution_id\":3,\"isactive\":true,\"faculties\":[]}]},{\"id\":4,\"name\":\"Anna University Main Campus\",\"institution_code\":\"AU1001-M\",\"state\":\"Tamil Nadu\",\"isactive\":true,\"departments\":[{\"id\":3,\"department_name\":\"Manu\",\"institution_id\":4,\"isactive\":true,\"faculties\":[{\"id\":2,\"name\":\"Dr. Amit Anand\",\"gender\":\"Male\",\"joining_date\":\"2026-06-24T00:00:00+05:30\",\"department_id\":3,\"isactive\":true,\"students\":[{\"id\":2,\"name\":\"Rahul Kumar Sharma\",\"email\":\"rahul.sharma@example.com\",\"gender\":\"male\",\"faculty_id\":2,\"isactive\":true,\"fees\":[{\"id\":2,\"payment_mode\":\"Online\",\"amount\":50000,\"student_id\":2,\"isactive\":true}]},{\"id\":4,\"name\":\"Rahul Kumar\",\"email\":\"raha@example.com\",\"gender\":\"Male\",\"faculty_id\":2,\"isactive\":true,\"fees\":[]},{\"id\":5,\"name\":\"Rahula Kumar\",\"email\":\"rahaaa@example.com\",\"gender\":\"Male\",\"faculty_id\":2,\"isactive\":true,\"fees\":[]}]}]}]},{\"id\":5,\"name\":\"Annas\",\"institution_code\":\"SW01001\",\"state\":\"Tamil Nadu\",\"isactive\":true,\"departments\":[{\"id\":5,\"department_name\":\"Manu\",\"institution_id\":5,\"isactive\":true,\"faculties\":[{\"id\":3,\"name\":\"Dr. Amit Anand\",\"gender\":\"Male\",\"joining_date\":\"2026-06-24T00:00:00+05:30\",\"department_id\":5,\"isactive\":true,\"students\":[{\"id\":6,\"name\":\"Rahula Kumar\",\"email\":\"raa@example.com\",\"gender\":\"Male\",\"faculty_id\":3,\"isactive\":true,\"fees\":[]},{\"id\":7,\"name\":\"Rahusla Kumar\",\"email\":\"radbshdsdiha@example.com\",\"gender\":\"Male\",\"faculty_id\":3,\"isactive\":true,\"fees\":[]},{\"id\":8,\"name\":\"Rarrhusla Kumar\",\"email\":\"rarrdbshdsdiha@example.com\",\"gender\":\"Male\",\"faculty_id\":3,\"isactive\":true,\"fees\":[]},{\"id\":9,\"name\":\"Rarrhuslddda Kumar\",\"email\":\"rarrdbshddsdiha@example.com\",\"gender\":\"Male\",\"faculty_id\":3,\"isactive\":true,\"fees\":[]}]}]}]},{\"id\":6,\"name\":\"Annasw\",\"institution_code\":\"SW018001\",\"state\":\"Tamil Nadu\",\"isactive\":true,\"departments\":[]},{\"id\":7,\"name\":\"Annass\",\"institution_code\":\"SW77789454\",\"state\":\"Tamil Nadu\",\"isactive\":true,\"departments\":[]},{\"id\":8,\"name\":\"Annassww\",\"institution_code\":\"SW778545489454\",\"state\":\"Tamil Nadu\",\"isactive\":true,\"departments\":[]},{\"id\":9,\"name\":\"Annasssww\",\"institution_code\":\"S778545489454\",\"state\":\"Tamil Nadu\",\"isactive\":true,\"departments\":[]},{\"id\":10,\"name\":\"Aw\",\"institution_code\":\"78545489454\",\"state\":\"Tamil Nadu\",\"isactive\":true,\"departments\":[]},{\"id\":11,\"name\":\"A5w\",\"institution_code\":\"dnjds\",\"state\":\"Tamil Nadu\",\"isactive\":true,\"departments\":[]}],\"limit\":10,\"page\":1,\"total_count\":18,\"total_pages\":2},\"message\":\"Institutes fetched successfully\",\"success\":true}"

**


**
Time      : 2026-07-27 12:49:08
Service   : Institution
Method    : GET
Endpoint  : /institutes/1
Status    : 200

Request:
""

Response:
"{\"data\":{\"id\":1,\"name\":\"Anna\",\"institution_code\":\"sw51001\",\"state\":\"Tamil Nadu\",\"isactive\":true,\"departments\":[]},\"message\":\"Institute fetched successfully\",\"success\":true}"

**


**
Time      : 2026-07-27 12:51:08
Service   : Auth
Method    : POST
Endpoint  : /signin
Status    : 200

Request:
"[REDACTED/SENSITIVE]"

Response:
"{\"data\":{\"access_token\":\"eyJhbGciOiJIUzI1NiIsInR5cCI6IkpXVCJ9.eyJleHAiOjE3ODUxMzc3NjgsImlhdCI6MTc4NTEzNjg2OCwic2Vzc2lvbl9pZCI6ImIzZmYzZGU2LTMyYjAtNDA4Yi1hNjVmLTJmYTY3ZWVlZjUyOCIsInVzZXJfaWQiOjk0fQ.6cLeLfpgbTWppBFZzg25witrTKnBnUEXHiSibLHEWY0\",\"refresh_token\":\"eyJhbGciOiJIUzI1NiIsInR5cCI6IkpXVCJ9.eyJleHAiOjE3ODc3Mjg4NjgsImlhdCI6MTc4NTEzNjg2OCwic2Vzc2lvbl9pZCI6ImIzZmYzZGU2LTMyYjAtNDA4Yi1hNjVmLTJmYTY3ZWVlZjUyOCIsInVzZXJfaWQiOjk0fQ.QUWrU0I-kIHMbRNLYgugynoDx-ytDmE5rj717p9JWkc\",\"user_id\":94,\"session_id\":\"b3ff3de6-32b0-408b-a65f-2fa67eeef528\"},\"message\":\"Signed in successfully\",\"success\":true}"

**


**
Time      : 2026-07-27 12:51:10
Service   : Institution
Method    : GET
Endpoint  : /institutes/
Status    : 200

Request:
""

Response:
"{\"data\":{\"items\":[{\"id\":1,\"name\":\"Anna\",\"institution_code\":\"sw51001\",\"state\":\"Tamil Nadu\",\"isactive\":true,\"departments\":[]},{\"id\":3,\"name\":\"Anna\",\"institution_code\":\"sw51001\",\"state\":\"Tamil Nadu\",\"isactive\":true,\"departments\":[{\"id\":2,\"department_name\":\"Manu\",\"institution_id\":3,\"isactive\":true,\"faculties\":[]}]},{\"id\":4,\"name\":\"Anna University Main Campus\",\"institution_code\":\"AU1001-M\",\"state\":\"Tamil Nadu\",\"isactive\":true,\"departments\":[{\"id\":3,\"department_name\":\"Manu\",\"institution_id\":4,\"isactive\":true,\"faculties\":[{\"id\":2,\"name\":\"Dr. Amit Anand\",\"gender\":\"Male\",\"joining_date\":\"2026-06-24T00:00:00+05:30\",\"department_id\":3,\"isactive\":true,\"students\":[{\"id\":2,\"name\":\"Rahul Kumar Sharma\",\"email\":\"rahul.sharma@example.com\",\"gender\":\"male\",\"faculty_id\":2,\"isactive\":true,\"fees\":[{\"id\":2,\"payment_mode\":\"Online\",\"amount\":50000,\"student_id\":2,\"isactive\":true}]},{\"id\":4,\"name\":\"Rahul Kumar\",\"email\":\"raha@example.com\",\"gender\":\"Male\",\"faculty_id\":2,\"isactive\":true,\"fees\":[]},{\"id\":5,\"name\":\"Rahula Kumar\",\"email\":\"rahaaa@example.com\",\"gender\":\"Male\",\"faculty_id\":2,\"isactive\":true,\"fees\":[]}]}]}]},{\"id\":5,\"name\":\"Annas\",\"institution_code\":\"SW01001\",\"state\":\"Tamil Nadu\",\"isactive\":true,\"departments\":[{\"id\":5,\"department_name\":\"Manu\",\"institution_id\":5,\"isactive\":true,\"faculties\":[{\"id\":3,\"name\":\"Dr. Amit Anand\",\"gender\":\"Male\",\"joining_date\":\"2026-06-24T00:00:00+05:30\",\"department_id\":5,\"isactive\":true,\"students\":[{\"id\":6,\"name\":\"Rahula Kumar\",\"email\":\"raa@example.com\",\"gender\":\"Male\",\"faculty_id\":3,\"isactive\":true,\"fees\":[]},{\"id\":7,\"name\":\"Rahusla Kumar\",\"email\":\"radbshdsdiha@example.com\",\"gender\":\"Male\",\"faculty_id\":3,\"isactive\":true,\"fees\":[]},{\"id\":8,\"name\":\"Rarrhusla Kumar\",\"email\":\"rarrdbshdsdiha@example.com\",\"gender\":\"Male\",\"faculty_id\":3,\"isactive\":true,\"fees\":[]},{\"id\":9,\"name\":\"Rarrhuslddda Kumar\",\"email\":\"rarrdbshddsdiha@example.com\",\"gender\":\"Male\",\"faculty_id\":3,\"isactive\":true,\"fees\":[]}]}]}]},{\"id\":6,\"name\":\"Annasw\",\"institution_code\":\"SW018001\",\"state\":\"Tamil Nadu\",\"isactive\":true,\"departments\":[]},{\"id\":7,\"name\":\"Annass\",\"institution_code\":\"SW77789454\",\"state\":\"Tamil Nadu\",\"isactive\":true,\"departments\":[]},{\"id\":8,\"name\":\"Annassww\",\"institution_code\":\"SW778545489454\",\"state\":\"Tamil Nadu\",\"isactive\":true,\"departments\":[]},{\"id\":9,\"name\":\"Annasssww\",\"institution_code\":\"S778545489454\",\"state\":\"Tamil Nadu\",\"isactive\":true,\"departments\":[]},{\"id\":10,\"name\":\"Aw\",\"institution_code\":\"78545489454\",\"state\":\"Tamil Nadu\",\"isactive\":true,\"departments\":[]},{\"id\":11,\"name\":\"A5w\",\"institution_code\":\"dnjds\",\"state\":\"Tamil Nadu\",\"isactive\":true,\"departments\":[]}],\"limit\":10,\"page\":1,\"total_count\":18,\"total_pages\":2},\"message\":\"Institutes fetched successfully\",\"success\":true}"

**


**
Time      : 2026-07-27 12:51:26
Service   : Institution
Method    : GET
Endpoint  : /institutes/1
Status    : 200

Request:
""

Response:
"{\"data\":{\"id\":1,\"name\":\"Anna\",\"institution_code\":\"sw51001\",\"state\":\"Tamil Nadu\",\"isactive\":true,\"departments\":[]},\"message\":\"Institute fetched successfully\",\"success\":true}"

**


**
Time      : 2026-07-27 12:53:37
Service   : Institution
Method    : GET
Endpoint  : /institutes/
Status    : 200

Request:
""

Response:
"{\"data\":{\"items\":[{\"id\":1,\"name\":\"Anna\",\"institution_code\":\"sw51001\",\"state\":\"Tamil Nadu\",\"isactive\":true,\"departments\":[]},{\"id\":3,\"name\":\"Anna\",\"institution_code\":\"sw51001\",\"state\":\"Tamil Nadu\",\"isactive\":true,\"departments\":[{\"id\":2,\"department_name\":\"Manu\",\"institution_id\":3,\"isactive\":true,\"faculties\":[]}]},{\"id\":4,\"name\":\"Anna University Main Campus\",\"institution_code\":\"AU1001-M\",\"state\":\"Tamil Nadu\",\"isactive\":true,\"departments\":[{\"id\":3,\"department_name\":\"Manu\",\"institution_id\":4,\"isactive\":true,\"faculties\":[{\"id\":2,\"name\":\"Dr. Amit Anand\",\"gender\":\"Male\",\"joining_date\":\"2026-06-24T00:00:00+05:30\",\"department_id\":3,\"isactive\":true,\"students\":[{\"id\":2,\"name\":\"Rahul Kumar Sharma\",\"email\":\"rahul.sharma@example.com\",\"gender\":\"male\",\"faculty_id\":2,\"isactive\":true,\"fees\":[{\"id\":2,\"payment_mode\":\"Online\",\"amount\":50000,\"student_id\":2,\"isactive\":true}]},{\"id\":4,\"name\":\"Rahul Kumar\",\"email\":\"raha@example.com\",\"gender\":\"Male\",\"faculty_id\":2,\"isactive\":true,\"fees\":[]},{\"id\":5,\"name\":\"Rahula Kumar\",\"email\":\"rahaaa@example.com\",\"gender\":\"Male\",\"faculty_id\":2,\"isactive\":true,\"fees\":[]}]}]}]},{\"id\":5,\"name\":\"Annas\",\"institution_code\":\"SW01001\",\"state\":\"Tamil Nadu\",\"isactive\":true,\"departments\":[{\"id\":5,\"department_name\":\"Manu\",\"institution_id\":5,\"isactive\":true,\"faculties\":[{\"id\":3,\"name\":\"Dr. Amit Anand\",\"gender\":\"Male\",\"joining_date\":\"2026-06-24T00:00:00+05:30\",\"department_id\":5,\"isactive\":true,\"students\":[{\"id\":6,\"name\":\"Rahula Kumar\",\"email\":\"raa@example.com\",\"gender\":\"Male\",\"faculty_id\":3,\"isactive\":true,\"fees\":[]},{\"id\":7,\"name\":\"Rahusla Kumar\",\"email\":\"radbshdsdiha@example.com\",\"gender\":\"Male\",\"faculty_id\":3,\"isactive\":true,\"fees\":[]},{\"id\":8,\"name\":\"Rarrhusla Kumar\",\"email\":\"rarrdbshdsdiha@example.com\",\"gender\":\"Male\",\"faculty_id\":3,\"isactive\":true,\"fees\":[]},{\"id\":9,\"name\":\"Rarrhuslddda Kumar\",\"email\":\"rarrdbshddsdiha@example.com\",\"gender\":\"Male\",\"faculty_id\":3,\"isactive\":true,\"fees\":[]}]}]}]},{\"id\":6,\"name\":\"Annasw\",\"institution_code\":\"SW018001\",\"state\":\"Tamil Nadu\",\"isactive\":true,\"departments\":[]},{\"id\":7,\"name\":\"Annass\",\"institution_code\":\"SW77789454\",\"state\":\"Tamil Nadu\",\"isactive\":true,\"departments\":[]},{\"id\":8,\"name\":\"Annassww\",\"institution_code\":\"SW778545489454\",\"state\":\"Tamil Nadu\",\"isactive\":true,\"departments\":[]},{\"id\":9,\"name\":\"Annasssww\",\"institution_code\":\"S778545489454\",\"state\":\"Tamil Nadu\",\"isactive\":true,\"departments\":[]},{\"id\":10,\"name\":\"Aw\",\"institution_code\":\"78545489454\",\"state\":\"Tamil Nadu\",\"isactive\":true,\"departments\":[]},{\"id\":11,\"name\":\"A5w\",\"institution_code\":\"dnjds\",\"state\":\"Tamil Nadu\",\"isactive\":true,\"departments\":[]}],\"limit\":10,\"page\":1,\"total_count\":18,\"total_pages\":2},\"message\":\"Institutes fetched successfully\",\"success\":true}"

**


**
Time      : 2026-07-27 12:53:43
Service   : Institution
Method    : DELETE
Endpoint  : /institutes/9
Status    : 200

Request:
""

Response:
"{\"data\":null,\"message\":\"Institution deleted successfully\",\"success\":true}"

**


**
Time      : 2026-07-27 12:53:43
Service   : Institution
Method    : GET
Endpoint  : /institutes/
Status    : 200

Request:
""

Response:
"{\"data\":{\"items\":[{\"id\":1,\"name\":\"Anna\",\"institution_code\":\"sw51001\",\"state\":\"Tamil Nadu\",\"isactive\":true,\"departments\":[]},{\"id\":3,\"name\":\"Anna\",\"institution_code\":\"sw51001\",\"state\":\"Tamil Nadu\",\"isactive\":true,\"departments\":[{\"id\":2,\"department_name\":\"Manu\",\"institution_id\":3,\"isactive\":true,\"faculties\":[]}]},{\"id\":4,\"name\":\"Anna University Main Campus\",\"institution_code\":\"AU1001-M\",\"state\":\"Tamil Nadu\",\"isactive\":true,\"departments\":[{\"id\":3,\"department_name\":\"Manu\",\"institution_id\":4,\"isactive\":true,\"faculties\":[{\"id\":2,\"name\":\"Dr. Amit Anand\",\"gender\":\"Male\",\"joining_date\":\"2026-06-24T00:00:00+05:30\",\"department_id\":3,\"isactive\":true,\"students\":[{\"id\":2,\"name\":\"Rahul Kumar Sharma\",\"email\":\"rahul.sharma@example.com\",\"gender\":\"male\",\"faculty_id\":2,\"isactive\":true,\"fees\":[{\"id\":2,\"payment_mode\":\"Online\",\"amount\":50000,\"student_id\":2,\"isactive\":true}]},{\"id\":4,\"name\":\"Rahul Kumar\",\"email\":\"raha@example.com\",\"gender\":\"Male\",\"faculty_id\":2,\"isactive\":true,\"fees\":[]},{\"id\":5,\"name\":\"Rahula Kumar\",\"email\":\"rahaaa@example.com\",\"gender\":\"Male\",\"faculty_id\":2,\"isactive\":true,\"fees\":[]}]}]}]},{\"id\":5,\"name\":\"Annas\",\"institution_code\":\"SW01001\",\"state\":\"Tamil Nadu\",\"isactive\":true,\"departments\":[{\"id\":5,\"department_name\":\"Manu\",\"institution_id\":5,\"isactive\":true,\"faculties\":[{\"id\":3,\"name\":\"Dr. Amit Anand\",\"gender\":\"Male\",\"joining_date\":\"2026-06-24T00:00:00+05:30\",\"department_id\":5,\"isactive\":true,\"students\":[{\"id\":6,\"name\":\"Rahula Kumar\",\"email\":\"raa@example.com\",\"gender\":\"Male\",\"faculty_id\":3,\"isactive\":true,\"fees\":[]},{\"id\":7,\"name\":\"Rahusla Kumar\",\"email\":\"radbshdsdiha@example.com\",\"gender\":\"Male\",\"faculty_id\":3,\"isactive\":true,\"fees\":[]},{\"id\":8,\"name\":\"Rarrhusla Kumar\",\"email\":\"rarrdbshdsdiha@example.com\",\"gender\":\"Male\",\"faculty_id\":3,\"isactive\":true,\"fees\":[]},{\"id\":9,\"name\":\"Rarrhuslddda Kumar\",\"email\":\"rarrdbshddsdiha@example.com\",\"gender\":\"Male\",\"faculty_id\":3,\"isactive\":true,\"fees\":[]}]}]}]},{\"id\":6,\"name\":\"Annasw\",\"institution_code\":\"SW018001\",\"state\":\"Tamil Nadu\",\"isactive\":true,\"departments\":[]},{\"id\":7,\"name\":\"Annass\",\"institution_code\":\"SW77789454\",\"state\":\"Tamil Nadu\",\"isactive\":true,\"departments\":[]},{\"id\":8,\"name\":\"Annassww\",\"institution_code\":\"SW778545489454\",\"state\":\"Tamil Nadu\",\"isactive\":true,\"departments\":[]},{\"id\":10,\"name\":\"Aw\",\"institution_code\":\"78545489454\",\"state\":\"Tamil Nadu\",\"isactive\":true,\"departments\":[]},{\"id\":11,\"name\":\"A5w\",\"institution_code\":\"dnjds\",\"state\":\"Tamil Nadu\",\"isactive\":true,\"departments\":[]},{\"id\":12,\"name\":\"A5DDw\",\"institution_code\":\"dnDjds\",\"state\":\"Tamil Nadu\",\"isactive\":true,\"departments\":[]}],\"limit\":10,\"page\":1,\"total_count\":17,\"total_pages\":2},\"message\":\"Institutes fetched successfully\",\"success\":true}"

**


**
Time      : 2026-07-27 12:55:36
Service   : Auth
Method    : POST
Endpoint  : /signin
Status    : 200

Request:
"[REDACTED/SENSITIVE]"

Response:
"{\"data\":{\"access_token\":\"eyJhbGciOiJIUzI1NiIsInR5cCI6IkpXVCJ9.eyJleHAiOjE3ODUxMzgwMzYsImlhdCI6MTc4NTEzNzEzNiwic2Vzc2lvbl9pZCI6Ijk4ZTEzYjFiLThiMGYtNGM5MC1hMWFjLThmZWM5Y2I3ODZjOSIsInVzZXJfaWQiOjk0fQ.CcK14ew-T85sSIC6bCza3JzlOVYoT4OU6VP8-75jPTU\",\"refresh_token\":\"eyJhbGciOiJIUzI1NiIsInR5cCI6IkpXVCJ9.eyJleHAiOjE3ODc3MjkxMzYsImlhdCI6MTc4NTEzNzEzNiwic2Vzc2lvbl9pZCI6Ijk4ZTEzYjFiLThiMGYtNGM5MC1hMWFjLThmZWM5Y2I3ODZjOSIsInVzZXJfaWQiOjk0fQ.VFTLRQr_rOJi7yty0I58nUsrQa_JJopXiQ0LzJiduio\",\"user_id\":94,\"session_id\":\"98e13b1b-8b0f-4c90-a1ac-8fec9cb786c9\"},\"message\":\"Signed in successfully\",\"success\":true}"

**


**
Time      : 2026-07-27 12:55:43
Service   : Department
Method    : GET
Endpoint  : /departments
Status    : 200

Request:
""

Response:
"{\"data\":{\"items\":[{\"id\":1,\"department_name\":\"Manu\",\"institution_id\":2,\"isactive\":true,\"faculties\":[{\"id\":1,\"name\":\"Dr. Amit Anand\",\"gender\":\"Male\",\"joining_date\":\"2026-06-24T00:00:00+05:30\",\"department_id\":1,\"isactive\":true,\"students\":[{\"id\":1,\"name\":\"Rahul Kumar\",\"email\":\"rahul@example.com\",\"gender\":\"Male\",\"faculty_id\":1,\"isactive\":true,\"fees\":[{\"id\":1,\"payment_mode\":\"Online\",\"amount\":50000,\"student_id\":1,\"isactive\":true}]},{\"id\":3,\"name\":\"Rahul Kumar\",\"email\":\"rahula@example.com\",\"gender\":\"Male\",\"faculty_id\":1,\"isactive\":true,\"fees\":[]}]}]},{\"id\":2,\"department_name\":\"Manu\",\"institution_id\":3,\"isactive\":true,\"faculties\":[]},{\"id\":3,\"department_name\":\"Manu\",\"institution_id\":4,\"isactive\":true,\"faculties\":[{\"id\":2,\"name\":\"Dr. Amit Anand\",\"gender\":\"Male\",\"joining_date\":\"2026-06-24T00:00:00+05:30\",\"department_id\":3,\"isactive\":true,\"students\":[{\"id\":2,\"name\":\"Rahul Kumar Sharma\",\"email\":\"rahul.sharma@example.com\",\"gender\":\"male\",\"faculty_id\":2,\"isactive\":true,\"fees\":[{\"id\":2,\"payment_mode\":\"Online\",\"amount\":50000,\"student_id\":2,\"isactive\":true}]},{\"id\":4,\"name\":\"Rahul Kumar\",\"email\":\"raha@example.com\",\"gender\":\"Male\",\"faculty_id\":2,\"isactive\":true,\"fees\":[]},{\"id\":5,\"name\":\"Rahula Kumar\",\"email\":\"rahaaa@example.com\",\"gender\":\"Male\",\"faculty_id\":2,\"isactive\":true,\"fees\":[]}]}]},{\"id\":4,\"department_name\":\"Manu\",\"institution_id\":16,\"isactive\":true,\"faculties\":[]},{\"id\":5,\"department_name\":\"Manu\",\"institution_id\":5,\"isactive\":true,\"faculties\":[{\"id\":3,\"name\":\"Dr. Amit Anand\",\"gender\":\"Male\",\"joining_date\":\"2026-06-24T00:00:00+05:30\",\"department_id\":5,\"isactive\":true,\"students\":[{\"id\":6,\"name\":\"Rahula Kumar\",\"email\":\"raa@example.com\",\"gender\":\"Male\",\"faculty_id\":3,\"isactive\":true,\"fees\":[]},{\"id\":7,\"name\":\"Rahusla Kumar\",\"email\":\"radbshdsdiha@example.com\",\"gender\":\"Male\",\"faculty_id\":3,\"isactive\":true,\"fees\":[]},{\"id\":8,\"name\":\"Rarrhusla Kumar\",\"email\":\"rarrdbshdsdiha@example.com\",\"gender\":\"Male\",\"faculty_id\":3,\"isactive\":true,\"fees\":[]},{\"id\":9,\"name\":\"Rarrhuslddda Kumar\",\"email\":\"rarrdbshddsdiha@example.com\",\"gender\":\"Male\",\"faculty_id\":3,\"isactive\":true,\"fees\":[]}]}]},{\"id\":6,\"department_name\":\"IT\",\"institution_id\":19,\"isactive\":true,\"faculties\":[]}],\"limit\":10,\"page\":1,\"total_count\":6,\"total_pages\":1},\"message\":\"Departments fetched successfully\",\"success\":true}"

**


**
Time      : 2026-07-27 12:55:45
Service   : General
Method    : POST
Endpoint  : /logout
Status    : 200

Request:
"{\"user_id\":94,\"refresh_token\":\"eyJhbGciOiJIUzI1NiIsInR5cCI6IkpXVCJ9.eyJleHAiOjE3ODc3MjkxMzYsImlhdCI6MTc4NTEzNzEzNiwic2Vzc2lvbl9pZCI6Ijk4ZTEzYjFiLThiMGYtNGM5MC1hMWFjLThmZWM5Y2I3ODZjOSIsInVzZXJfaWQiOjk0fQ.VFTLRQr_rOJi7yty0I58nUsrQa_JJopXiQ0LzJiduio\"}"

Response:
"{\"data\":null,\"message\":\"Logout successful\",\"success\":true}"

**


**
Time      : 2026-07-27 12:55:51
Service   : Auth
Method    : POST
Endpoint  : /signin
Status    : 200

Request:
"[REDACTED/SENSITIVE]"

Response:
"{\"data\":{\"access_token\":\"eyJhbGciOiJIUzI1NiIsInR5cCI6IkpXVCJ9.eyJleHAiOjE3ODUxMzgwNTEsImlhdCI6MTc4NTEzNzE1MSwic2Vzc2lvbl9pZCI6IjY4MjRiMThmLTQzZGYtNGQ4My05MWU4LTI5NWI1MGVlOTIxNiIsInVzZXJfaWQiOjk0fQ.w7-k2GCjX35Iaaq9EaDs7zLR4o_o05Anc2DxnXkv7wQ\",\"refresh_token\":\"eyJhbGciOiJIUzI1NiIsInR5cCI6IkpXVCJ9.eyJleHAiOjE3ODc3MjkxNTEsImlhdCI6MTc4NTEzNzE1MSwic2Vzc2lvbl9pZCI6IjY4MjRiMThmLTQzZGYtNGQ4My05MWU4LTI5NWI1MGVlOTIxNiIsInVzZXJfaWQiOjk0fQ.HaodKcmtB0V9C4bVJdeoX1yrgCKCyVqV1GJWVvTKogI\",\"user_id\":94,\"session_id\":\"6824b18f-43df-4d83-91e8-295b50ee9216\"},\"message\":\"Signed in successfully\",\"success\":true}"

**


**
Time      : 2026-07-27 12:56:41
Service   : General
Method    : DELETE
Endpoint  : /users/42
Status    : 401

Request:
""

Response:
"{\"message\":\"Invalid or expired token\",\"success\":false}"

**


**
Time      : 2026-07-27 12:56:52
Service   : General
Method    : DELETE
Endpoint  : /users/42
Status    : 401

Request:
""

Response:
"{\"message\":\"Invalid or expired token\",\"success\":false}"

**


**
Time      : 2026-07-27 12:57:42
Service   : Auth
Method    : POST
Endpoint  : /signin
Status    : 401

Request:
"[REDACTED/SENSITIVE]"

Response:
"{\"message\":\"please verify your email before signing in\",\"success\":false}"

**


**
Time      : 2026-07-27 12:57:54
Service   : Auth
Method    : POST
Endpoint  : /signin
Status    : 401

Request:
"[REDACTED/SENSITIVE]"

Response:
"{\"message\":\"please verify your email before signing in\",\"success\":false}"

**


**
Time      : 2026-07-27 12:57:55
Service   : Auth
Method    : POST
Endpoint  : /signin
Status    : 401

Request:
"[REDACTED/SENSITIVE]"

Response:
"{\"message\":\"please verify your email before signing in\",\"success\":false}"

**


**
Time      : 2026-07-27 12:57:55
Service   : Auth
Method    : POST
Endpoint  : /signin
Status    : 401

Request:
"[REDACTED/SENSITIVE]"

Response:
"{\"message\":\"please verify your email before signing in\",\"success\":false}"

**


**
Time      : 2026-07-27 12:57:55
Service   : Auth
Method    : POST
Endpoint  : /signin
Status    : 401

Request:
"[REDACTED/SENSITIVE]"

Response:
"{\"message\":\"please verify your email before signing in\",\"success\":false}"

**


**
Time      : 2026-07-27 12:57:56
Service   : Auth
Method    : POST
Endpoint  : /signin
Status    : 401

Request:
"[REDACTED/SENSITIVE]"

Response:
"{\"message\":\"please verify your email before signing in\",\"success\":false}"

**


**
Time      : 2026-07-27 12:57:56
Service   : Auth
Method    : POST
Endpoint  : /signin
Status    : 401

Request:
"[REDACTED/SENSITIVE]"

Response:
"{\"message\":\"please verify your email before signing in\",\"success\":false}"

**


**
Time      : 2026-07-27 12:58:16
Service   : Auth
Method    : POST
Endpoint  : /signin
Status    : 401

Request:
"[REDACTED/SENSITIVE]"

Response:
"{\"message\":\"please verify your email before signing in\",\"success\":false}"

**


**
Time      : 2026-07-27 12:58:21
Service   : Auth
Method    : POST
Endpoint  : /signin
Status    : 401

Request:
"[REDACTED/SENSITIVE]"

Response:
"{\"message\":\"please verify your email before signing in\",\"success\":false}"

**


**
Time      : 2026-07-27 13:06:56
Service   : Auth
Method    : POST
Endpoint  : /signin
Status    : 401

Request:
"[REDACTED/SENSITIVE]"

Response:
"{\"message\":\"please verify your email before signing in\",\"success\":false}"

**


**
Time      : 2026-07-27 13:08:20
Service   : Auth
Method    : POST
Endpoint  : /signup
Status    : 400

Request:
"[REDACTED/SENSITIVE]"

Response:
"{\"message\":\"email already exists\",\"success\":false}"

**


**
Time      : 2026-07-27 13:12:04
Service   : Auth
Method    : POST
Endpoint  : /signin
Status    : 401

Request:
"[REDACTED/SENSITIVE]"

Response:
"{\"message\":\"please verify your email before signing in\",\"success\":false}"

**


**
Time      : 2026-07-27 13:15:20
Service   : Auth
Method    : POST
Endpoint  : /signin
Status    : 401

Request:
"[REDACTED/SENSITIVE]"

Response:
"{\"message\":\"please verify your email before signing in\",\"success\":false}"

**


**
Time      : 2026-07-27 13:15:31
Service   : Auth
Method    : POST
Endpoint  : /signin
Status    : 401

Request:
"[REDACTED/SENSITIVE]"

Response:
"{\"message\":\"please verify your email before signing in\",\"success\":false}"

**


**
Time      : 2026-07-27 13:16:13
Service   : Auth
Method    : POST
Endpoint  : /signin
Status    : 200

Request:
"[REDACTED/SENSITIVE]"

Response:
"{\"data\":{\"access_token\":\"eyJhbGciOiJIUzI1NiIsInR5cCI6IkpXVCJ9.eyJleHAiOjE3ODUxMzkyNzMsImlhdCI6MTc4NTEzODM3Mywic2Vzc2lvbl9pZCI6ImIzZjM1ZjQwLTdhMTUtNDMxMy1iM2MxLTVlZTMxYWQ2MGZkNiIsInVzZXJfaWQiOjk0fQ.sUB4xEKCifqAVgW9YiGOQ8rG66gVv7s_GkD8H2t3lZo\",\"refresh_token\":\"eyJhbGciOiJIUzI1NiIsInR5cCI6IkpXVCJ9.eyJleHAiOjE3ODc3MzAzNzMsImlhdCI6MTc4NTEzODM3Mywic2Vzc2lvbl9pZCI6ImIzZjM1ZjQwLTdhMTUtNDMxMy1iM2MxLTVlZTMxYWQ2MGZkNiIsInVzZXJfaWQiOjk0fQ.u24CRKGfk_w2QvSlyUPFHKrGmf4afkz2mWKWm8OLlxg\",\"user_id\":94,\"session_id\":\"b3f35f40-7a15-4313-b3c1-5ee31ad60fd6\"},\"message\":\"Signed in successfully\",\"success\":true}"

**


**
Time      : 2026-07-27 13:16:18
Service   : Institution
Method    : GET
Endpoint  : /institutes/
Status    : 200

Request:
""

Response:
"{\"data\":{\"items\":[{\"id\":1,\"name\":\"Anna\",\"institution_code\":\"sw51001\",\"state\":\"Tamil Nadu\",\"isactive\":true,\"departments\":[]},{\"id\":3,\"name\":\"Anna\",\"institution_code\":\"sw51001\",\"state\":\"Tamil Nadu\",\"isactive\":true,\"departments\":[{\"id\":2,\"department_name\":\"Manu\",\"institution_id\":3,\"isactive\":true,\"faculties\":[]}]},{\"id\":4,\"name\":\"Anna University Main Campus\",\"institution_code\":\"AU1001-M\",\"state\":\"Tamil Nadu\",\"isactive\":true,\"departments\":[{\"id\":3,\"department_name\":\"Manu\",\"institution_id\":4,\"isactive\":true,\"faculties\":[{\"id\":2,\"name\":\"Dr. Amit Anand\",\"gender\":\"Male\",\"joining_date\":\"2026-06-24T00:00:00+05:30\",\"department_id\":3,\"isactive\":true,\"students\":[{\"id\":2,\"name\":\"Rahul Kumar Sharma\",\"email\":\"rahul.sharma@example.com\",\"gender\":\"male\",\"faculty_id\":2,\"isactive\":true,\"fees\":[{\"id\":2,\"payment_mode\":\"Online\",\"amount\":50000,\"student_id\":2,\"isactive\":true}]},{\"id\":4,\"name\":\"Rahul Kumar\",\"email\":\"raha@example.com\",\"gender\":\"Male\",\"faculty_id\":2,\"isactive\":true,\"fees\":[]},{\"id\":5,\"name\":\"Rahula Kumar\",\"email\":\"rahaaa@example.com\",\"gender\":\"Male\",\"faculty_id\":2,\"isactive\":true,\"fees\":[]}]}]}]},{\"id\":5,\"name\":\"Annas\",\"institution_code\":\"SW01001\",\"state\":\"Tamil Nadu\",\"isactive\":true,\"departments\":[{\"id\":5,\"department_name\":\"Manu\",\"institution_id\":5,\"isactive\":true,\"faculties\":[{\"id\":3,\"name\":\"Dr. Amit Anand\",\"gender\":\"Male\",\"joining_date\":\"2026-06-24T00:00:00+05:30\",\"department_id\":5,\"isactive\":true,\"students\":[{\"id\":6,\"name\":\"Rahula Kumar\",\"email\":\"raa@example.com\",\"gender\":\"Male\",\"faculty_id\":3,\"isactive\":true,\"fees\":[]},{\"id\":7,\"name\":\"Rahusla Kumar\",\"email\":\"radbshdsdiha@example.com\",\"gender\":\"Male\",\"faculty_id\":3,\"isactive\":true,\"fees\":[]},{\"id\":8,\"name\":\"Rarrhusla Kumar\",\"email\":\"rarrdbshdsdiha@example.com\",\"gender\":\"Male\",\"faculty_id\":3,\"isactive\":true,\"fees\":[]},{\"id\":9,\"name\":\"Rarrhuslddda Kumar\",\"email\":\"rarrdbshddsdiha@example.com\",\"gender\":\"Male\",\"faculty_id\":3,\"isactive\":true,\"fees\":[]}]}]}]},{\"id\":6,\"name\":\"Annasw\",\"institution_code\":\"SW018001\",\"state\":\"Tamil Nadu\",\"isactive\":true,\"departments\":[]},{\"id\":7,\"name\":\"Annass\",\"institution_code\":\"SW77789454\",\"state\":\"Tamil Nadu\",\"isactive\":true,\"departments\":[]},{\"id\":8,\"name\":\"Annassww\",\"institution_code\":\"SW778545489454\",\"state\":\"Tamil Nadu\",\"isactive\":true,\"departments\":[]},{\"id\":10,\"name\":\"Aw\",\"institution_code\":\"78545489454\",\"state\":\"Tamil Nadu\",\"isactive\":true,\"departments\":[]},{\"id\":11,\"name\":\"A5w\",\"institution_code\":\"dnjds\",\"state\":\"Tamil Nadu\",\"isactive\":true,\"departments\":[]},{\"id\":12,\"name\":\"A5DDw\",\"institution_code\":\"dnDjds\",\"state\":\"Tamil Nadu\",\"isactive\":true,\"departments\":[]}],\"limit\":10,\"page\":1,\"total_count\":17,\"total_pages\":2},\"message\":\"Institutes fetched successfully\",\"success\":true}"

**


**
Time      : 2026-07-27 13:16:47
Service   : General
Method    : POST
Endpoint  : /logout
Status    : 200

Request:
"{\"user_id\":94,\"refresh_token\":\"eyJhbGciOiJIUzI1NiIsInR5cCI6IkpXVCJ9.eyJleHAiOjE3ODc3MzAzNzMsImlhdCI6MTc4NTEzODM3Mywic2Vzc2lvbl9pZCI6ImIzZjM1ZjQwLTdhMTUtNDMxMy1iM2MxLTVlZTMxYWQ2MGZkNiIsInVzZXJfaWQiOjk0fQ.u24CRKGfk_w2QvSlyUPFHKrGmf4afkz2mWKWm8OLlxg\"}"

Response:
"{\"data\":null,\"message\":\"Logout successful\",\"success\":true}"

**


**
Time      : 2026-07-27 13:17:35
Service   : Auth
Method    : POST
Endpoint  : /signin
Status    : 200

Request:
"[REDACTED/SENSITIVE]"

Response:
"{\"data\":{\"access_token\":\"eyJhbGciOiJIUzI1NiIsInR5cCI6IkpXVCJ9.eyJleHAiOjE3ODUxMzkzNTUsImlhdCI6MTc4NTEzODQ1NSwic2Vzc2lvbl9pZCI6IjdmMTkyODNmLTNkMDYtNGY3Ny1hZmU4LWMwOWRiYzg5YTk0NSIsInVzZXJfaWQiOjk0fQ.HMKm5sKbaY7SWGFQDO4mVwp6nYEArU-p8nsKY9jef-U\",\"refresh_token\":\"eyJhbGciOiJIUzI1NiIsInR5cCI6IkpXVCJ9.eyJleHAiOjE3ODc3MzA0NTUsImlhdCI6MTc4NTEzODQ1NSwic2Vzc2lvbl9pZCI6IjdmMTkyODNmLTNkMDYtNGY3Ny1hZmU4LWMwOWRiYzg5YTk0NSIsInVzZXJfaWQiOjk0fQ.0NNccM9AmmocXLd0fF9UlD5MPIK4rgyXqBo3CwmeOsU\",\"user_id\":94,\"session_id\":\"7f19283f-3d06-4f77-afe8-c09dbc89a945\"},\"message\":\"Signed in successfully\",\"success\":true}"

**


**
Time      : 2026-07-27 13:19:48
Service   : Institution
Method    : GET
Endpoint  : /institutes/
Status    : 200

Request:
""

Response:
"{\"data\":{\"items\":[{\"id\":1,\"name\":\"Anna\",\"institution_code\":\"sw51001\",\"state\":\"Tamil Nadu\",\"isactive\":true,\"departments\":[]},{\"id\":3,\"name\":\"Anna\",\"institution_code\":\"sw51001\",\"state\":\"Tamil Nadu\",\"isactive\":true,\"departments\":[{\"id\":2,\"department_name\":\"Manu\",\"institution_id\":3,\"isactive\":true,\"faculties\":[]}]},{\"id\":4,\"name\":\"Anna University Main Campus\",\"institution_code\":\"AU1001-M\",\"state\":\"Tamil Nadu\",\"isactive\":true,\"departments\":[{\"id\":3,\"department_name\":\"Manu\",\"institution_id\":4,\"isactive\":true,\"faculties\":[{\"id\":2,\"name\":\"Dr. Amit Anand\",\"gender\":\"Male\",\"joining_date\":\"2026-06-24T00:00:00+05:30\",\"department_id\":3,\"isactive\":true,\"students\":[{\"id\":2,\"name\":\"Rahul Kumar Sharma\",\"email\":\"rahul.sharma@example.com\",\"gender\":\"male\",\"faculty_id\":2,\"isactive\":true,\"fees\":[{\"id\":2,\"payment_mode\":\"Online\",\"amount\":50000,\"student_id\":2,\"isactive\":true}]},{\"id\":4,\"name\":\"Rahul Kumar\",\"email\":\"raha@example.com\",\"gender\":\"Male\",\"faculty_id\":2,\"isactive\":true,\"fees\":[]},{\"id\":5,\"name\":\"Rahula Kumar\",\"email\":\"rahaaa@example.com\",\"gender\":\"Male\",\"faculty_id\":2,\"isactive\":true,\"fees\":[]}]}]}]},{\"id\":5,\"name\":\"Annas\",\"institution_code\":\"SW01001\",\"state\":\"Tamil Nadu\",\"isactive\":true,\"departments\":[{\"id\":5,\"department_name\":\"Manu\",\"institution_id\":5,\"isactive\":true,\"faculties\":[{\"id\":3,\"name\":\"Dr. Amit Anand\",\"gender\":\"Male\",\"joining_date\":\"2026-06-24T00:00:00+05:30\",\"department_id\":5,\"isactive\":true,\"students\":[{\"id\":6,\"name\":\"Rahula Kumar\",\"email\":\"raa@example.com\",\"gender\":\"Male\",\"faculty_id\":3,\"isactive\":true,\"fees\":[]},{\"id\":7,\"name\":\"Rahusla Kumar\",\"email\":\"radbshdsdiha@example.com\",\"gender\":\"Male\",\"faculty_id\":3,\"isactive\":true,\"fees\":[]},{\"id\":8,\"name\":\"Rarrhusla Kumar\",\"email\":\"rarrdbshdsdiha@example.com\",\"gender\":\"Male\",\"faculty_id\":3,\"isactive\":true,\"fees\":[]},{\"id\":9,\"name\":\"Rarrhuslddda Kumar\",\"email\":\"rarrdbshddsdiha@example.com\",\"gender\":\"Male\",\"faculty_id\":3,\"isactive\":true,\"fees\":[]}]}]}]},{\"id\":6,\"name\":\"Annasw\",\"institution_code\":\"SW018001\",\"state\":\"Tamil Nadu\",\"isactive\":true,\"departments\":[]},{\"id\":7,\"name\":\"Annass\",\"institution_code\":\"SW77789454\",\"state\":\"Tamil Nadu\",\"isactive\":true,\"departments\":[]},{\"id\":8,\"name\":\"Annassww\",\"institution_code\":\"SW778545489454\",\"state\":\"Tamil Nadu\",\"isactive\":true,\"departments\":[]},{\"id\":10,\"name\":\"Aw\",\"institution_code\":\"78545489454\",\"state\":\"Tamil Nadu\",\"isactive\":true,\"departments\":[]},{\"id\":11,\"name\":\"A5w\",\"institution_code\":\"dnjds\",\"state\":\"Tamil Nadu\",\"isactive\":true,\"departments\":[]},{\"id\":12,\"name\":\"A5DDw\",\"institution_code\":\"dnDjds\",\"state\":\"Tamil Nadu\",\"isactive\":true,\"departments\":[]}],\"limit\":10,\"page\":1,\"total_count\":17,\"total_pages\":2},\"message\":\"Institutes fetched successfully\",\"success\":true}"

**


**
Time      : 2026-07-27 13:19:49
Service   : Department
Method    : GET
Endpoint  : /departments
Status    : 200

Request:
""

Response:
"{\"data\":{\"items\":[{\"id\":1,\"department_name\":\"Manu\",\"institution_id\":2,\"isactive\":true,\"faculties\":[{\"id\":1,\"name\":\"Dr. Amit Anand\",\"gender\":\"Male\",\"joining_date\":\"2026-06-24T00:00:00+05:30\",\"department_id\":1,\"isactive\":true,\"students\":[{\"id\":1,\"name\":\"Rahul Kumar\",\"email\":\"rahul@example.com\",\"gender\":\"Male\",\"faculty_id\":1,\"isactive\":true,\"fees\":[{\"id\":1,\"payment_mode\":\"Online\",\"amount\":50000,\"student_id\":1,\"isactive\":true}]},{\"id\":3,\"name\":\"Rahul Kumar\",\"email\":\"rahula@example.com\",\"gender\":\"Male\",\"faculty_id\":1,\"isactive\":true,\"fees\":[]}]}]},{\"id\":2,\"department_name\":\"Manu\",\"institution_id\":3,\"isactive\":true,\"faculties\":[]},{\"id\":3,\"department_name\":\"Manu\",\"institution_id\":4,\"isactive\":true,\"faculties\":[{\"id\":2,\"name\":\"Dr. Amit Anand\",\"gender\":\"Male\",\"joining_date\":\"2026-06-24T00:00:00+05:30\",\"department_id\":3,\"isactive\":true,\"students\":[{\"id\":2,\"name\":\"Rahul Kumar Sharma\",\"email\":\"rahul.sharma@example.com\",\"gender\":\"male\",\"faculty_id\":2,\"isactive\":true,\"fees\":[{\"id\":2,\"payment_mode\":\"Online\",\"amount\":50000,\"student_id\":2,\"isactive\":true}]},{\"id\":4,\"name\":\"Rahul Kumar\",\"email\":\"raha@example.com\",\"gender\":\"Male\",\"faculty_id\":2,\"isactive\":true,\"fees\":[]},{\"id\":5,\"name\":\"Rahula Kumar\",\"email\":\"rahaaa@example.com\",\"gender\":\"Male\",\"faculty_id\":2,\"isactive\":true,\"fees\":[]}]}]},{\"id\":4,\"department_name\":\"Manu\",\"institution_id\":16,\"isactive\":true,\"faculties\":[]},{\"id\":5,\"department_name\":\"Manu\",\"institution_id\":5,\"isactive\":true,\"faculties\":[{\"id\":3,\"name\":\"Dr. Amit Anand\",\"gender\":\"Male\",\"joining_date\":\"2026-06-24T00:00:00+05:30\",\"department_id\":5,\"isactive\":true,\"students\":[{\"id\":6,\"name\":\"Rahula Kumar\",\"email\":\"raa@example.com\",\"gender\":\"Male\",\"faculty_id\":3,\"isactive\":true,\"fees\":[]},{\"id\":7,\"name\":\"Rahusla Kumar\",\"email\":\"radbshdsdiha@example.com\",\"gender\":\"Male\",\"faculty_id\":3,\"isactive\":true,\"fees\":[]},{\"id\":8,\"name\":\"Rarrhusla Kumar\",\"email\":\"rarrdbshdsdiha@example.com\",\"gender\":\"Male\",\"faculty_id\":3,\"isactive\":true,\"fees\":[]},{\"id\":9,\"name\":\"Rarrhuslddda Kumar\",\"email\":\"rarrdbshddsdiha@example.com\",\"gender\":\"Male\",\"faculty_id\":3,\"isactive\":true,\"fees\":[]}]}]},{\"id\":6,\"department_name\":\"IT\",\"institution_id\":19,\"isactive\":true,\"faculties\":[]}],\"limit\":10,\"page\":1,\"total_count\":6,\"total_pages\":1},\"message\":\"Departments fetched successfully\",\"success\":true}"

**


**
Time      : 2026-07-27 13:19:50
Service   : Student
Method    : GET
Endpoint  : /students
Status    : 200

Request:
""

Response:
"{\"data\":{\"items\":[{\"id\":1,\"name\":\"Rahul Kumar\",\"email\":\"rahul@example.com\",\"gender\":\"Male\",\"faculty_id\":1,\"isactive\":true,\"fees\":[{\"id\":1,\"payment_mode\":\"Online\",\"amount\":50000,\"student_id\":1,\"isactive\":true}]},{\"id\":2,\"name\":\"Rahul Kumar Sharma\",\"email\":\"rahul.sharma@example.com\",\"gender\":\"male\",\"faculty_id\":2,\"isactive\":true,\"fees\":[{\"id\":2,\"payment_mode\":\"Online\",\"amount\":50000,\"student_id\":2,\"isactive\":true}]},{\"id\":3,\"name\":\"Rahul Kumar\",\"email\":\"rahula@example.com\",\"gender\":\"Male\",\"faculty_id\":1,\"isactive\":true,\"fees\":[]},{\"id\":4,\"name\":\"Rahul Kumar\",\"email\":\"raha@example.com\",\"gender\":\"Male\",\"faculty_id\":2,\"isactive\":true,\"fees\":[]},{\"id\":5,\"name\":\"Rahula Kumar\",\"email\":\"rahaaa@example.com\",\"gender\":\"Male\",\"faculty_id\":2,\"isactive\":true,\"fees\":[]},{\"id\":6,\"name\":\"Rahula Kumar\",\"email\":\"raa@example.com\",\"gender\":\"Male\",\"faculty_id\":3,\"isactive\":true,\"fees\":[]},{\"id\":7,\"name\":\"Rahusla Kumar\",\"email\":\"radbshdsdiha@example.com\",\"gender\":\"Male\",\"faculty_id\":3,\"isactive\":true,\"fees\":[]},{\"id\":8,\"name\":\"Rarrhusla Kumar\",\"email\":\"rarrdbshdsdiha@example.com\",\"gender\":\"Male\",\"faculty_id\":3,\"isactive\":true,\"fees\":[]},{\"id\":9,\"name\":\"Rarrhuslddda Kumar\",\"email\":\"rarrdbshddsdiha@example.com\",\"gender\":\"Male\",\"faculty_id\":3,\"isactive\":true,\"fees\":[]}],\"limit\":10,\"page\":1,\"total_count\":9,\"total_pages\":1},\"message\":\"Students fetched successfully\",\"success\":true}"

**


**
Time      : 2026-07-27 13:19:51
Service   : Faculty
Method    : GET
Endpoint  : /faculties
Status    : 200

Request:
""

Response:
"{\"data\":{\"items\":[{\"id\":1,\"name\":\"Dr. Amit Anand\",\"gender\":\"Male\",\"joining_date\":\"2026-06-24T00:00:00+05:30\",\"department_id\":1,\"isactive\":true,\"students\":[{\"id\":1,\"name\":\"Rahul Kumar\",\"email\":\"rahul@example.com\",\"gender\":\"Male\",\"faculty_id\":1,\"isactive\":true,\"fees\":[{\"id\":1,\"payment_mode\":\"Online\",\"amount\":0,\"student_id\":1,\"isactive\":true}]},{\"id\":3,\"name\":\"Rahul Kumar\",\"email\":\"rahula@example.com\",\"gender\":\"Male\",\"faculty_id\":1,\"isactive\":true,\"fees\":[]}]},{\"id\":2,\"name\":\"Dr. Amit Anand\",\"gender\":\"Male\",\"joining_date\":\"2026-06-24T00:00:00+05:30\",\"department_id\":3,\"isactive\":true,\"students\":[{\"id\":2,\"name\":\"Rahul Kumar Sharma\",\"email\":\"rahul.sharma@example.com\",\"gender\":\"male\",\"faculty_id\":2,\"isactive\":true,\"fees\":[{\"id\":2,\"payment_mode\":\"Online\",\"amount\":0,\"student_id\":2,\"isactive\":true}]},{\"id\":4,\"name\":\"Rahul Kumar\",\"email\":\"raha@example.com\",\"gender\":\"Male\",\"faculty_id\":2,\"isactive\":true,\"fees\":[]},{\"id\":5,\"name\":\"Rahula Kumar\",\"email\":\"rahaaa@example.com\",\"gender\":\"Male\",\"faculty_id\":2,\"isactive\":true,\"fees\":[]}]},{\"id\":3,\"name\":\"Dr. Amit Anand\",\"gender\":\"Male\",\"joining_date\":\"2026-06-24T00:00:00+05:30\",\"department_id\":5,\"isactive\":true,\"students\":[{\"id\":6,\"name\":\"Rahula Kumar\",\"email\":\"raa@example.com\",\"gender\":\"Male\",\"faculty_id\":3,\"isactive\":true,\"fees\":[]},{\"id\":7,\"name\":\"Rahusla Kumar\",\"email\":\"radbshdsdiha@example.com\",\"gender\":\"Male\",\"faculty_id\":3,\"isactive\":true,\"fees\":[]},{\"id\":8,\"name\":\"Rarrhusla Kumar\",\"email\":\"rarrdbshdsdiha@example.com\",\"gender\":\"Male\",\"faculty_id\":3,\"isactive\":true,\"fees\":[]},{\"id\":9,\"name\":\"Rarrhuslddda Kumar\",\"email\":\"rarrdbshddsdiha@example.com\",\"gender\":\"Male\",\"faculty_id\":3,\"isactive\":true,\"fees\":[]}]}],\"limit\":10,\"page\":1,\"total_count\":3,\"total_pages\":1},\"message\":\"Faculties fetched successfully\",\"success\":true}"

**


**
Time      : 2026-07-27 13:19:53
Service   : Fees
Method    : GET
Endpoint  : /fees
Status    : 200

Request:
""

Response:
"{\"data\":{\"items\":[{\"id\":1,\"payment_mode\":\"Online\",\"amount\":50000,\"student_id\":1,\"isactive\":true},{\"id\":2,\"payment_mode\":\"Online\",\"amount\":50000,\"student_id\":2,\"isactive\":true}],\"limit\":10,\"page\":1,\"total_count\":2,\"total_pages\":1},\"message\":\"Fees fetched successfully\",\"success\":true}"

**


**
Time      : 2026-07-27 13:20:03
Service   : Institution
Method    : GET
Endpoint  : /institutes/
Status    : 200

Request:
""

Response:
"{\"data\":{\"items\":[{\"id\":1,\"name\":\"Anna\",\"institution_code\":\"sw51001\",\"state\":\"Tamil Nadu\",\"isactive\":true,\"departments\":[]},{\"id\":3,\"name\":\"Anna\",\"institution_code\":\"sw51001\",\"state\":\"Tamil Nadu\",\"isactive\":true,\"departments\":[{\"id\":2,\"department_name\":\"Manu\",\"institution_id\":3,\"isactive\":true,\"faculties\":[]}]},{\"id\":4,\"name\":\"Anna University Main Campus\",\"institution_code\":\"AU1001-M\",\"state\":\"Tamil Nadu\",\"isactive\":true,\"departments\":[{\"id\":3,\"department_name\":\"Manu\",\"institution_id\":4,\"isactive\":true,\"faculties\":[{\"id\":2,\"name\":\"Dr. Amit Anand\",\"gender\":\"Male\",\"joining_date\":\"2026-06-24T00:00:00+05:30\",\"department_id\":3,\"isactive\":true,\"students\":[{\"id\":2,\"name\":\"Rahul Kumar Sharma\",\"email\":\"rahul.sharma@example.com\",\"gender\":\"male\",\"faculty_id\":2,\"isactive\":true,\"fees\":[{\"id\":2,\"payment_mode\":\"Online\",\"amount\":50000,\"student_id\":2,\"isactive\":true}]},{\"id\":4,\"name\":\"Rahul Kumar\",\"email\":\"raha@example.com\",\"gender\":\"Male\",\"faculty_id\":2,\"isactive\":true,\"fees\":[]},{\"id\":5,\"name\":\"Rahula Kumar\",\"email\":\"rahaaa@example.com\",\"gender\":\"Male\",\"faculty_id\":2,\"isactive\":true,\"fees\":[]}]}]}]},{\"id\":5,\"name\":\"Annas\",\"institution_code\":\"SW01001\",\"state\":\"Tamil Nadu\",\"isactive\":true,\"departments\":[{\"id\":5,\"department_name\":\"Manu\",\"institution_id\":5,\"isactive\":true,\"faculties\":[{\"id\":3,\"name\":\"Dr. Amit Anand\",\"gender\":\"Male\",\"joining_date\":\"2026-06-24T00:00:00+05:30\",\"department_id\":5,\"isactive\":true,\"students\":[{\"id\":6,\"name\":\"Rahula Kumar\",\"email\":\"raa@example.com\",\"gender\":\"Male\",\"faculty_id\":3,\"isactive\":true,\"fees\":[]},{\"id\":7,\"name\":\"Rahusla Kumar\",\"email\":\"radbshdsdiha@example.com\",\"gender\":\"Male\",\"faculty_id\":3,\"isactive\":true,\"fees\":[]},{\"id\":8,\"name\":\"Rarrhusla Kumar\",\"email\":\"rarrdbshdsdiha@example.com\",\"gender\":\"Male\",\"faculty_id\":3,\"isactive\":true,\"fees\":[]},{\"id\":9,\"name\":\"Rarrhuslddda Kumar\",\"email\":\"rarrdbshddsdiha@example.com\",\"gender\":\"Male\",\"faculty_id\":3,\"isactive\":true,\"fees\":[]}]}]}]},{\"id\":6,\"name\":\"Annasw\",\"institution_code\":\"SW018001\",\"state\":\"Tamil Nadu\",\"isactive\":true,\"departments\":[]},{\"id\":7,\"name\":\"Annass\",\"institution_code\":\"SW77789454\",\"state\":\"Tamil Nadu\",\"isactive\":true,\"departments\":[]},{\"id\":8,\"name\":\"Annassww\",\"institution_code\":\"SW778545489454\",\"state\":\"Tamil Nadu\",\"isactive\":true,\"departments\":[]},{\"id\":10,\"name\":\"Aw\",\"institution_code\":\"78545489454\",\"state\":\"Tamil Nadu\",\"isactive\":true,\"departments\":[]},{\"id\":11,\"name\":\"A5w\",\"institution_code\":\"dnjds\",\"state\":\"Tamil Nadu\",\"isactive\":true,\"departments\":[]},{\"id\":12,\"name\":\"A5DDw\",\"institution_code\":\"dnDjds\",\"state\":\"Tamil Nadu\",\"isactive\":true,\"departments\":[]}],\"limit\":10,\"page\":1,\"total_count\":17,\"total_pages\":2},\"message\":\"Institutes fetched successfully\",\"success\":true}"

**


**
Time      : 2026-07-27 13:21:05
Service   : Institution
Method    : GET
Endpoint  : /institutes/
Status    : 200

Request:
""

Response:
"{\"data\":{\"items\":[{\"id\":1,\"name\":\"Anna\",\"institution_code\":\"sw51001\",\"state\":\"Tamil Nadu\",\"isactive\":true,\"departments\":[]},{\"id\":3,\"name\":\"Anna\",\"institution_code\":\"sw51001\",\"state\":\"Tamil Nadu\",\"isactive\":true,\"departments\":[{\"id\":2,\"department_name\":\"Manu\",\"institution_id\":3,\"isactive\":true,\"faculties\":[]}]},{\"id\":4,\"name\":\"Anna University Main Campus\",\"institution_code\":\"AU1001-M\",\"state\":\"Tamil Nadu\",\"isactive\":true,\"departments\":[{\"id\":3,\"department_name\":\"Manu\",\"institution_id\":4,\"isactive\":true,\"faculties\":[{\"id\":2,\"name\":\"Dr. Amit Anand\",\"gender\":\"Male\",\"joining_date\":\"2026-06-24T00:00:00+05:30\",\"department_id\":3,\"isactive\":true,\"students\":[{\"id\":2,\"name\":\"Rahul Kumar Sharma\",\"email\":\"rahul.sharma@example.com\",\"gender\":\"male\",\"faculty_id\":2,\"isactive\":true,\"fees\":[{\"id\":2,\"payment_mode\":\"Online\",\"amount\":50000,\"student_id\":2,\"isactive\":true}]},{\"id\":4,\"name\":\"Rahul Kumar\",\"email\":\"raha@example.com\",\"gender\":\"Male\",\"faculty_id\":2,\"isactive\":true,\"fees\":[]},{\"id\":5,\"name\":\"Rahula Kumar\",\"email\":\"rahaaa@example.com\",\"gender\":\"Male\",\"faculty_id\":2,\"isactive\":true,\"fees\":[]}]}]}]},{\"id\":5,\"name\":\"Annas\",\"institution_code\":\"SW01001\",\"state\":\"Tamil Nadu\",\"isactive\":true,\"departments\":[{\"id\":5,\"department_name\":\"Manu\",\"institution_id\":5,\"isactive\":true,\"faculties\":[{\"id\":3,\"name\":\"Dr. Amit Anand\",\"gender\":\"Male\",\"joining_date\":\"2026-06-24T00:00:00+05:30\",\"department_id\":5,\"isactive\":true,\"students\":[{\"id\":6,\"name\":\"Rahula Kumar\",\"email\":\"raa@example.com\",\"gender\":\"Male\",\"faculty_id\":3,\"isactive\":true,\"fees\":[]},{\"id\":7,\"name\":\"Rahusla Kumar\",\"email\":\"radbshdsdiha@example.com\",\"gender\":\"Male\",\"faculty_id\":3,\"isactive\":true,\"fees\":[]},{\"id\":8,\"name\":\"Rarrhusla Kumar\",\"email\":\"rarrdbshdsdiha@example.com\",\"gender\":\"Male\",\"faculty_id\":3,\"isactive\":true,\"fees\":[]},{\"id\":9,\"name\":\"Rarrhuslddda Kumar\",\"email\":\"rarrdbshddsdiha@example.com\",\"gender\":\"Male\",\"faculty_id\":3,\"isactive\":true,\"fees\":[]}]}]}]},{\"id\":6,\"name\":\"Annasw\",\"institution_code\":\"SW018001\",\"state\":\"Tamil Nadu\",\"isactive\":true,\"departments\":[]},{\"id\":7,\"name\":\"Annass\",\"institution_code\":\"SW77789454\",\"state\":\"Tamil Nadu\",\"isactive\":true,\"departments\":[]},{\"id\":8,\"name\":\"Annassww\",\"institution_code\":\"SW778545489454\",\"state\":\"Tamil Nadu\",\"isactive\":true,\"departments\":[]},{\"id\":10,\"name\":\"Aw\",\"institution_code\":\"78545489454\",\"state\":\"Tamil Nadu\",\"isactive\":true,\"departments\":[]},{\"id\":11,\"name\":\"A5w\",\"institution_code\":\"dnjds\",\"state\":\"Tamil Nadu\",\"isactive\":true,\"departments\":[]},{\"id\":12,\"name\":\"A5DDw\",\"institution_code\":\"dnDjds\",\"state\":\"Tamil Nadu\",\"isactive\":true,\"departments\":[]}],\"limit\":10,\"page\":1,\"total_count\":17,\"total_pages\":2},\"message\":\"Institutes fetched successfully\",\"success\":true}"

**


**
Time      : 2026-07-27 13:21:06
Service   : Department
Method    : GET
Endpoint  : /departments
Status    : 200

Request:
""

Response:
"{\"data\":{\"items\":[{\"id\":1,\"department_name\":\"Manu\",\"institution_id\":2,\"isactive\":true,\"faculties\":[{\"id\":1,\"name\":\"Dr. Amit Anand\",\"gender\":\"Male\",\"joining_date\":\"2026-06-24T00:00:00+05:30\",\"department_id\":1,\"isactive\":true,\"students\":[{\"id\":1,\"name\":\"Rahul Kumar\",\"email\":\"rahul@example.com\",\"gender\":\"Male\",\"faculty_id\":1,\"isactive\":true,\"fees\":[{\"id\":1,\"payment_mode\":\"Online\",\"amount\":50000,\"student_id\":1,\"isactive\":true}]},{\"id\":3,\"name\":\"Rahul Kumar\",\"email\":\"rahula@example.com\",\"gender\":\"Male\",\"faculty_id\":1,\"isactive\":true,\"fees\":[]}]}]},{\"id\":2,\"department_name\":\"Manu\",\"institution_id\":3,\"isactive\":true,\"faculties\":[]},{\"id\":3,\"department_name\":\"Manu\",\"institution_id\":4,\"isactive\":true,\"faculties\":[{\"id\":2,\"name\":\"Dr. Amit Anand\",\"gender\":\"Male\",\"joining_date\":\"2026-06-24T00:00:00+05:30\",\"department_id\":3,\"isactive\":true,\"students\":[{\"id\":2,\"name\":\"Rahul Kumar Sharma\",\"email\":\"rahul.sharma@example.com\",\"gender\":\"male\",\"faculty_id\":2,\"isactive\":true,\"fees\":[{\"id\":2,\"payment_mode\":\"Online\",\"amount\":50000,\"student_id\":2,\"isactive\":true}]},{\"id\":4,\"name\":\"Rahul Kumar\",\"email\":\"raha@example.com\",\"gender\":\"Male\",\"faculty_id\":2,\"isactive\":true,\"fees\":[]},{\"id\":5,\"name\":\"Rahula Kumar\",\"email\":\"rahaaa@example.com\",\"gender\":\"Male\",\"faculty_id\":2,\"isactive\":true,\"fees\":[]}]}]},{\"id\":4,\"department_name\":\"Manu\",\"institution_id\":16,\"isactive\":true,\"faculties\":[]},{\"id\":5,\"department_name\":\"Manu\",\"institution_id\":5,\"isactive\":true,\"faculties\":[{\"id\":3,\"name\":\"Dr. Amit Anand\",\"gender\":\"Male\",\"joining_date\":\"2026-06-24T00:00:00+05:30\",\"department_id\":5,\"isactive\":true,\"students\":[{\"id\":6,\"name\":\"Rahula Kumar\",\"email\":\"raa@example.com\",\"gender\":\"Male\",\"faculty_id\":3,\"isactive\":true,\"fees\":[]},{\"id\":7,\"name\":\"Rahusla Kumar\",\"email\":\"radbshdsdiha@example.com\",\"gender\":\"Male\",\"faculty_id\":3,\"isactive\":true,\"fees\":[]},{\"id\":8,\"name\":\"Rarrhusla Kumar\",\"email\":\"rarrdbshdsdiha@example.com\",\"gender\":\"Male\",\"faculty_id\":3,\"isactive\":true,\"fees\":[]},{\"id\":9,\"name\":\"Rarrhuslddda Kumar\",\"email\":\"rarrdbshddsdiha@example.com\",\"gender\":\"Male\",\"faculty_id\":3,\"isactive\":true,\"fees\":[]}]}]},{\"id\":6,\"department_name\":\"IT\",\"institution_id\":19,\"isactive\":true,\"faculties\":[]}],\"limit\":10,\"page\":1,\"total_count\":6,\"total_pages\":1},\"message\":\"Departments fetched successfully\",\"success\":true}"

**


**
Time      : 2026-07-27 13:21:08
Service   : Institution
Method    : GET
Endpoint  : /institutes/
Status    : 200

Request:
""

Response:
"{\"data\":{\"items\":[{\"id\":1,\"name\":\"Anna\",\"institution_code\":\"sw51001\",\"state\":\"Tamil Nadu\",\"isactive\":true,\"departments\":[]},{\"id\":3,\"name\":\"Anna\",\"institution_code\":\"sw51001\",\"state\":\"Tamil Nadu\",\"isactive\":true,\"departments\":[{\"id\":2,\"department_name\":\"Manu\",\"institution_id\":3,\"isactive\":true,\"faculties\":[]}]},{\"id\":4,\"name\":\"Anna University Main Campus\",\"institution_code\":\"AU1001-M\",\"state\":\"Tamil Nadu\",\"isactive\":true,\"departments\":[{\"id\":3,\"department_name\":\"Manu\",\"institution_id\":4,\"isactive\":true,\"faculties\":[{\"id\":2,\"name\":\"Dr. Amit Anand\",\"gender\":\"Male\",\"joining_date\":\"2026-06-24T00:00:00+05:30\",\"department_id\":3,\"isactive\":true,\"students\":[{\"id\":2,\"name\":\"Rahul Kumar Sharma\",\"email\":\"rahul.sharma@example.com\",\"gender\":\"male\",\"faculty_id\":2,\"isactive\":true,\"fees\":[{\"id\":2,\"payment_mode\":\"Online\",\"amount\":50000,\"student_id\":2,\"isactive\":true}]},{\"id\":4,\"name\":\"Rahul Kumar\",\"email\":\"raha@example.com\",\"gender\":\"Male\",\"faculty_id\":2,\"isactive\":true,\"fees\":[]},{\"id\":5,\"name\":\"Rahula Kumar\",\"email\":\"rahaaa@example.com\",\"gender\":\"Male\",\"faculty_id\":2,\"isactive\":true,\"fees\":[]}]}]}]},{\"id\":5,\"name\":\"Annas\",\"institution_code\":\"SW01001\",\"state\":\"Tamil Nadu\",\"isactive\":true,\"departments\":[{\"id\":5,\"department_name\":\"Manu\",\"institution_id\":5,\"isactive\":true,\"faculties\":[{\"id\":3,\"name\":\"Dr. Amit Anand\",\"gender\":\"Male\",\"joining_date\":\"2026-06-24T00:00:00+05:30\",\"department_id\":5,\"isactive\":true,\"students\":[{\"id\":6,\"name\":\"Rahula Kumar\",\"email\":\"raa@example.com\",\"gender\":\"Male\",\"faculty_id\":3,\"isactive\":true,\"fees\":[]},{\"id\":7,\"name\":\"Rahusla Kumar\",\"email\":\"radbshdsdiha@example.com\",\"gender\":\"Male\",\"faculty_id\":3,\"isactive\":true,\"fees\":[]},{\"id\":8,\"name\":\"Rarrhusla Kumar\",\"email\":\"rarrdbshdsdiha@example.com\",\"gender\":\"Male\",\"faculty_id\":3,\"isactive\":true,\"fees\":[]},{\"id\":9,\"name\":\"Rarrhuslddda Kumar\",\"email\":\"rarrdbshddsdiha@example.com\",\"gender\":\"Male\",\"faculty_id\":3,\"isactive\":true,\"fees\":[]}]}]}]},{\"id\":6,\"name\":\"Annasw\",\"institution_code\":\"SW018001\",\"state\":\"Tamil Nadu\",\"isactive\":true,\"departments\":[]},{\"id\":7,\"name\":\"Annass\",\"institution_code\":\"SW77789454\",\"state\":\"Tamil Nadu\",\"isactive\":true,\"departments\":[]},{\"id\":8,\"name\":\"Annassww\",\"institution_code\":\"SW778545489454\",\"state\":\"Tamil Nadu\",\"isactive\":true,\"departments\":[]},{\"id\":10,\"name\":\"Aw\",\"institution_code\":\"78545489454\",\"state\":\"Tamil Nadu\",\"isactive\":true,\"departments\":[]},{\"id\":11,\"name\":\"A5w\",\"institution_code\":\"dnjds\",\"state\":\"Tamil Nadu\",\"isactive\":true,\"departments\":[]},{\"id\":12,\"name\":\"A5DDw\",\"institution_code\":\"dnDjds\",\"state\":\"Tamil Nadu\",\"isactive\":true,\"departments\":[]}],\"limit\":10,\"page\":1,\"total_count\":17,\"total_pages\":2},\"message\":\"Institutes fetched successfully\",\"success\":true}"

**


**
Time      : 2026-07-27 13:21:09
Service   : Department
Method    : GET
Endpoint  : /departments
Status    : 200

Request:
""

Response:
"{\"data\":{\"items\":[{\"id\":1,\"department_name\":\"Manu\",\"institution_id\":2,\"isactive\":true,\"faculties\":[{\"id\":1,\"name\":\"Dr. Amit Anand\",\"gender\":\"Male\",\"joining_date\":\"2026-06-24T00:00:00+05:30\",\"department_id\":1,\"isactive\":true,\"students\":[{\"id\":1,\"name\":\"Rahul Kumar\",\"email\":\"rahul@example.com\",\"gender\":\"Male\",\"faculty_id\":1,\"isactive\":true,\"fees\":[{\"id\":1,\"payment_mode\":\"Online\",\"amount\":50000,\"student_id\":1,\"isactive\":true}]},{\"id\":3,\"name\":\"Rahul Kumar\",\"email\":\"rahula@example.com\",\"gender\":\"Male\",\"faculty_id\":1,\"isactive\":true,\"fees\":[]}]}]},{\"id\":2,\"department_name\":\"Manu\",\"institution_id\":3,\"isactive\":true,\"faculties\":[]},{\"id\":3,\"department_name\":\"Manu\",\"institution_id\":4,\"isactive\":true,\"faculties\":[{\"id\":2,\"name\":\"Dr. Amit Anand\",\"gender\":\"Male\",\"joining_date\":\"2026-06-24T00:00:00+05:30\",\"department_id\":3,\"isactive\":true,\"students\":[{\"id\":2,\"name\":\"Rahul Kumar Sharma\",\"email\":\"rahul.sharma@example.com\",\"gender\":\"male\",\"faculty_id\":2,\"isactive\":true,\"fees\":[{\"id\":2,\"payment_mode\":\"Online\",\"amount\":50000,\"student_id\":2,\"isactive\":true}]},{\"id\":4,\"name\":\"Rahul Kumar\",\"email\":\"raha@example.com\",\"gender\":\"Male\",\"faculty_id\":2,\"isactive\":true,\"fees\":[]},{\"id\":5,\"name\":\"Rahula Kumar\",\"email\":\"rahaaa@example.com\",\"gender\":\"Male\",\"faculty_id\":2,\"isactive\":true,\"fees\":[]}]}]},{\"id\":4,\"department_name\":\"Manu\",\"institution_id\":16,\"isactive\":true,\"faculties\":[]},{\"id\":5,\"department_name\":\"Manu\",\"institution_id\":5,\"isactive\":true,\"faculties\":[{\"id\":3,\"name\":\"Dr. Amit Anand\",\"gender\":\"Male\",\"joining_date\":\"2026-06-24T00:00:00+05:30\",\"department_id\":5,\"isactive\":true,\"students\":[{\"id\":6,\"name\":\"Rahula Kumar\",\"email\":\"raa@example.com\",\"gender\":\"Male\",\"faculty_id\":3,\"isactive\":true,\"fees\":[]},{\"id\":7,\"name\":\"Rahusla Kumar\",\"email\":\"radbshdsdiha@example.com\",\"gender\":\"Male\",\"faculty_id\":3,\"isactive\":true,\"fees\":[]},{\"id\":8,\"name\":\"Rarrhusla Kumar\",\"email\":\"rarrdbshdsdiha@example.com\",\"gender\":\"Male\",\"faculty_id\":3,\"isactive\":true,\"fees\":[]},{\"id\":9,\"name\":\"Rarrhuslddda Kumar\",\"email\":\"rarrdbshddsdiha@example.com\",\"gender\":\"Male\",\"faculty_id\":3,\"isactive\":true,\"fees\":[]}]}]},{\"id\":6,\"department_name\":\"IT\",\"institution_id\":19,\"isactive\":true,\"faculties\":[]}],\"limit\":10,\"page\":1,\"total_count\":6,\"total_pages\":1},\"message\":\"Departments fetched successfully\",\"success\":true}"

**


**
Time      : 2026-07-27 13:21:10
Service   : Student
Method    : GET
Endpoint  : /students
Status    : 200

Request:
""

Response:
"{\"data\":{\"items\":[{\"id\":1,\"name\":\"Rahul Kumar\",\"email\":\"rahul@example.com\",\"gender\":\"Male\",\"faculty_id\":1,\"isactive\":true,\"fees\":[{\"id\":1,\"payment_mode\":\"Online\",\"amount\":50000,\"student_id\":1,\"isactive\":true}]},{\"id\":2,\"name\":\"Rahul Kumar Sharma\",\"email\":\"rahul.sharma@example.com\",\"gender\":\"male\",\"faculty_id\":2,\"isactive\":true,\"fees\":[{\"id\":2,\"payment_mode\":\"Online\",\"amount\":50000,\"student_id\":2,\"isactive\":true}]},{\"id\":3,\"name\":\"Rahul Kumar\",\"email\":\"rahula@example.com\",\"gender\":\"Male\",\"faculty_id\":1,\"isactive\":true,\"fees\":[]},{\"id\":4,\"name\":\"Rahul Kumar\",\"email\":\"raha@example.com\",\"gender\":\"Male\",\"faculty_id\":2,\"isactive\":true,\"fees\":[]},{\"id\":5,\"name\":\"Rahula Kumar\",\"email\":\"rahaaa@example.com\",\"gender\":\"Male\",\"faculty_id\":2,\"isactive\":true,\"fees\":[]},{\"id\":6,\"name\":\"Rahula Kumar\",\"email\":\"raa@example.com\",\"gender\":\"Male\",\"faculty_id\":3,\"isactive\":true,\"fees\":[]},{\"id\":7,\"name\":\"Rahusla Kumar\",\"email\":\"radbshdsdiha@example.com\",\"gender\":\"Male\",\"faculty_id\":3,\"isactive\":true,\"fees\":[]},{\"id\":8,\"name\":\"Rarrhusla Kumar\",\"email\":\"rarrdbshdsdiha@example.com\",\"gender\":\"Male\",\"faculty_id\":3,\"isactive\":true,\"fees\":[]},{\"id\":9,\"name\":\"Rarrhuslddda Kumar\",\"email\":\"rarrdbshddsdiha@example.com\",\"gender\":\"Male\",\"faculty_id\":3,\"isactive\":true,\"fees\":[]}],\"limit\":10,\"page\":1,\"total_count\":9,\"total_pages\":1},\"message\":\"Students fetched successfully\",\"success\":true}"

**


**
Time      : 2026-07-27 13:21:11
Service   : Faculty
Method    : GET
Endpoint  : /faculties
Status    : 200

Request:
""

Response:
"{\"data\":{\"items\":[{\"id\":1,\"name\":\"Dr. Amit Anand\",\"gender\":\"Male\",\"joining_date\":\"2026-06-24T00:00:00+05:30\",\"department_id\":1,\"isactive\":true,\"students\":[{\"id\":1,\"name\":\"Rahul Kumar\",\"email\":\"rahul@example.com\",\"gender\":\"Male\",\"faculty_id\":1,\"isactive\":true,\"fees\":[{\"id\":1,\"payment_mode\":\"Online\",\"amount\":0,\"student_id\":1,\"isactive\":true}]},{\"id\":3,\"name\":\"Rahul Kumar\",\"email\":\"rahula@example.com\",\"gender\":\"Male\",\"faculty_id\":1,\"isactive\":true,\"fees\":[]}]},{\"id\":2,\"name\":\"Dr. Amit Anand\",\"gender\":\"Male\",\"joining_date\":\"2026-06-24T00:00:00+05:30\",\"department_id\":3,\"isactive\":true,\"students\":[{\"id\":2,\"name\":\"Rahul Kumar Sharma\",\"email\":\"rahul.sharma@example.com\",\"gender\":\"male\",\"faculty_id\":2,\"isactive\":true,\"fees\":[{\"id\":2,\"payment_mode\":\"Online\",\"amount\":0,\"student_id\":2,\"isactive\":true}]},{\"id\":4,\"name\":\"Rahul Kumar\",\"email\":\"raha@example.com\",\"gender\":\"Male\",\"faculty_id\":2,\"isactive\":true,\"fees\":[]},{\"id\":5,\"name\":\"Rahula Kumar\",\"email\":\"rahaaa@example.com\",\"gender\":\"Male\",\"faculty_id\":2,\"isactive\":true,\"fees\":[]}]},{\"id\":3,\"name\":\"Dr. Amit Anand\",\"gender\":\"Male\",\"joining_date\":\"2026-06-24T00:00:00+05:30\",\"department_id\":5,\"isactive\":true,\"students\":[{\"id\":6,\"name\":\"Rahula Kumar\",\"email\":\"raa@example.com\",\"gender\":\"Male\",\"faculty_id\":3,\"isactive\":true,\"fees\":[]},{\"id\":7,\"name\":\"Rahusla Kumar\",\"email\":\"radbshdsdiha@example.com\",\"gender\":\"Male\",\"faculty_id\":3,\"isactive\":true,\"fees\":[]},{\"id\":8,\"name\":\"Rarrhusla Kumar\",\"email\":\"rarrdbshdsdiha@example.com\",\"gender\":\"Male\",\"faculty_id\":3,\"isactive\":true,\"fees\":[]},{\"id\":9,\"name\":\"Rarrhuslddda Kumar\",\"email\":\"rarrdbshddsdiha@example.com\",\"gender\":\"Male\",\"faculty_id\":3,\"isactive\":true,\"fees\":[]}]}],\"limit\":10,\"page\":1,\"total_count\":3,\"total_pages\":1},\"message\":\"Faculties fetched successfully\",\"success\":true}"

**


**
Time      : 2026-07-27 13:22:09
Service   : Institution
Method    : GET
Endpoint  : /institutes/
Status    : 200

Request:
""

Response:
"{\"data\":{\"items\":[{\"id\":1,\"name\":\"Anna\",\"institution_code\":\"sw51001\",\"state\":\"Tamil Nadu\",\"isactive\":true,\"departments\":[]},{\"id\":3,\"name\":\"Anna\",\"institution_code\":\"sw51001\",\"state\":\"Tamil Nadu\",\"isactive\":true,\"departments\":[{\"id\":2,\"department_name\":\"Manu\",\"institution_id\":3,\"isactive\":true,\"faculties\":[]}]},{\"id\":4,\"name\":\"Anna University Main Campus\",\"institution_code\":\"AU1001-M\",\"state\":\"Tamil Nadu\",\"isactive\":true,\"departments\":[{\"id\":3,\"department_name\":\"Manu\",\"institution_id\":4,\"isactive\":true,\"faculties\":[{\"id\":2,\"name\":\"Dr. Amit Anand\",\"gender\":\"Male\",\"joining_date\":\"2026-06-24T00:00:00+05:30\",\"department_id\":3,\"isactive\":true,\"students\":[{\"id\":2,\"name\":\"Rahul Kumar Sharma\",\"email\":\"rahul.sharma@example.com\",\"gender\":\"male\",\"faculty_id\":2,\"isactive\":true,\"fees\":[{\"id\":2,\"payment_mode\":\"Online\",\"amount\":50000,\"student_id\":2,\"isactive\":true}]},{\"id\":4,\"name\":\"Rahul Kumar\",\"email\":\"raha@example.com\",\"gender\":\"Male\",\"faculty_id\":2,\"isactive\":true,\"fees\":[]},{\"id\":5,\"name\":\"Rahula Kumar\",\"email\":\"rahaaa@example.com\",\"gender\":\"Male\",\"faculty_id\":2,\"isactive\":true,\"fees\":[]}]}]}]},{\"id\":5,\"name\":\"Annas\",\"institution_code\":\"SW01001\",\"state\":\"Tamil Nadu\",\"isactive\":true,\"departments\":[{\"id\":5,\"department_name\":\"Manu\",\"institution_id\":5,\"isactive\":true,\"faculties\":[{\"id\":3,\"name\":\"Dr. Amit Anand\",\"gender\":\"Male\",\"joining_date\":\"2026-06-24T00:00:00+05:30\",\"department_id\":5,\"isactive\":true,\"students\":[{\"id\":6,\"name\":\"Rahula Kumar\",\"email\":\"raa@example.com\",\"gender\":\"Male\",\"faculty_id\":3,\"isactive\":true,\"fees\":[]},{\"id\":7,\"name\":\"Rahusla Kumar\",\"email\":\"radbshdsdiha@example.com\",\"gender\":\"Male\",\"faculty_id\":3,\"isactive\":true,\"fees\":[]},{\"id\":8,\"name\":\"Rarrhusla Kumar\",\"email\":\"rarrdbshdsdiha@example.com\",\"gender\":\"Male\",\"faculty_id\":3,\"isactive\":true,\"fees\":[]},{\"id\":9,\"name\":\"Rarrhuslddda Kumar\",\"email\":\"rarrdbshddsdiha@example.com\",\"gender\":\"Male\",\"faculty_id\":3,\"isactive\":true,\"fees\":[]}]}]}]},{\"id\":6,\"name\":\"Annasw\",\"institution_code\":\"SW018001\",\"state\":\"Tamil Nadu\",\"isactive\":true,\"departments\":[]},{\"id\":7,\"name\":\"Annass\",\"institution_code\":\"SW77789454\",\"state\":\"Tamil Nadu\",\"isactive\":true,\"departments\":[]},{\"id\":8,\"name\":\"Annassww\",\"institution_code\":\"SW778545489454\",\"state\":\"Tamil Nadu\",\"isactive\":true,\"departments\":[]},{\"id\":10,\"name\":\"Aw\",\"institution_code\":\"78545489454\",\"state\":\"Tamil Nadu\",\"isactive\":true,\"departments\":[]},{\"id\":11,\"name\":\"A5w\",\"institution_code\":\"dnjds\",\"state\":\"Tamil Nadu\",\"isactive\":true,\"departments\":[]},{\"id\":12,\"name\":\"A5DDw\",\"institution_code\":\"dnDjds\",\"state\":\"Tamil Nadu\",\"isactive\":true,\"departments\":[]}],\"limit\":10,\"page\":1,\"total_count\":17,\"total_pages\":2},\"message\":\"Institutes fetched successfully\",\"success\":true}"

**


**
Time      : 2026-07-27 13:22:28
Service   : Department
Method    : GET
Endpoint  : /departments
Status    : 200

Request:
""

Response:
"{\"data\":{\"items\":[{\"id\":1,\"department_name\":\"Manu\",\"institution_id\":2,\"isactive\":true,\"faculties\":[{\"id\":1,\"name\":\"Dr. Amit Anand\",\"gender\":\"Male\",\"joining_date\":\"2026-06-24T00:00:00+05:30\",\"department_id\":1,\"isactive\":true,\"students\":[{\"id\":1,\"name\":\"Rahul Kumar\",\"email\":\"rahul@example.com\",\"gender\":\"Male\",\"faculty_id\":1,\"isactive\":true,\"fees\":[{\"id\":1,\"payment_mode\":\"Online\",\"amount\":50000,\"student_id\":1,\"isactive\":true}]},{\"id\":3,\"name\":\"Rahul Kumar\",\"email\":\"rahula@example.com\",\"gender\":\"Male\",\"faculty_id\":1,\"isactive\":true,\"fees\":[]}]}]},{\"id\":2,\"department_name\":\"Manu\",\"institution_id\":3,\"isactive\":true,\"faculties\":[]},{\"id\":3,\"department_name\":\"Manu\",\"institution_id\":4,\"isactive\":true,\"faculties\":[{\"id\":2,\"name\":\"Dr. Amit Anand\",\"gender\":\"Male\",\"joining_date\":\"2026-06-24T00:00:00+05:30\",\"department_id\":3,\"isactive\":true,\"students\":[{\"id\":2,\"name\":\"Rahul Kumar Sharma\",\"email\":\"rahul.sharma@example.com\",\"gender\":\"male\",\"faculty_id\":2,\"isactive\":true,\"fees\":[{\"id\":2,\"payment_mode\":\"Online\",\"amount\":50000,\"student_id\":2,\"isactive\":true}]},{\"id\":4,\"name\":\"Rahul Kumar\",\"email\":\"raha@example.com\",\"gender\":\"Male\",\"faculty_id\":2,\"isactive\":true,\"fees\":[]},{\"id\":5,\"name\":\"Rahula Kumar\",\"email\":\"rahaaa@example.com\",\"gender\":\"Male\",\"faculty_id\":2,\"isactive\":true,\"fees\":[]}]}]},{\"id\":4,\"department_name\":\"Manu\",\"institution_id\":16,\"isactive\":true,\"faculties\":[]},{\"id\":5,\"department_name\":\"Manu\",\"institution_id\":5,\"isactive\":true,\"faculties\":[{\"id\":3,\"name\":\"Dr. Amit Anand\",\"gender\":\"Male\",\"joining_date\":\"2026-06-24T00:00:00+05:30\",\"department_id\":5,\"isactive\":true,\"students\":[{\"id\":6,\"name\":\"Rahula Kumar\",\"email\":\"raa@example.com\",\"gender\":\"Male\",\"faculty_id\":3,\"isactive\":true,\"fees\":[]},{\"id\":7,\"name\":\"Rahusla Kumar\",\"email\":\"radbshdsdiha@example.com\",\"gender\":\"Male\",\"faculty_id\":3,\"isactive\":true,\"fees\":[]},{\"id\":8,\"name\":\"Rarrhusla Kumar\",\"email\":\"rarrdbshdsdiha@example.com\",\"gender\":\"Male\",\"faculty_id\":3,\"isactive\":true,\"fees\":[]},{\"id\":9,\"name\":\"Rarrhuslddda Kumar\",\"email\":\"rarrdbshddsdiha@example.com\",\"gender\":\"Male\",\"faculty_id\":3,\"isactive\":true,\"fees\":[]}]}]},{\"id\":6,\"department_name\":\"IT\",\"institution_id\":19,\"isactive\":true,\"faculties\":[]}],\"limit\":10,\"page\":1,\"total_count\":6,\"total_pages\":1},\"message\":\"Departments fetched successfully\",\"success\":true}"

**


**
Time      : 2026-07-27 13:22:31
Service   : Student
Method    : GET
Endpoint  : /students
Status    : 200

Request:
""

Response:
"{\"data\":{\"items\":[{\"id\":1,\"name\":\"Rahul Kumar\",\"email\":\"rahul@example.com\",\"gender\":\"Male\",\"faculty_id\":1,\"isactive\":true,\"fees\":[{\"id\":1,\"payment_mode\":\"Online\",\"amount\":50000,\"student_id\":1,\"isactive\":true}]},{\"id\":2,\"name\":\"Rahul Kumar Sharma\",\"email\":\"rahul.sharma@example.com\",\"gender\":\"male\",\"faculty_id\":2,\"isactive\":true,\"fees\":[{\"id\":2,\"payment_mode\":\"Online\",\"amount\":50000,\"student_id\":2,\"isactive\":true}]},{\"id\":3,\"name\":\"Rahul Kumar\",\"email\":\"rahula@example.com\",\"gender\":\"Male\",\"faculty_id\":1,\"isactive\":true,\"fees\":[]},{\"id\":4,\"name\":\"Rahul Kumar\",\"email\":\"raha@example.com\",\"gender\":\"Male\",\"faculty_id\":2,\"isactive\":true,\"fees\":[]},{\"id\":5,\"name\":\"Rahula Kumar\",\"email\":\"rahaaa@example.com\",\"gender\":\"Male\",\"faculty_id\":2,\"isactive\":true,\"fees\":[]},{\"id\":6,\"name\":\"Rahula Kumar\",\"email\":\"raa@example.com\",\"gender\":\"Male\",\"faculty_id\":3,\"isactive\":true,\"fees\":[]},{\"id\":7,\"name\":\"Rahusla Kumar\",\"email\":\"radbshdsdiha@example.com\",\"gender\":\"Male\",\"faculty_id\":3,\"isactive\":true,\"fees\":[]},{\"id\":8,\"name\":\"Rarrhusla Kumar\",\"email\":\"rarrdbshdsdiha@example.com\",\"gender\":\"Male\",\"faculty_id\":3,\"isactive\":true,\"fees\":[]},{\"id\":9,\"name\":\"Rarrhuslddda Kumar\",\"email\":\"rarrdbshddsdiha@example.com\",\"gender\":\"Male\",\"faculty_id\":3,\"isactive\":true,\"fees\":[]}],\"limit\":10,\"page\":1,\"total_count\":9,\"total_pages\":1},\"message\":\"Students fetched successfully\",\"success\":true}"

**


**
Time      : 2026-07-27 13:22:33
Service   : Faculty
Method    : GET
Endpoint  : /faculties
Status    : 200

Request:
""

Response:
"{\"data\":{\"items\":[{\"id\":1,\"name\":\"Dr. Amit Anand\",\"gender\":\"Male\",\"joining_date\":\"2026-06-24T00:00:00+05:30\",\"department_id\":1,\"isactive\":true,\"students\":[{\"id\":1,\"name\":\"Rahul Kumar\",\"email\":\"rahul@example.com\",\"gender\":\"Male\",\"faculty_id\":1,\"isactive\":true,\"fees\":[{\"id\":1,\"payment_mode\":\"Online\",\"amount\":0,\"student_id\":1,\"isactive\":true}]},{\"id\":3,\"name\":\"Rahul Kumar\",\"email\":\"rahula@example.com\",\"gender\":\"Male\",\"faculty_id\":1,\"isactive\":true,\"fees\":[]}]},{\"id\":2,\"name\":\"Dr. Amit Anand\",\"gender\":\"Male\",\"joining_date\":\"2026-06-24T00:00:00+05:30\",\"department_id\":3,\"isactive\":true,\"students\":[{\"id\":2,\"name\":\"Rahul Kumar Sharma\",\"email\":\"rahul.sharma@example.com\",\"gender\":\"male\",\"faculty_id\":2,\"isactive\":true,\"fees\":[{\"id\":2,\"payment_mode\":\"Online\",\"amount\":0,\"student_id\":2,\"isactive\":true}]},{\"id\":4,\"name\":\"Rahul Kumar\",\"email\":\"raha@example.com\",\"gender\":\"Male\",\"faculty_id\":2,\"isactive\":true,\"fees\":[]},{\"id\":5,\"name\":\"Rahula Kumar\",\"email\":\"rahaaa@example.com\",\"gender\":\"Male\",\"faculty_id\":2,\"isactive\":true,\"fees\":[]}]},{\"id\":3,\"name\":\"Dr. Amit Anand\",\"gender\":\"Male\",\"joining_date\":\"2026-06-24T00:00:00+05:30\",\"department_id\":5,\"isactive\":true,\"students\":[{\"id\":6,\"name\":\"Rahula Kumar\",\"email\":\"raa@example.com\",\"gender\":\"Male\",\"faculty_id\":3,\"isactive\":true,\"fees\":[]},{\"id\":7,\"name\":\"Rahusla Kumar\",\"email\":\"radbshdsdiha@example.com\",\"gender\":\"Male\",\"faculty_id\":3,\"isactive\":true,\"fees\":[]},{\"id\":8,\"name\":\"Rarrhusla Kumar\",\"email\":\"rarrdbshdsdiha@example.com\",\"gender\":\"Male\",\"faculty_id\":3,\"isactive\":true,\"fees\":[]},{\"id\":9,\"name\":\"Rarrhuslddda Kumar\",\"email\":\"rarrdbshddsdiha@example.com\",\"gender\":\"Male\",\"faculty_id\":3,\"isactive\":true,\"fees\":[]}]}],\"limit\":10,\"page\":1,\"total_count\":3,\"total_pages\":1},\"message\":\"Faculties fetched successfully\",\"success\":true}"

**


**
Time      : 2026-07-27 13:22:35
Service   : Fees
Method    : GET
Endpoint  : /fees
Status    : 200

Request:
""

Response:
"{\"data\":{\"items\":[{\"id\":1,\"payment_mode\":\"Online\",\"amount\":50000,\"student_id\":1,\"isactive\":true},{\"id\":2,\"payment_mode\":\"Online\",\"amount\":50000,\"student_id\":2,\"isactive\":true}],\"limit\":10,\"page\":1,\"total_count\":2,\"total_pages\":1},\"message\":\"Fees fetched successfully\",\"success\":true}"

**


**
Time      : 2026-07-27 13:22:42
Service   : Institution
Method    : GET
Endpoint  : /institutes/
Status    : 200

Request:
""

Response:
"{\"data\":{\"items\":[{\"id\":1,\"name\":\"Anna\",\"institution_code\":\"sw51001\",\"state\":\"Tamil Nadu\",\"isactive\":true,\"departments\":[]},{\"id\":3,\"name\":\"Anna\",\"institution_code\":\"sw51001\",\"state\":\"Tamil Nadu\",\"isactive\":true,\"departments\":[{\"id\":2,\"department_name\":\"Manu\",\"institution_id\":3,\"isactive\":true,\"faculties\":[]}]},{\"id\":4,\"name\":\"Anna University Main Campus\",\"institution_code\":\"AU1001-M\",\"state\":\"Tamil Nadu\",\"isactive\":true,\"departments\":[{\"id\":3,\"department_name\":\"Manu\",\"institution_id\":4,\"isactive\":true,\"faculties\":[{\"id\":2,\"name\":\"Dr. Amit Anand\",\"gender\":\"Male\",\"joining_date\":\"2026-06-24T00:00:00+05:30\",\"department_id\":3,\"isactive\":true,\"students\":[{\"id\":2,\"name\":\"Rahul Kumar Sharma\",\"email\":\"rahul.sharma@example.com\",\"gender\":\"male\",\"faculty_id\":2,\"isactive\":true,\"fees\":[{\"id\":2,\"payment_mode\":\"Online\",\"amount\":50000,\"student_id\":2,\"isactive\":true}]},{\"id\":4,\"name\":\"Rahul Kumar\",\"email\":\"raha@example.com\",\"gender\":\"Male\",\"faculty_id\":2,\"isactive\":true,\"fees\":[]},{\"id\":5,\"name\":\"Rahula Kumar\",\"email\":\"rahaaa@example.com\",\"gender\":\"Male\",\"faculty_id\":2,\"isactive\":true,\"fees\":[]}]}]}]},{\"id\":5,\"name\":\"Annas\",\"institution_code\":\"SW01001\",\"state\":\"Tamil Nadu\",\"isactive\":true,\"departments\":[{\"id\":5,\"department_name\":\"Manu\",\"institution_id\":5,\"isactive\":true,\"faculties\":[{\"id\":3,\"name\":\"Dr. Amit Anand\",\"gender\":\"Male\",\"joining_date\":\"2026-06-24T00:00:00+05:30\",\"department_id\":5,\"isactive\":true,\"students\":[{\"id\":6,\"name\":\"Rahula Kumar\",\"email\":\"raa@example.com\",\"gender\":\"Male\",\"faculty_id\":3,\"isactive\":true,\"fees\":[]},{\"id\":7,\"name\":\"Rahusla Kumar\",\"email\":\"radbshdsdiha@example.com\",\"gender\":\"Male\",\"faculty_id\":3,\"isactive\":true,\"fees\":[]},{\"id\":8,\"name\":\"Rarrhusla Kumar\",\"email\":\"rarrdbshdsdiha@example.com\",\"gender\":\"Male\",\"faculty_id\":3,\"isactive\":true,\"fees\":[]},{\"id\":9,\"name\":\"Rarrhuslddda Kumar\",\"email\":\"rarrdbshddsdiha@example.com\",\"gender\":\"Male\",\"faculty_id\":3,\"isactive\":true,\"fees\":[]}]}]}]},{\"id\":6,\"name\":\"Annasw\",\"institution_code\":\"SW018001\",\"state\":\"Tamil Nadu\",\"isactive\":true,\"departments\":[]},{\"id\":7,\"name\":\"Annass\",\"institution_code\":\"SW77789454\",\"state\":\"Tamil Nadu\",\"isactive\":true,\"departments\":[]},{\"id\":8,\"name\":\"Annassww\",\"institution_code\":\"SW778545489454\",\"state\":\"Tamil Nadu\",\"isactive\":true,\"departments\":[]},{\"id\":10,\"name\":\"Aw\",\"institution_code\":\"78545489454\",\"state\":\"Tamil Nadu\",\"isactive\":true,\"departments\":[]},{\"id\":11,\"name\":\"A5w\",\"institution_code\":\"dnjds\",\"state\":\"Tamil Nadu\",\"isactive\":true,\"departments\":[]},{\"id\":12,\"name\":\"A5DDw\",\"institution_code\":\"dnDjds\",\"state\":\"Tamil Nadu\",\"isactive\":true,\"departments\":[]}],\"limit\":10,\"page\":1,\"total_count\":17,\"total_pages\":2},\"message\":\"Institutes fetched successfully\",\"success\":true}"

**


**
Time      : 2026-07-27 13:31:15
Service   : Institution
Method    : GET
Endpoint  : /institutes/
Status    : 200

Request:
""

Response:
"{\"data\":{\"items\":[{\"id\":1,\"name\":\"Anna\",\"institution_code\":\"sw51001\",\"state\":\"Tamil Nadu\",\"isactive\":true,\"departments\":[]},{\"id\":3,\"name\":\"Anna\",\"institution_code\":\"sw51001\",\"state\":\"Tamil Nadu\",\"isactive\":true,\"departments\":[{\"id\":2,\"department_name\":\"Manu\",\"institution_id\":3,\"isactive\":true,\"faculties\":[]}]},{\"id\":4,\"name\":\"Anna University Main Campus\",\"institution_code\":\"AU1001-M\",\"state\":\"Tamil Nadu\",\"isactive\":true,\"departments\":[{\"id\":3,\"department_name\":\"Manu\",\"institution_id\":4,\"isactive\":true,\"faculties\":[{\"id\":2,\"name\":\"Dr. Amit Anand\",\"gender\":\"Male\",\"joining_date\":\"2026-06-24T00:00:00+05:30\",\"department_id\":3,\"isactive\":true,\"students\":[{\"id\":2,\"name\":\"Rahul Kumar Sharma\",\"email\":\"rahul.sharma@example.com\",\"gender\":\"male\",\"faculty_id\":2,\"isactive\":true,\"fees\":[{\"id\":2,\"payment_mode\":\"Online\",\"amount\":50000,\"student_id\":2,\"isactive\":true}]},{\"id\":4,\"name\":\"Rahul Kumar\",\"email\":\"raha@example.com\",\"gender\":\"Male\",\"faculty_id\":2,\"isactive\":true,\"fees\":[]},{\"id\":5,\"name\":\"Rahula Kumar\",\"email\":\"rahaaa@example.com\",\"gender\":\"Male\",\"faculty_id\":2,\"isactive\":true,\"fees\":[]}]}]}]},{\"id\":5,\"name\":\"Annas\",\"institution_code\":\"SW01001\",\"state\":\"Tamil Nadu\",\"isactive\":true,\"departments\":[{\"id\":5,\"department_name\":\"Manu\",\"institution_id\":5,\"isactive\":true,\"faculties\":[{\"id\":3,\"name\":\"Dr. Amit Anand\",\"gender\":\"Male\",\"joining_date\":\"2026-06-24T00:00:00+05:30\",\"department_id\":5,\"isactive\":true,\"students\":[{\"id\":6,\"name\":\"Rahula Kumar\",\"email\":\"raa@example.com\",\"gender\":\"Male\",\"faculty_id\":3,\"isactive\":true,\"fees\":[]},{\"id\":7,\"name\":\"Rahusla Kumar\",\"email\":\"radbshdsdiha@example.com\",\"gender\":\"Male\",\"faculty_id\":3,\"isactive\":true,\"fees\":[]},{\"id\":8,\"name\":\"Rarrhusla Kumar\",\"email\":\"rarrdbshdsdiha@example.com\",\"gender\":\"Male\",\"faculty_id\":3,\"isactive\":true,\"fees\":[]},{\"id\":9,\"name\":\"Rarrhuslddda Kumar\",\"email\":\"rarrdbshddsdiha@example.com\",\"gender\":\"Male\",\"faculty_id\":3,\"isactive\":true,\"fees\":[]}]}]}]},{\"id\":6,\"name\":\"Annasw\",\"institution_code\":\"SW018001\",\"state\":\"Tamil Nadu\",\"isactive\":true,\"departments\":[]},{\"id\":7,\"name\":\"Annass\",\"institution_code\":\"SW77789454\",\"state\":\"Tamil Nadu\",\"isactive\":true,\"departments\":[]},{\"id\":8,\"name\":\"Annassww\",\"institution_code\":\"SW778545489454\",\"state\":\"Tamil Nadu\",\"isactive\":true,\"departments\":[]},{\"id\":10,\"name\":\"Aw\",\"institution_code\":\"78545489454\",\"state\":\"Tamil Nadu\",\"isactive\":true,\"departments\":[]},{\"id\":11,\"name\":\"A5w\",\"institution_code\":\"dnjds\",\"state\":\"Tamil Nadu\",\"isactive\":true,\"departments\":[]},{\"id\":12,\"name\":\"A5DDw\",\"institution_code\":\"dnDjds\",\"state\":\"Tamil Nadu\",\"isactive\":true,\"departments\":[]}],\"limit\":10,\"page\":1,\"total_count\":17,\"total_pages\":2},\"message\":\"Institutes fetched successfully\",\"success\":true}"

**


**
Time      : 2026-07-27 13:33:42
Service   : Department
Method    : GET
Endpoint  : /departments
Status    : 401

Request:
""

Response:
"{\"message\":\"Invalid or expired token\",\"success\":false}"

**


**
Time      : 2026-07-27 13:35:11
Service   : Institution
Method    : GET
Endpoint  : /institutes/
Status    : 401

Request:
""

Response:
"{\"message\":\"Invalid or expired token\",\"success\":false}"

**


**
Time      : 2026-07-27 13:35:15
Service   : Department
Method    : GET
Endpoint  : /departments
Status    : 401

Request:
""

Response:
"{\"message\":\"Invalid or expired token\",\"success\":false}"

**


**
Time      : 2026-07-27 13:35:16
Service   : Student
Method    : GET
Endpoint  : /students
Status    : 401

Request:
""

Response:
"{\"message\":\"Invalid or expired token\",\"success\":false}"

**


**
Time      : 2026-07-27 13:35:17
Service   : Faculty
Method    : GET
Endpoint  : /faculties
Status    : 401

Request:
""

Response:
"{\"message\":\"Invalid or expired token\",\"success\":false}"

**


**
Time      : 2026-07-27 13:35:17
Service   : Fees
Method    : GET
Endpoint  : /fees
Status    : 401

Request:
""

Response:
"{\"message\":\"Invalid or expired token\",\"success\":false}"

**


**
Time      : 2026-07-27 13:38:14
Service   : Auth
Method    : POST
Endpoint  : /signin
Status    : 200

Request:
"[REDACTED/SENSITIVE]"

Response:
"{\"data\":{\"access_token\":\"eyJhbGciOiJIUzI1NiIsInR5cCI6IkpXVCJ9.eyJleHAiOjE3ODUxNDA1OTQsImlhdCI6MTc4NTEzOTY5NCwic2Vzc2lvbl9pZCI6IjgwYmNlZWJkLTUwZTAtNDhhYy05YTE4LWZjMDk5ZGFlMDc5NiIsInVzZXJfaWQiOjk0fQ.86y_wYYrq6pCqurPtC00fnj9tSqgCXTU552Hwg8JyfU\",\"refresh_token\":\"eyJhbGciOiJIUzI1NiIsInR5cCI6IkpXVCJ9.eyJleHAiOjE3ODc3MzE2OTQsImlhdCI6MTc4NTEzOTY5NCwic2Vzc2lvbl9pZCI6IjgwYmNlZWJkLTUwZTAtNDhhYy05YTE4LWZjMDk5ZGFlMDc5NiIsInVzZXJfaWQiOjk0fQ.mUVGlRD4Qjq3b39W4oE29S-8oM2Mfs7seZ8rKLyKiAM\",\"user_id\":94,\"session_id\":\"80bceebd-50e0-48ac-9a18-fc099dae0796\"},\"message\":\"Signed in successfully\",\"success\":true}"

**


**
Time      : 2026-07-27 13:38:15
Service   : Institution
Method    : GET
Endpoint  : /institutes/
Status    : 200

Request:
""

Response:
"{\"data\":{\"items\":[{\"id\":1,\"name\":\"Anna\",\"institution_code\":\"sw51001\",\"state\":\"Tamil Nadu\",\"isactive\":true,\"departments\":[]},{\"id\":3,\"name\":\"Anna\",\"institution_code\":\"sw51001\",\"state\":\"Tamil Nadu\",\"isactive\":true,\"departments\":[{\"id\":2,\"department_name\":\"Manu\",\"institution_id\":3,\"isactive\":true,\"faculties\":[]}]},{\"id\":4,\"name\":\"Anna University Main Campus\",\"institution_code\":\"AU1001-M\",\"state\":\"Tamil Nadu\",\"isactive\":true,\"departments\":[{\"id\":3,\"department_name\":\"Manu\",\"institution_id\":4,\"isactive\":true,\"faculties\":[{\"id\":2,\"name\":\"Dr. Amit Anand\",\"gender\":\"Male\",\"joining_date\":\"2026-06-24T00:00:00+05:30\",\"department_id\":3,\"isactive\":true,\"students\":[{\"id\":2,\"name\":\"Rahul Kumar Sharma\",\"email\":\"rahul.sharma@example.com\",\"gender\":\"male\",\"faculty_id\":2,\"isactive\":true,\"fees\":[{\"id\":2,\"payment_mode\":\"Online\",\"amount\":50000,\"student_id\":2,\"isactive\":true}]},{\"id\":4,\"name\":\"Rahul Kumar\",\"email\":\"raha@example.com\",\"gender\":\"Male\",\"faculty_id\":2,\"isactive\":true,\"fees\":[]},{\"id\":5,\"name\":\"Rahula Kumar\",\"email\":\"rahaaa@example.com\",\"gender\":\"Male\",\"faculty_id\":2,\"isactive\":true,\"fees\":[]}]}]}]},{\"id\":5,\"name\":\"Annas\",\"institution_code\":\"SW01001\",\"state\":\"Tamil Nadu\",\"isactive\":true,\"departments\":[{\"id\":5,\"department_name\":\"Manu\",\"institution_id\":5,\"isactive\":true,\"faculties\":[{\"id\":3,\"name\":\"Dr. Amit Anand\",\"gender\":\"Male\",\"joining_date\":\"2026-06-24T00:00:00+05:30\",\"department_id\":5,\"isactive\":true,\"students\":[{\"id\":6,\"name\":\"Rahula Kumar\",\"email\":\"raa@example.com\",\"gender\":\"Male\",\"faculty_id\":3,\"isactive\":true,\"fees\":[]},{\"id\":7,\"name\":\"Rahusla Kumar\",\"email\":\"radbshdsdiha@example.com\",\"gender\":\"Male\",\"faculty_id\":3,\"isactive\":true,\"fees\":[]},{\"id\":8,\"name\":\"Rarrhusla Kumar\",\"email\":\"rarrdbshdsdiha@example.com\",\"gender\":\"Male\",\"faculty_id\":3,\"isactive\":true,\"fees\":[]},{\"id\":9,\"name\":\"Rarrhuslddda Kumar\",\"email\":\"rarrdbshddsdiha@example.com\",\"gender\":\"Male\",\"faculty_id\":3,\"isactive\":true,\"fees\":[]}]}]}]},{\"id\":6,\"name\":\"Annasw\",\"institution_code\":\"SW018001\",\"state\":\"Tamil Nadu\",\"isactive\":true,\"departments\":[]},{\"id\":7,\"name\":\"Annass\",\"institution_code\":\"SW77789454\",\"state\":\"Tamil Nadu\",\"isactive\":true,\"departments\":[]},{\"id\":8,\"name\":\"Annassww\",\"institution_code\":\"SW778545489454\",\"state\":\"Tamil Nadu\",\"isactive\":true,\"departments\":[]},{\"id\":10,\"name\":\"Aw\",\"institution_code\":\"78545489454\",\"state\":\"Tamil Nadu\",\"isactive\":true,\"departments\":[]},{\"id\":11,\"name\":\"A5w\",\"institution_code\":\"dnjds\",\"state\":\"Tamil Nadu\",\"isactive\":true,\"departments\":[]},{\"id\":12,\"name\":\"A5DDw\",\"institution_code\":\"dnDjds\",\"state\":\"Tamil Nadu\",\"isactive\":true,\"departments\":[]}],\"limit\":10,\"page\":1,\"total_count\":17,\"total_pages\":2},\"message\":\"Institutes fetched successfully\",\"success\":true}"

**


**
Time      : 2026-07-27 13:38:17
Service   : General
Method    : POST
Endpoint  : /logout
Status    : 200

Request:
"{\"user_id\":94,\"refresh_token\":\"eyJhbGciOiJIUzI1NiIsInR5cCI6IkpXVCJ9.eyJleHAiOjE3ODc3MzE2OTQsImlhdCI6MTc4NTEzOTY5NCwic2Vzc2lvbl9pZCI6IjgwYmNlZWJkLTUwZTAtNDhhYy05YTE4LWZjMDk5ZGFlMDc5NiIsInVzZXJfaWQiOjk0fQ.mUVGlRD4Qjq3b39W4oE29S-8oM2Mfs7seZ8rKLyKiAM\"}"

Response:
"{\"data\":null,\"message\":\"Logout successful\",\"success\":true}"

**


**
Time      : 2026-07-27 13:38:23
Service   : Auth
Method    : POST
Endpoint  : /signin
Status    : 200

Request:
"[REDACTED/SENSITIVE]"

Response:
"{\"data\":{\"access_token\":\"eyJhbGciOiJIUzI1NiIsInR5cCI6IkpXVCJ9.eyJleHAiOjE3ODUxNDA2MDMsImlhdCI6MTc4NTEzOTcwMywic2Vzc2lvbl9pZCI6ImFlZGMzZjcyLWJjYTItNDc3Mi1hN2JkLTIzNTJiMzAwMWRkNCIsInVzZXJfaWQiOjk0fQ.l0Lj-M92jnXnqP9Wx4zrR9cE7NJsNqPmOCsQ8tWHnU4\",\"refresh_token\":\"eyJhbGciOiJIUzI1NiIsInR5cCI6IkpXVCJ9.eyJleHAiOjE3ODc3MzE3MDMsImlhdCI6MTc4NTEzOTcwMywic2Vzc2lvbl9pZCI6ImFlZGMzZjcyLWJjYTItNDc3Mi1hN2JkLTIzNTJiMzAwMWRkNCIsInVzZXJfaWQiOjk0fQ.WPQDroJetzek07GjjPiZUoMKXWWpboSgjzLkvMpiOY4\",\"user_id\":94,\"session_id\":\"aedc3f72-bca2-4772-a7bd-2352b3001dd4\"},\"message\":\"Signed in successfully\",\"success\":true}"

**


**
Time      : 2026-07-27 13:38:23
Service   : Institution
Method    : GET
Endpoint  : /institutes/
Status    : 200

Request:
""

Response:
"{\"data\":{\"items\":[{\"id\":1,\"name\":\"Anna\",\"institution_code\":\"sw51001\",\"state\":\"Tamil Nadu\",\"isactive\":true,\"departments\":[]},{\"id\":3,\"name\":\"Anna\",\"institution_code\":\"sw51001\",\"state\":\"Tamil Nadu\",\"isactive\":true,\"departments\":[{\"id\":2,\"department_name\":\"Manu\",\"institution_id\":3,\"isactive\":true,\"faculties\":[]}]},{\"id\":4,\"name\":\"Anna University Main Campus\",\"institution_code\":\"AU1001-M\",\"state\":\"Tamil Nadu\",\"isactive\":true,\"departments\":[{\"id\":3,\"department_name\":\"Manu\",\"institution_id\":4,\"isactive\":true,\"faculties\":[{\"id\":2,\"name\":\"Dr. Amit Anand\",\"gender\":\"Male\",\"joining_date\":\"2026-06-24T00:00:00+05:30\",\"department_id\":3,\"isactive\":true,\"students\":[{\"id\":2,\"name\":\"Rahul Kumar Sharma\",\"email\":\"rahul.sharma@example.com\",\"gender\":\"male\",\"faculty_id\":2,\"isactive\":true,\"fees\":[{\"id\":2,\"payment_mode\":\"Online\",\"amount\":50000,\"student_id\":2,\"isactive\":true}]},{\"id\":4,\"name\":\"Rahul Kumar\",\"email\":\"raha@example.com\",\"gender\":\"Male\",\"faculty_id\":2,\"isactive\":true,\"fees\":[]},{\"id\":5,\"name\":\"Rahula Kumar\",\"email\":\"rahaaa@example.com\",\"gender\":\"Male\",\"faculty_id\":2,\"isactive\":true,\"fees\":[]}]}]}]},{\"id\":5,\"name\":\"Annas\",\"institution_code\":\"SW01001\",\"state\":\"Tamil Nadu\",\"isactive\":true,\"departments\":[{\"id\":5,\"department_name\":\"Manu\",\"institution_id\":5,\"isactive\":true,\"faculties\":[{\"id\":3,\"name\":\"Dr. Amit Anand\",\"gender\":\"Male\",\"joining_date\":\"2026-06-24T00:00:00+05:30\",\"department_id\":5,\"isactive\":true,\"students\":[{\"id\":6,\"name\":\"Rahula Kumar\",\"email\":\"raa@example.com\",\"gender\":\"Male\",\"faculty_id\":3,\"isactive\":true,\"fees\":[]},{\"id\":7,\"name\":\"Rahusla Kumar\",\"email\":\"radbshdsdiha@example.com\",\"gender\":\"Male\",\"faculty_id\":3,\"isactive\":true,\"fees\":[]},{\"id\":8,\"name\":\"Rarrhusla Kumar\",\"email\":\"rarrdbshdsdiha@example.com\",\"gender\":\"Male\",\"faculty_id\":3,\"isactive\":true,\"fees\":[]},{\"id\":9,\"name\":\"Rarrhuslddda Kumar\",\"email\":\"rarrdbshddsdiha@example.com\",\"gender\":\"Male\",\"faculty_id\":3,\"isactive\":true,\"fees\":[]}]}]}]},{\"id\":6,\"name\":\"Annasw\",\"institution_code\":\"SW018001\",\"state\":\"Tamil Nadu\",\"isactive\":true,\"departments\":[]},{\"id\":7,\"name\":\"Annass\",\"institution_code\":\"SW77789454\",\"state\":\"Tamil Nadu\",\"isactive\":true,\"departments\":[]},{\"id\":8,\"name\":\"Annassww\",\"institution_code\":\"SW778545489454\",\"state\":\"Tamil Nadu\",\"isactive\":true,\"departments\":[]},{\"id\":10,\"name\":\"Aw\",\"institution_code\":\"78545489454\",\"state\":\"Tamil Nadu\",\"isactive\":true,\"departments\":[]},{\"id\":11,\"name\":\"A5w\",\"institution_code\":\"dnjds\",\"state\":\"Tamil Nadu\",\"isactive\":true,\"departments\":[]},{\"id\":12,\"name\":\"A5DDw\",\"institution_code\":\"dnDjds\",\"state\":\"Tamil Nadu\",\"isactive\":true,\"departments\":[]}],\"limit\":10,\"page\":1,\"total_count\":17,\"total_pages\":2},\"message\":\"Institutes fetched successfully\",\"success\":true}"

**


**
Time      : 2026-07-27 13:38:30
Service   : Institution
Method    : GET
Endpoint  : /institutes/8
Status    : 200

Request:
""

Response:
"{\"data\":{\"id\":8,\"name\":\"Annassww\",\"institution_code\":\"SW778545489454\",\"state\":\"Tamil Nadu\",\"isactive\":true,\"departments\":[]},\"message\":\"Institute fetched successfully\",\"success\":true}"

**


**
Time      : 2026-07-27 13:38:40
Service   : Institution
Method    : DELETE
Endpoint  : /institutes/1
Status    : 200

Request:
""

Response:
"{\"data\":null,\"message\":\"Institution deleted successfully\",\"success\":true}"

**


**
Time      : 2026-07-27 13:38:40
Service   : Institution
Method    : GET
Endpoint  : /institutes/
Status    : 200

Request:
""

Response:
"{\"data\":{\"items\":[{\"id\":3,\"name\":\"Anna\",\"institution_code\":\"sw51001\",\"state\":\"Tamil Nadu\",\"isactive\":true,\"departments\":[{\"id\":2,\"department_name\":\"Manu\",\"institution_id\":3,\"isactive\":true,\"faculties\":[]}]},{\"id\":4,\"name\":\"Anna University Main Campus\",\"institution_code\":\"AU1001-M\",\"state\":\"Tamil Nadu\",\"isactive\":true,\"departments\":[{\"id\":3,\"department_name\":\"Manu\",\"institution_id\":4,\"isactive\":true,\"faculties\":[{\"id\":2,\"name\":\"Dr. Amit Anand\",\"gender\":\"Male\",\"joining_date\":\"2026-06-24T00:00:00+05:30\",\"department_id\":3,\"isactive\":true,\"students\":[{\"id\":2,\"name\":\"Rahul Kumar Sharma\",\"email\":\"rahul.sharma@example.com\",\"gender\":\"male\",\"faculty_id\":2,\"isactive\":true,\"fees\":[{\"id\":2,\"payment_mode\":\"Online\",\"amount\":50000,\"student_id\":2,\"isactive\":true}]},{\"id\":4,\"name\":\"Rahul Kumar\",\"email\":\"raha@example.com\",\"gender\":\"Male\",\"faculty_id\":2,\"isactive\":true,\"fees\":[]},{\"id\":5,\"name\":\"Rahula Kumar\",\"email\":\"rahaaa@example.com\",\"gender\":\"Male\",\"faculty_id\":2,\"isactive\":true,\"fees\":[]}]}]}]},{\"id\":5,\"name\":\"Annas\",\"institution_code\":\"SW01001\",\"state\":\"Tamil Nadu\",\"isactive\":true,\"departments\":[{\"id\":5,\"department_name\":\"Manu\",\"institution_id\":5,\"isactive\":true,\"faculties\":[{\"id\":3,\"name\":\"Dr. Amit Anand\",\"gender\":\"Male\",\"joining_date\":\"2026-06-24T00:00:00+05:30\",\"department_id\":5,\"isactive\":true,\"students\":[{\"id\":6,\"name\":\"Rahula Kumar\",\"email\":\"raa@example.com\",\"gender\":\"Male\",\"faculty_id\":3,\"isactive\":true,\"fees\":[]},{\"id\":7,\"name\":\"Rahusla Kumar\",\"email\":\"radbshdsdiha@example.com\",\"gender\":\"Male\",\"faculty_id\":3,\"isactive\":true,\"fees\":[]},{\"id\":8,\"name\":\"Rarrhusla Kumar\",\"email\":\"rarrdbshdsdiha@example.com\",\"gender\":\"Male\",\"faculty_id\":3,\"isactive\":true,\"fees\":[]},{\"id\":9,\"name\":\"Rarrhuslddda Kumar\",\"email\":\"rarrdbshddsdiha@example.com\",\"gender\":\"Male\",\"faculty_id\":3,\"isactive\":true,\"fees\":[]}]}]}]},{\"id\":6,\"name\":\"Annasw\",\"institution_code\":\"SW018001\",\"state\":\"Tamil Nadu\",\"isactive\":true,\"departments\":[]},{\"id\":7,\"name\":\"Annass\",\"institution_code\":\"SW77789454\",\"state\":\"Tamil Nadu\",\"isactive\":true,\"departments\":[]},{\"id\":8,\"name\":\"Annassww\",\"institution_code\":\"SW778545489454\",\"state\":\"Tamil Nadu\",\"isactive\":true,\"departments\":[]},{\"id\":10,\"name\":\"Aw\",\"institution_code\":\"78545489454\",\"state\":\"Tamil Nadu\",\"isactive\":true,\"departments\":[]},{\"id\":11,\"name\":\"A5w\",\"institution_code\":\"dnjds\",\"state\":\"Tamil Nadu\",\"isactive\":true,\"departments\":[]},{\"id\":12,\"name\":\"A5DDw\",\"institution_code\":\"dnDjds\",\"state\":\"Tamil Nadu\",\"isactive\":true,\"departments\":[]},{\"id\":13,\"name\":\"A5DDwBB\",\"institution_code\":\"dnDjBBs\",\"state\":\"Tamil Nadu\",\"isactive\":true,\"departments\":[]}],\"limit\":10,\"page\":1,\"total_count\":16,\"total_pages\":2},\"message\":\"Institutes fetched successfully\",\"success\":true}"

**


**
Time      : 2026-07-27 13:38:43
Service   : Department
Method    : GET
Endpoint  : /departments
Status    : 200

Request:
""

Response:
"{\"data\":{\"items\":[{\"id\":1,\"department_name\":\"Manu\",\"institution_id\":2,\"isactive\":true,\"faculties\":[{\"id\":1,\"name\":\"Dr. Amit Anand\",\"gender\":\"Male\",\"joining_date\":\"2026-06-24T00:00:00+05:30\",\"department_id\":1,\"isactive\":true,\"students\":[{\"id\":1,\"name\":\"Rahul Kumar\",\"email\":\"rahul@example.com\",\"gender\":\"Male\",\"faculty_id\":1,\"isactive\":true,\"fees\":[{\"id\":1,\"payment_mode\":\"Online\",\"amount\":50000,\"student_id\":1,\"isactive\":true}]},{\"id\":3,\"name\":\"Rahul Kumar\",\"email\":\"rahula@example.com\",\"gender\":\"Male\",\"faculty_id\":1,\"isactive\":true,\"fees\":[]}]}]},{\"id\":2,\"department_name\":\"Manu\",\"institution_id\":3,\"isactive\":true,\"faculties\":[]},{\"id\":3,\"department_name\":\"Manu\",\"institution_id\":4,\"isactive\":true,\"faculties\":[{\"id\":2,\"name\":\"Dr. Amit Anand\",\"gender\":\"Male\",\"joining_date\":\"2026-06-24T00:00:00+05:30\",\"department_id\":3,\"isactive\":true,\"students\":[{\"id\":2,\"name\":\"Rahul Kumar Sharma\",\"email\":\"rahul.sharma@example.com\",\"gender\":\"male\",\"faculty_id\":2,\"isactive\":true,\"fees\":[{\"id\":2,\"payment_mode\":\"Online\",\"amount\":50000,\"student_id\":2,\"isactive\":true}]},{\"id\":4,\"name\":\"Rahul Kumar\",\"email\":\"raha@example.com\",\"gender\":\"Male\",\"faculty_id\":2,\"isactive\":true,\"fees\":[]},{\"id\":5,\"name\":\"Rahula Kumar\",\"email\":\"rahaaa@example.com\",\"gender\":\"Male\",\"faculty_id\":2,\"isactive\":true,\"fees\":[]}]}]},{\"id\":4,\"department_name\":\"Manu\",\"institution_id\":16,\"isactive\":true,\"faculties\":[]},{\"id\":5,\"department_name\":\"Manu\",\"institution_id\":5,\"isactive\":true,\"faculties\":[{\"id\":3,\"name\":\"Dr. Amit Anand\",\"gender\":\"Male\",\"joining_date\":\"2026-06-24T00:00:00+05:30\",\"department_id\":5,\"isactive\":true,\"students\":[{\"id\":6,\"name\":\"Rahula Kumar\",\"email\":\"raa@example.com\",\"gender\":\"Male\",\"faculty_id\":3,\"isactive\":true,\"fees\":[]},{\"id\":7,\"name\":\"Rahusla Kumar\",\"email\":\"radbshdsdiha@example.com\",\"gender\":\"Male\",\"faculty_id\":3,\"isactive\":true,\"fees\":[]},{\"id\":8,\"name\":\"Rarrhusla Kumar\",\"email\":\"rarrdbshdsdiha@example.com\",\"gender\":\"Male\",\"faculty_id\":3,\"isactive\":true,\"fees\":[]},{\"id\":9,\"name\":\"Rarrhuslddda Kumar\",\"email\":\"rarrdbshddsdiha@example.com\",\"gender\":\"Male\",\"faculty_id\":3,\"isactive\":true,\"fees\":[]}]}]},{\"id\":6,\"department_name\":\"IT\",\"institution_id\":19,\"isactive\":true,\"faculties\":[]}],\"limit\":10,\"page\":1,\"total_count\":6,\"total_pages\":1},\"message\":\"Departments fetched successfully\",\"success\":true}"

**


**
Time      : 2026-07-27 13:38:44
Service   : Student
Method    : GET
Endpoint  : /students
Status    : 200

Request:
""

Response:
"{\"data\":{\"items\":[{\"id\":1,\"name\":\"Rahul Kumar\",\"email\":\"rahul@example.com\",\"gender\":\"Male\",\"faculty_id\":1,\"isactive\":true,\"fees\":[{\"id\":1,\"payment_mode\":\"Online\",\"amount\":50000,\"student_id\":1,\"isactive\":true}]},{\"id\":2,\"name\":\"Rahul Kumar Sharma\",\"email\":\"rahul.sharma@example.com\",\"gender\":\"male\",\"faculty_id\":2,\"isactive\":true,\"fees\":[{\"id\":2,\"payment_mode\":\"Online\",\"amount\":50000,\"student_id\":2,\"isactive\":true}]},{\"id\":3,\"name\":\"Rahul Kumar\",\"email\":\"rahula@example.com\",\"gender\":\"Male\",\"faculty_id\":1,\"isactive\":true,\"fees\":[]},{\"id\":4,\"name\":\"Rahul Kumar\",\"email\":\"raha@example.com\",\"gender\":\"Male\",\"faculty_id\":2,\"isactive\":true,\"fees\":[]},{\"id\":5,\"name\":\"Rahula Kumar\",\"email\":\"rahaaa@example.com\",\"gender\":\"Male\",\"faculty_id\":2,\"isactive\":true,\"fees\":[]},{\"id\":6,\"name\":\"Rahula Kumar\",\"email\":\"raa@example.com\",\"gender\":\"Male\",\"faculty_id\":3,\"isactive\":true,\"fees\":[]},{\"id\":7,\"name\":\"Rahusla Kumar\",\"email\":\"radbshdsdiha@example.com\",\"gender\":\"Male\",\"faculty_id\":3,\"isactive\":true,\"fees\":[]},{\"id\":8,\"name\":\"Rarrhusla Kumar\",\"email\":\"rarrdbshdsdiha@example.com\",\"gender\":\"Male\",\"faculty_id\":3,\"isactive\":true,\"fees\":[]},{\"id\":9,\"name\":\"Rarrhuslddda Kumar\",\"email\":\"rarrdbshddsdiha@example.com\",\"gender\":\"Male\",\"faculty_id\":3,\"isactive\":true,\"fees\":[]}],\"limit\":10,\"page\":1,\"total_count\":9,\"total_pages\":1},\"message\":\"Students fetched successfully\",\"success\":true}"

**


**
Time      : 2026-07-27 13:38:45
Service   : Faculty
Method    : GET
Endpoint  : /faculties
Status    : 200

Request:
""

Response:
"{\"data\":{\"items\":[{\"id\":1,\"name\":\"Dr. Amit Anand\",\"gender\":\"Male\",\"joining_date\":\"2026-06-24T00:00:00+05:30\",\"department_id\":1,\"isactive\":true,\"students\":[{\"id\":1,\"name\":\"Rahul Kumar\",\"email\":\"rahul@example.com\",\"gender\":\"Male\",\"faculty_id\":1,\"isactive\":true,\"fees\":[{\"id\":1,\"payment_mode\":\"Online\",\"amount\":0,\"student_id\":1,\"isactive\":true}]},{\"id\":3,\"name\":\"Rahul Kumar\",\"email\":\"rahula@example.com\",\"gender\":\"Male\",\"faculty_id\":1,\"isactive\":true,\"fees\":[]}]},{\"id\":2,\"name\":\"Dr. Amit Anand\",\"gender\":\"Male\",\"joining_date\":\"2026-06-24T00:00:00+05:30\",\"department_id\":3,\"isactive\":true,\"students\":[{\"id\":2,\"name\":\"Rahul Kumar Sharma\",\"email\":\"rahul.sharma@example.com\",\"gender\":\"male\",\"faculty_id\":2,\"isactive\":true,\"fees\":[{\"id\":2,\"payment_mode\":\"Online\",\"amount\":0,\"student_id\":2,\"isactive\":true}]},{\"id\":4,\"name\":\"Rahul Kumar\",\"email\":\"raha@example.com\",\"gender\":\"Male\",\"faculty_id\":2,\"isactive\":true,\"fees\":[]},{\"id\":5,\"name\":\"Rahula Kumar\",\"email\":\"rahaaa@example.com\",\"gender\":\"Male\",\"faculty_id\":2,\"isactive\":true,\"fees\":[]}]},{\"id\":3,\"name\":\"Dr. Amit Anand\",\"gender\":\"Male\",\"joining_date\":\"2026-06-24T00:00:00+05:30\",\"department_id\":5,\"isactive\":true,\"students\":[{\"id\":6,\"name\":\"Rahula Kumar\",\"email\":\"raa@example.com\",\"gender\":\"Male\",\"faculty_id\":3,\"isactive\":true,\"fees\":[]},{\"id\":7,\"name\":\"Rahusla Kumar\",\"email\":\"radbshdsdiha@example.com\",\"gender\":\"Male\",\"faculty_id\":3,\"isactive\":true,\"fees\":[]},{\"id\":8,\"name\":\"Rarrhusla Kumar\",\"email\":\"rarrdbshdsdiha@example.com\",\"gender\":\"Male\",\"faculty_id\":3,\"isactive\":true,\"fees\":[]},{\"id\":9,\"name\":\"Rarrhuslddda Kumar\",\"email\":\"rarrdbshddsdiha@example.com\",\"gender\":\"Male\",\"faculty_id\":3,\"isactive\":true,\"fees\":[]}]}],\"limit\":10,\"page\":1,\"total_count\":3,\"total_pages\":1},\"message\":\"Faculties fetched successfully\",\"success\":true}"

**


**
Time      : 2026-07-27 13:38:46
Service   : Fees
Method    : GET
Endpoint  : /fees
Status    : 200

Request:
""

Response:
"{\"data\":{\"items\":[{\"id\":1,\"payment_mode\":\"Online\",\"amount\":50000,\"student_id\":1,\"isactive\":true},{\"id\":2,\"payment_mode\":\"Online\",\"amount\":50000,\"student_id\":2,\"isactive\":true}],\"limit\":10,\"page\":1,\"total_count\":2,\"total_pages\":1},\"message\":\"Fees fetched successfully\",\"success\":true}"

**


**
Time      : 2026-07-27 13:38:48
Service   : Institution
Method    : GET
Endpoint  : /institutes/
Status    : 200

Request:
""

Response:
"{\"data\":{\"items\":[{\"id\":3,\"name\":\"Anna\",\"institution_code\":\"sw51001\",\"state\":\"Tamil Nadu\",\"isactive\":true,\"departments\":[{\"id\":2,\"department_name\":\"Manu\",\"institution_id\":3,\"isactive\":true,\"faculties\":[]}]},{\"id\":4,\"name\":\"Anna University Main Campus\",\"institution_code\":\"AU1001-M\",\"state\":\"Tamil Nadu\",\"isactive\":true,\"departments\":[{\"id\":3,\"department_name\":\"Manu\",\"institution_id\":4,\"isactive\":true,\"faculties\":[{\"id\":2,\"name\":\"Dr. Amit Anand\",\"gender\":\"Male\",\"joining_date\":\"2026-06-24T00:00:00+05:30\",\"department_id\":3,\"isactive\":true,\"students\":[{\"id\":2,\"name\":\"Rahul Kumar Sharma\",\"email\":\"rahul.sharma@example.com\",\"gender\":\"male\",\"faculty_id\":2,\"isactive\":true,\"fees\":[{\"id\":2,\"payment_mode\":\"Online\",\"amount\":50000,\"student_id\":2,\"isactive\":true}]},{\"id\":4,\"name\":\"Rahul Kumar\",\"email\":\"raha@example.com\",\"gender\":\"Male\",\"faculty_id\":2,\"isactive\":true,\"fees\":[]},{\"id\":5,\"name\":\"Rahula Kumar\",\"email\":\"rahaaa@example.com\",\"gender\":\"Male\",\"faculty_id\":2,\"isactive\":true,\"fees\":[]}]}]}]},{\"id\":5,\"name\":\"Annas\",\"institution_code\":\"SW01001\",\"state\":\"Tamil Nadu\",\"isactive\":true,\"departments\":[{\"id\":5,\"department_name\":\"Manu\",\"institution_id\":5,\"isactive\":true,\"faculties\":[{\"id\":3,\"name\":\"Dr. Amit Anand\",\"gender\":\"Male\",\"joining_date\":\"2026-06-24T00:00:00+05:30\",\"department_id\":5,\"isactive\":true,\"students\":[{\"id\":6,\"name\":\"Rahula Kumar\",\"email\":\"raa@example.com\",\"gender\":\"Male\",\"faculty_id\":3,\"isactive\":true,\"fees\":[]},{\"id\":7,\"name\":\"Rahusla Kumar\",\"email\":\"radbshdsdiha@example.com\",\"gender\":\"Male\",\"faculty_id\":3,\"isactive\":true,\"fees\":[]},{\"id\":8,\"name\":\"Rarrhusla Kumar\",\"email\":\"rarrdbshdsdiha@example.com\",\"gender\":\"Male\",\"faculty_id\":3,\"isactive\":true,\"fees\":[]},{\"id\":9,\"name\":\"Rarrhuslddda Kumar\",\"email\":\"rarrdbshddsdiha@example.com\",\"gender\":\"Male\",\"faculty_id\":3,\"isactive\":true,\"fees\":[]}]}]}]},{\"id\":6,\"name\":\"Annasw\",\"institution_code\":\"SW018001\",\"state\":\"Tamil Nadu\",\"isactive\":true,\"departments\":[]},{\"id\":7,\"name\":\"Annass\",\"institution_code\":\"SW77789454\",\"state\":\"Tamil Nadu\",\"isactive\":true,\"departments\":[]},{\"id\":8,\"name\":\"Annassww\",\"institution_code\":\"SW778545489454\",\"state\":\"Tamil Nadu\",\"isactive\":true,\"departments\":[]},{\"id\":10,\"name\":\"Aw\",\"institution_code\":\"78545489454\",\"state\":\"Tamil Nadu\",\"isactive\":true,\"departments\":[]},{\"id\":11,\"name\":\"A5w\",\"institution_code\":\"dnjds\",\"state\":\"Tamil Nadu\",\"isactive\":true,\"departments\":[]},{\"id\":12,\"name\":\"A5DDw\",\"institution_code\":\"dnDjds\",\"state\":\"Tamil Nadu\",\"isactive\":true,\"departments\":[]},{\"id\":13,\"name\":\"A5DDwBB\",\"institution_code\":\"dnDjBBs\",\"state\":\"Tamil Nadu\",\"isactive\":true,\"departments\":[]}],\"limit\":10,\"page\":1,\"total_count\":16,\"total_pages\":2},\"message\":\"Institutes fetched successfully\",\"success\":true}"

**


**
Time      : 2026-07-27 13:38:55
Service   : General
Method    : POST
Endpoint  : /logout
Status    : 200

Request:
"{\"user_id\":94,\"refresh_token\":\"eyJhbGciOiJIUzI1NiIsInR5cCI6IkpXVCJ9.eyJleHAiOjE3ODc3MzE3MDMsImlhdCI6MTc4NTEzOTcwMywic2Vzc2lvbl9pZCI6ImFlZGMzZjcyLWJjYTItNDc3Mi1hN2JkLTIzNTJiMzAwMWRkNCIsInVzZXJfaWQiOjk0fQ.WPQDroJetzek07GjjPiZUoMKXWWpboSgjzLkvMpiOY4\"}"

Response:
"{\"data\":null,\"message\":\"Logout successful\",\"success\":true}"

**


**
Time      : 2026-07-27 13:42:52
Service   : Auth
Method    : POST
Endpoint  : /signup
Status    : 400

Request:
"[REDACTED/SENSITIVE]"

Response:
"{\"message\":\"phone number already exists\",\"success\":false}"

**


**
Time      : 2026-07-27 13:43:11
Service   : Auth
Method    : POST
Endpoint  : /signup
Status    : 200

Request:
"[REDACTED/SENSITIVE]"

Response:
"{\"data\":{\"id\":113,\"name\":\"Tele\",\"email\":\"television85599@gmail.com\",\"phone\":\"8080808000\",\"isactive\":false},\"message\":\"Signed up successfully\",\"success\":true}"

**


**
Time      : 2026-07-27 13:44:32
Service   : Auth
Method    : POST
Endpoint  : /signin
Status    : 401

Request:
"[REDACTED/SENSITIVE]"

Response:
"{\"message\":\"account is inactive\",\"success\":false}"

**


**
Time      : 2026-07-27 13:44:37
Service   : General
Method    : GET
Endpoint  : /favicon.ico
Status    : 401

Request:
""

Response:
"{\"message\":\"Authorization header is required\",\"success\":false}"

**


**
Time      : 2026-07-27 13:44:42
Service   : Auth
Method    : POST
Endpoint  : /signin
Status    : 200

Request:
"[REDACTED/SENSITIVE]"

Response:
"{\"data\":{\"access_token\":\"eyJhbGciOiJIUzI1NiIsInR5cCI6IkpXVCJ9.eyJleHAiOjE3ODUxNDA5ODIsImlhdCI6MTc4NTE0MDA4Miwic2Vzc2lvbl9pZCI6IjUwY2VjMmNiLTg0MzAtNGYyNy1hMzI2LWI4N2FkOGQ1NzgwYiIsInVzZXJfaWQiOjExM30.2mP126B3Uw6XSS_0IU-jOkYXW_ThbOvqBw_5qJR7YI4\",\"refresh_token\":\"eyJhbGciOiJIUzI1NiIsInR5cCI6IkpXVCJ9.eyJleHAiOjE3ODc3MzIwODIsImlhdCI6MTc4NTE0MDA4Miwic2Vzc2lvbl9pZCI6IjUwY2VjMmNiLTg0MzAtNGYyNy1hMzI2LWI4N2FkOGQ1NzgwYiIsInVzZXJfaWQiOjExM30.6fmuNH7tbdak4p-UdNDxSLZrsrgcEJv_oHASyQxHW0A\",\"user_id\":113,\"session_id\":\"50cec2cb-8430-4f27-a326-b87ad8d5780b\"},\"message\":\"Signed in successfully\",\"success\":true}"

**


**
Time      : 2026-07-27 13:44:42
Service   : Institution
Method    : GET
Endpoint  : /institutes/
Status    : 403

Request:
""

Response:
"{\"message\":\"Forbidden: you do not have permission to perform this action\",\"success\":false}"

**


**
Time      : 2026-07-27 13:44:44
Service   : Auth
Method    : POST
Endpoint  : /signin
Status    : 200

Request:
"[REDACTED/SENSITIVE]"

Response:
"{\"data\":{\"access_token\":\"eyJhbGciOiJIUzI1NiIsInR5cCI6IkpXVCJ9.eyJleHAiOjE3ODUxNDA5ODQsImlhdCI6MTc4NTE0MDA4NCwic2Vzc2lvbl9pZCI6IjYyZjI2ODI0LWMxNWEtNGIwNi1hNzg0LTkzNGY1OWE0YzAwYiIsInVzZXJfaWQiOjExM30.Nm_ao4MPZZ9Pa89tFxV5R2zbrYQz2kcNF6dqRnfoKVE\",\"refresh_token\":\"eyJhbGciOiJIUzI1NiIsInR5cCI6IkpXVCJ9.eyJleHAiOjE3ODc3MzIwODQsImlhdCI6MTc4NTE0MDA4NCwic2Vzc2lvbl9pZCI6IjYyZjI2ODI0LWMxNWEtNGIwNi1hNzg0LTkzNGY1OWE0YzAwYiIsInVzZXJfaWQiOjExM30.TOKK0vOflICLLCH32U0QxRm7XpC5CLxwX0ktdbTvsSo\",\"user_id\":113,\"session_id\":\"62f26824-c15a-4b06-a784-934f59a4c00b\"},\"message\":\"Signed in successfully\",\"success\":true}"

**


**
Time      : 2026-07-27 13:44:46
Service   : Department
Method    : GET
Endpoint  : /departments
Status    : 403

Request:
""

Response:
"{\"message\":\"Forbidden: you do not have permission to perform this action\",\"success\":false}"

**


**
Time      : 2026-07-27 13:44:47
Service   : Department
Method    : GET
Endpoint  : /departments
Status    : 403

Request:
""

Response:
"{\"message\":\"Forbidden: you do not have permission to perform this action\",\"success\":false}"

**


**
Time      : 2026-07-27 13:44:54
Service   : Institution
Method    : GET
Endpoint  : /institutes/
Status    : 403

Request:
""

Response:
"{\"message\":\"Forbidden: you do not have permission to perform this action\",\"success\":false}"

**


**
Time      : 2026-07-27 13:45:00
Service   : Student
Method    : GET
Endpoint  : /students
Status    : 403

Request:
""

Response:
"{\"message\":\"Forbidden: you do not have permission to perform this action\",\"success\":false}"

**


**
Time      : 2026-07-27 13:45:01
Service   : Faculty
Method    : GET
Endpoint  : /faculties
Status    : 403

Request:
""

Response:
"{\"message\":\"Forbidden: you do not have permission to perform this action\",\"success\":false}"

**


**
Time      : 2026-07-27 13:45:24
Service   : Auth
Method    : POST
Endpoint  : /signin
Status    : 200

Request:
"[REDACTED/SENSITIVE]"

Response:
"{\"data\":{\"access_token\":\"eyJhbGciOiJIUzI1NiIsInR5cCI6IkpXVCJ9.eyJleHAiOjE3ODUxNDEwMjQsImlhdCI6MTc4NTE0MDEyNCwic2Vzc2lvbl9pZCI6IjlmYWQ3NjUzLTUyZTEtNDgyOS05ZTA0LWJiMDE3MDAzYWIzZSIsInVzZXJfaWQiOjk0fQ.XU3UHjfviwDxxFo702-60GAF191nhBlbxVFVSNDACzw\",\"refresh_token\":\"eyJhbGciOiJIUzI1NiIsInR5cCI6IkpXVCJ9.eyJleHAiOjE3ODc3MzIxMjQsImlhdCI6MTc4NTE0MDEyNCwic2Vzc2lvbl9pZCI6IjlmYWQ3NjUzLTUyZTEtNDgyOS05ZTA0LWJiMDE3MDAzYWIzZSIsInVzZXJfaWQiOjk0fQ.-sQvWyQ06u_kkgtDVNUgzkwwUUXeEmN9Sja_MAEJrsE\",\"user_id\":94,\"session_id\":\"9fad7653-52e1-4829-9e04-bb017003ab3e\"},\"message\":\"Signed in successfully\",\"success\":true}"

**


**
Time      : 2026-07-27 13:46:21
Service   : General
Method    : POST
Endpoint  : /users/assign-role
Status    : 200

Request:
"{\n  \"user_id\": 113,\n  \"role\": \"student\"\n}"

Response:
"{\"data\":null,\"message\":\"Role assigned successfully\",\"success\":true}"

**


**
Time      : 2026-07-27 13:46:24
Service   : Student
Method    : GET
Endpoint  : /students
Status    : 403

Request:
""

Response:
"{\"message\":\"Forbidden: you do not have permission to perform this action\",\"success\":false}"

**


**
Time      : 2026-07-27 13:46:26
Service   : Institution
Method    : GET
Endpoint  : /institutes/
Status    : 403

Request:
""

Response:
"{\"message\":\"Forbidden: you do not have permission to perform this action\",\"success\":false}"

**


**
Time      : 2026-07-27 13:46:27
Service   : Student
Method    : GET
Endpoint  : /students
Status    : 403

Request:
""

Response:
"{\"message\":\"Forbidden: you do not have permission to perform this action\",\"success\":false}"

**


**
Time      : 2026-07-27 13:46:32
Service   : Institution
Method    : GET
Endpoint  : /institutes/
Status    : 403

Request:
""

Response:
"{\"message\":\"Forbidden: you do not have permission to perform this action\",\"success\":false}"

**


**
Time      : 2026-07-27 13:46:34
Service   : Student
Method    : GET
Endpoint  : /students
Status    : 403

Request:
""

Response:
"{\"message\":\"Forbidden: you do not have permission to perform this action\",\"success\":false}"

**


**
Time      : 2026-07-27 13:46:56
Service   : Faculty
Method    : GET
Endpoint  : /faculties
Status    : 403

Request:
""

Response:
"{\"message\":\"Forbidden: you do not have permission to perform this action\",\"success\":false}"

**


**
Time      : 2026-07-27 13:46:59
Service   : General
Method    : POST
Endpoint  : /logout
Status    : 200

Request:
"{\"user_id\":113,\"refresh_token\":\"eyJhbGciOiJIUzI1NiIsInR5cCI6IkpXVCJ9.eyJleHAiOjE3ODc3MzIwODQsImlhdCI6MTc4NTE0MDA4NCwic2Vzc2lvbl9pZCI6IjYyZjI2ODI0LWMxNWEtNGIwNi1hNzg0LTkzNGY1OWE0YzAwYiIsInVzZXJfaWQiOjExM30.TOKK0vOflICLLCH32U0QxRm7XpC5CLxwX0ktdbTvsSo\"}"

Response:
"{\"data\":null,\"message\":\"Logout successful\",\"success\":true}"

**


**
Time      : 2026-07-27 13:47:07
Service   : Auth
Method    : POST
Endpoint  : /signin
Status    : 200

Request:
"[REDACTED/SENSITIVE]"

Response:
"{\"data\":{\"access_token\":\"eyJhbGciOiJIUzI1NiIsInR5cCI6IkpXVCJ9.eyJleHAiOjE3ODUxNDExMjcsImlhdCI6MTc4NTE0MDIyNywic2Vzc2lvbl9pZCI6IjZkMTE2Yzk3LTM4MGQtNDc4NS1iM2NlLWFjZTEzZjU3NDcxMyIsInVzZXJfaWQiOjExM30.mmQ_KJbpuq9gnX6AkT_8jlbUTVMr1wQFda4_L7GImCs\",\"refresh_token\":\"eyJhbGciOiJIUzI1NiIsInR5cCI6IkpXVCJ9.eyJleHAiOjE3ODc3MzIyMjcsImlhdCI6MTc4NTE0MDIyNywic2Vzc2lvbl9pZCI6IjZkMTE2Yzk3LTM4MGQtNDc4NS1iM2NlLWFjZTEzZjU3NDcxMyIsInVzZXJfaWQiOjExM30.DMiBcTbQ_9P5JEkM9BA_KUUmSYhQLqZJmpe4nlkUvgI\",\"user_id\":113,\"session_id\":\"6d116c97-380d-4785-b3ce-ace13f574713\"},\"message\":\"Signed in successfully\",\"success\":true}"

**


**
Time      : 2026-07-27 13:47:07
Service   : Institution
Method    : GET
Endpoint  : /institutes/
Status    : 403

Request:
""

Response:
"{\"message\":\"Forbidden: you do not have permission to perform this action\",\"success\":false}"

**


**
Time      : 2026-07-27 13:47:09
Service   : Student
Method    : GET
Endpoint  : /students
Status    : 403

Request:
""

Response:
"{\"message\":\"Forbidden: you do not have permission to perform this action\",\"success\":false}"

**


**
Time      : 2026-07-27 13:47:14
Service   : Fees
Method    : GET
Endpoint  : /fees
Status    : 200

Request:
""

Response:
"{\"data\":{\"items\":[{\"id\":1,\"payment_mode\":\"Online\",\"amount\":50000,\"student_id\":1,\"isactive\":true},{\"id\":2,\"payment_mode\":\"Online\",\"amount\":50000,\"student_id\":2,\"isactive\":true}],\"limit\":10,\"page\":1,\"total_count\":2,\"total_pages\":1},\"message\":\"Fees fetched successfully\",\"success\":true}"

**


**
Time      : 2026-07-27 13:47:14
Service   : Fees
Method    : GET
Endpoint  : /fees
Status    : 200

Request:
""

Response:
"{\"data\":{\"items\":[{\"id\":1,\"payment_mode\":\"Online\",\"amount\":50000,\"student_id\":1,\"isactive\":true},{\"id\":2,\"payment_mode\":\"Online\",\"amount\":50000,\"student_id\":2,\"isactive\":true}],\"limit\":10,\"page\":1,\"total_count\":2,\"total_pages\":1},\"message\":\"Fees fetched successfully\",\"success\":true}"

**


**
Time      : 2026-07-27 13:47:19
Service   : Student
Method    : GET
Endpoint  : /students
Status    : 403

Request:
""

Response:
"{\"message\":\"Forbidden: you do not have permission to perform this action\",\"success\":false}"

**


**
Time      : 2026-07-27 13:49:13
Service   : General
Method    : POST
Endpoint  : /users/assign-role
Status    : 400

Request:
"{\n  \"user_id\": 113,\n  \"role\": \"department\"\n}"

Response:
"{\"message\":\"role not found: department\",\"success\":false}"

**


**
Time      : 2026-07-27 13:49:49
Service   : General
Method    : POST
Endpoint  : /users/assign-role
Status    : 200

Request:
"{\n  \"user_id\": 113,\n  \"role\": \"principal\"\n}"

Response:
"{\"data\":null,\"message\":\"Role assigned successfully\",\"success\":true}"

**


**
Time      : 2026-07-27 13:49:55
Service   : Institution
Method    : GET
Endpoint  : /institutes/
Status    : 403

Request:
""

Response:
"{\"message\":\"Forbidden: you do not have permission to perform this action\",\"success\":false}"

**


**
Time      : 2026-07-27 13:49:57
Service   : Department
Method    : GET
Endpoint  : /departments
Status    : 200

Request:
""

Response:
"{\"data\":{\"items\":[{\"id\":1,\"department_name\":\"Manu\",\"institution_id\":2,\"isactive\":true,\"faculties\":[{\"id\":1,\"name\":\"Dr. Amit Anand\",\"gender\":\"Male\",\"joining_date\":\"2026-06-24T00:00:00+05:30\",\"department_id\":1,\"isactive\":true,\"students\":[{\"id\":1,\"name\":\"Rahul Kumar\",\"email\":\"rahul@example.com\",\"gender\":\"Male\",\"faculty_id\":1,\"isactive\":true,\"fees\":[{\"id\":1,\"payment_mode\":\"Online\",\"amount\":50000,\"student_id\":1,\"isactive\":true}]},{\"id\":3,\"name\":\"Rahul Kumar\",\"email\":\"rahula@example.com\",\"gender\":\"Male\",\"faculty_id\":1,\"isactive\":true,\"fees\":[]}]}]},{\"id\":2,\"department_name\":\"Manu\",\"institution_id\":3,\"isactive\":true,\"faculties\":[]},{\"id\":3,\"department_name\":\"Manu\",\"institution_id\":4,\"isactive\":true,\"faculties\":[{\"id\":2,\"name\":\"Dr. Amit Anand\",\"gender\":\"Male\",\"joining_date\":\"2026-06-24T00:00:00+05:30\",\"department_id\":3,\"isactive\":true,\"students\":[{\"id\":2,\"name\":\"Rahul Kumar Sharma\",\"email\":\"rahul.sharma@example.com\",\"gender\":\"male\",\"faculty_id\":2,\"isactive\":true,\"fees\":[{\"id\":2,\"payment_mode\":\"Online\",\"amount\":50000,\"student_id\":2,\"isactive\":true}]},{\"id\":4,\"name\":\"Rahul Kumar\",\"email\":\"raha@example.com\",\"gender\":\"Male\",\"faculty_id\":2,\"isactive\":true,\"fees\":[]},{\"id\":5,\"name\":\"Rahula Kumar\",\"email\":\"rahaaa@example.com\",\"gender\":\"Male\",\"faculty_id\":2,\"isactive\":true,\"fees\":[]}]}]},{\"id\":4,\"department_name\":\"Manu\",\"institution_id\":16,\"isactive\":true,\"faculties\":[]},{\"id\":5,\"department_name\":\"Manu\",\"institution_id\":5,\"isactive\":true,\"faculties\":[{\"id\":3,\"name\":\"Dr. Amit Anand\",\"gender\":\"Male\",\"joining_date\":\"2026-06-24T00:00:00+05:30\",\"department_id\":5,\"isactive\":true,\"students\":[{\"id\":6,\"name\":\"Rahula Kumar\",\"email\":\"raa@example.com\",\"gender\":\"Male\",\"faculty_id\":3,\"isactive\":true,\"fees\":[]},{\"id\":7,\"name\":\"Rahusla Kumar\",\"email\":\"radbshdsdiha@example.com\",\"gender\":\"Male\",\"faculty_id\":3,\"isactive\":true,\"fees\":[]},{\"id\":8,\"name\":\"Rarrhusla Kumar\",\"email\":\"rarrdbshdsdiha@example.com\",\"gender\":\"Male\",\"faculty_id\":3,\"isactive\":true,\"fees\":[]},{\"id\":9,\"name\":\"Rarrhuslddda Kumar\",\"email\":\"rarrdbshddsdiha@example.com\",\"gender\":\"Male\",\"faculty_id\":3,\"isactive\":true,\"fees\":[]}]}]},{\"id\":6,\"department_name\":\"IT\",\"institution_id\":19,\"isactive\":true,\"faculties\":[]}],\"limit\":10,\"page\":1,\"total_count\":6,\"total_pages\":1},\"message\":\"Departments fetched successfully\",\"success\":true}"

**


**
Time      : 2026-07-27 13:49:59
Service   : Student
Method    : GET
Endpoint  : /students
Status    : 403

Request:
""

Response:
"{\"message\":\"Forbidden: you do not have permission to perform this action\",\"success\":false}"

**


**
Time      : 2026-07-27 13:50:01
Service   : Faculty
Method    : GET
Endpoint  : /faculties
Status    : 200

Request:
""

Response:
"{\"data\":{\"items\":[{\"id\":1,\"name\":\"Dr. Amit Anand\",\"gender\":\"Male\",\"joining_date\":\"2026-06-24T00:00:00+05:30\",\"department_id\":1,\"isactive\":true,\"students\":[{\"id\":1,\"name\":\"Rahul Kumar\",\"email\":\"rahul@example.com\",\"gender\":\"Male\",\"faculty_id\":1,\"isactive\":true,\"fees\":[{\"id\":1,\"payment_mode\":\"Online\",\"amount\":0,\"student_id\":1,\"isactive\":true}]},{\"id\":3,\"name\":\"Rahul Kumar\",\"email\":\"rahula@example.com\",\"gender\":\"Male\",\"faculty_id\":1,\"isactive\":true,\"fees\":[]}]},{\"id\":2,\"name\":\"Dr. Amit Anand\",\"gender\":\"Male\",\"joining_date\":\"2026-06-24T00:00:00+05:30\",\"department_id\":3,\"isactive\":true,\"students\":[{\"id\":2,\"name\":\"Rahul Kumar Sharma\",\"email\":\"rahul.sharma@example.com\",\"gender\":\"male\",\"faculty_id\":2,\"isactive\":true,\"fees\":[{\"id\":2,\"payment_mode\":\"Online\",\"amount\":0,\"student_id\":2,\"isactive\":true}]},{\"id\":4,\"name\":\"Rahul Kumar\",\"email\":\"raha@example.com\",\"gender\":\"Male\",\"faculty_id\":2,\"isactive\":true,\"fees\":[]},{\"id\":5,\"name\":\"Rahula Kumar\",\"email\":\"rahaaa@example.com\",\"gender\":\"Male\",\"faculty_id\":2,\"isactive\":true,\"fees\":[]}]},{\"id\":3,\"name\":\"Dr. Amit Anand\",\"gender\":\"Male\",\"joining_date\":\"2026-06-24T00:00:00+05:30\",\"department_id\":5,\"isactive\":true,\"students\":[{\"id\":6,\"name\":\"Rahula Kumar\",\"email\":\"raa@example.com\",\"gender\":\"Male\",\"faculty_id\":3,\"isactive\":true,\"fees\":[]},{\"id\":7,\"name\":\"Rahusla Kumar\",\"email\":\"radbshdsdiha@example.com\",\"gender\":\"Male\",\"faculty_id\":3,\"isactive\":true,\"fees\":[]},{\"id\":8,\"name\":\"Rarrhusla Kumar\",\"email\":\"rarrdbshdsdiha@example.com\",\"gender\":\"Male\",\"faculty_id\":3,\"isactive\":true,\"fees\":[]},{\"id\":9,\"name\":\"Rarrhuslddda Kumar\",\"email\":\"rarrdbshddsdiha@example.com\",\"gender\":\"Male\",\"faculty_id\":3,\"isactive\":true,\"fees\":[]}]}],\"limit\":10,\"page\":1,\"total_count\":3,\"total_pages\":1},\"message\":\"Faculties fetched successfully\",\"success\":true}"

**


**
Time      : 2026-07-27 13:50:03
Service   : Fees
Method    : GET
Endpoint  : /fees
Status    : 403

Request:
""

Response:
"{\"message\":\"Forbidden: you do not have permission to perform this action\",\"success\":false}"

**


**
Time      : 2026-07-27 13:50:07
Service   : Faculty
Method    : GET
Endpoint  : /faculties
Status    : 200

Request:
""

Response:
"{\"data\":{\"items\":[{\"id\":1,\"name\":\"Dr. Amit Anand\",\"gender\":\"Male\",\"joining_date\":\"2026-06-24T00:00:00+05:30\",\"department_id\":1,\"isactive\":true,\"students\":[{\"id\":1,\"name\":\"Rahul Kumar\",\"email\":\"rahul@example.com\",\"gender\":\"Male\",\"faculty_id\":1,\"isactive\":true,\"fees\":[{\"id\":1,\"payment_mode\":\"Online\",\"amount\":0,\"student_id\":1,\"isactive\":true}]},{\"id\":3,\"name\":\"Rahul Kumar\",\"email\":\"rahula@example.com\",\"gender\":\"Male\",\"faculty_id\":1,\"isactive\":true,\"fees\":[]}]},{\"id\":2,\"name\":\"Dr. Amit Anand\",\"gender\":\"Male\",\"joining_date\":\"2026-06-24T00:00:00+05:30\",\"department_id\":3,\"isactive\":true,\"students\":[{\"id\":2,\"name\":\"Rahul Kumar Sharma\",\"email\":\"rahul.sharma@example.com\",\"gender\":\"male\",\"faculty_id\":2,\"isactive\":true,\"fees\":[{\"id\":2,\"payment_mode\":\"Online\",\"amount\":0,\"student_id\":2,\"isactive\":true}]},{\"id\":4,\"name\":\"Rahul Kumar\",\"email\":\"raha@example.com\",\"gender\":\"Male\",\"faculty_id\":2,\"isactive\":true,\"fees\":[]},{\"id\":5,\"name\":\"Rahula Kumar\",\"email\":\"rahaaa@example.com\",\"gender\":\"Male\",\"faculty_id\":2,\"isactive\":true,\"fees\":[]}]},{\"id\":3,\"name\":\"Dr. Amit Anand\",\"gender\":\"Male\",\"joining_date\":\"2026-06-24T00:00:00+05:30\",\"department_id\":5,\"isactive\":true,\"students\":[{\"id\":6,\"name\":\"Rahula Kumar\",\"email\":\"raa@example.com\",\"gender\":\"Male\",\"faculty_id\":3,\"isactive\":true,\"fees\":[]},{\"id\":7,\"name\":\"Rahusla Kumar\",\"email\":\"radbshdsdiha@example.com\",\"gender\":\"Male\",\"faculty_id\":3,\"isactive\":true,\"fees\":[]},{\"id\":8,\"name\":\"Rarrhusla Kumar\",\"email\":\"rarrdbshdsdiha@example.com\",\"gender\":\"Male\",\"faculty_id\":3,\"isactive\":true,\"fees\":[]},{\"id\":9,\"name\":\"Rarrhuslddda Kumar\",\"email\":\"rarrdbshddsdiha@example.com\",\"gender\":\"Male\",\"faculty_id\":3,\"isactive\":true,\"fees\":[]}]}],\"limit\":10,\"page\":1,\"total_count\":3,\"total_pages\":1},\"message\":\"Faculties fetched successfully\",\"success\":true}"

**


**
Time      : 2026-07-27 13:50:09
Service   : Faculty
Method    : GET
Endpoint  : /faculties/1
Status    : 200

Request:
""

Response:
"{\"data\":{\"id\":1,\"name\":\"Dr. Amit Anand\",\"gender\":\"Male\",\"joining_date\":\"2026-06-24T00:00:00+05:30\",\"department_id\":1,\"isactive\":true,\"students\":[{\"id\":1,\"name\":\"Rahul Kumar\",\"email\":\"rahul@example.com\",\"gender\":\"Male\",\"faculty_id\":1,\"isactive\":true,\"fees\":[{\"id\":1,\"payment_mode\":\"Online\",\"amount\":0,\"student_id\":1,\"isactive\":true}]},{\"id\":3,\"name\":\"Rahul Kumar\",\"email\":\"rahula@example.com\",\"gender\":\"Male\",\"faculty_id\":1,\"isactive\":true,\"fees\":[]}]},\"message\":\"Faculty fetched successfully\",\"success\":true}"

**


**
Time      : 2026-07-27 13:50:14
Service   : Faculty
Method    : GET
Endpoint  : /faculties/1
Status    : 200

Request:
""

Response:
"{\"data\":{\"id\":1,\"name\":\"Dr. Amit Anand\",\"gender\":\"Male\",\"joining_date\":\"2026-06-24T00:00:00+05:30\",\"department_id\":1,\"isactive\":true,\"students\":[{\"id\":1,\"name\":\"Rahul Kumar\",\"email\":\"rahul@example.com\",\"gender\":\"Male\",\"faculty_id\":1,\"isactive\":true,\"fees\":[{\"id\":1,\"payment_mode\":\"Online\",\"amount\":0,\"student_id\":1,\"isactive\":true}]},{\"id\":3,\"name\":\"Rahul Kumar\",\"email\":\"rahula@example.com\",\"gender\":\"Male\",\"faculty_id\":1,\"isactive\":true,\"fees\":[]}]},\"message\":\"Faculty fetched successfully\",\"success\":true}"

**


**
Time      : 2026-07-27 13:50:21
Service   : Faculty
Method    : GET
Endpoint  : /faculties/1
Status    : 200

Request:
""

Response:
"{\"data\":{\"id\":1,\"name\":\"Dr. Amit Anand\",\"gender\":\"Male\",\"joining_date\":\"2026-06-24T00:00:00+05:30\",\"department_id\":1,\"isactive\":true,\"students\":[{\"id\":1,\"name\":\"Rahul Kumar\",\"email\":\"rahul@example.com\",\"gender\":\"Male\",\"faculty_id\":1,\"isactive\":true,\"fees\":[{\"id\":1,\"payment_mode\":\"Online\",\"amount\":0,\"student_id\":1,\"isactive\":true}]},{\"id\":3,\"name\":\"Rahul Kumar\",\"email\":\"rahula@example.com\",\"gender\":\"Male\",\"faculty_id\":1,\"isactive\":true,\"fees\":[]}]},\"message\":\"Faculty fetched successfully\",\"success\":true}"

**


**
Time      : 2026-07-27 13:50:39
Service   : Student
Method    : GET
Endpoint  : /students
Status    : 403

Request:
""

Response:
"{\"message\":\"Forbidden: you do not have permission to perform this action\",\"success\":false}"

**


**
Time      : 2026-07-27 13:50:55
Service   : General
Method    : POST
Endpoint  : /users/assign-role
Status    : 200

Request:
"{\n  \"user_id\": 113,\n  \"role\": \"faculty\"\n}"

Response:
"{\"data\":null,\"message\":\"Role assigned successfully\",\"success\":true}"

**


**
Time      : 2026-07-27 13:50:58
Service   : Department
Method    : GET
Endpoint  : /departments
Status    : 403

Request:
""

Response:
"{\"message\":\"Forbidden: you do not have permission to perform this action\",\"success\":false}"

**


**
Time      : 2026-07-27 13:51:00
Service   : Institution
Method    : GET
Endpoint  : /institutes/
Status    : 403

Request:
""

Response:
"{\"message\":\"Forbidden: you do not have permission to perform this action\",\"success\":false}"

**


**
Time      : 2026-07-27 13:51:01
Service   : Department
Method    : GET
Endpoint  : /departments
Status    : 403

Request:
""

Response:
"{\"message\":\"Forbidden: you do not have permission to perform this action\",\"success\":false}"

**


**
Time      : 2026-07-27 13:51:02
Service   : Faculty
Method    : GET
Endpoint  : /faculties
Status    : 200

Request:
""

Response:
"{\"data\":{\"items\":[{\"id\":1,\"name\":\"Dr. Amit Anand\",\"gender\":\"Male\",\"joining_date\":\"2026-06-24T00:00:00+05:30\",\"department_id\":1,\"isactive\":true,\"students\":[{\"id\":1,\"name\":\"Rahul Kumar\",\"email\":\"rahul@example.com\",\"gender\":\"Male\",\"faculty_id\":1,\"isactive\":true,\"fees\":[{\"id\":1,\"payment_mode\":\"Online\",\"amount\":0,\"student_id\":1,\"isactive\":true}]},{\"id\":3,\"name\":\"Rahul Kumar\",\"email\":\"rahula@example.com\",\"gender\":\"Male\",\"faculty_id\":1,\"isactive\":true,\"fees\":[]}]},{\"id\":2,\"name\":\"Dr. Amit Anand\",\"gender\":\"Male\",\"joining_date\":\"2026-06-24T00:00:00+05:30\",\"department_id\":3,\"isactive\":true,\"students\":[{\"id\":2,\"name\":\"Rahul Kumar Sharma\",\"email\":\"rahul.sharma@example.com\",\"gender\":\"male\",\"faculty_id\":2,\"isactive\":true,\"fees\":[{\"id\":2,\"payment_mode\":\"Online\",\"amount\":0,\"student_id\":2,\"isactive\":true}]},{\"id\":4,\"name\":\"Rahul Kumar\",\"email\":\"raha@example.com\",\"gender\":\"Male\",\"faculty_id\":2,\"isactive\":true,\"fees\":[]},{\"id\":5,\"name\":\"Rahula Kumar\",\"email\":\"rahaaa@example.com\",\"gender\":\"Male\",\"faculty_id\":2,\"isactive\":true,\"fees\":[]}]},{\"id\":3,\"name\":\"Dr. Amit Anand\",\"gender\":\"Male\",\"joining_date\":\"2026-06-24T00:00:00+05:30\",\"department_id\":5,\"isactive\":true,\"students\":[{\"id\":6,\"name\":\"Rahula Kumar\",\"email\":\"raa@example.com\",\"gender\":\"Male\",\"faculty_id\":3,\"isactive\":true,\"fees\":[]},{\"id\":7,\"name\":\"Rahusla Kumar\",\"email\":\"radbshdsdiha@example.com\",\"gender\":\"Male\",\"faculty_id\":3,\"isactive\":true,\"fees\":[]},{\"id\":8,\"name\":\"Rarrhusla Kumar\",\"email\":\"rarrdbshdsdiha@example.com\",\"gender\":\"Male\",\"faculty_id\":3,\"isactive\":true,\"fees\":[]},{\"id\":9,\"name\":\"Rarrhuslddda Kumar\",\"email\":\"rarrdbshddsdiha@example.com\",\"gender\":\"Male\",\"faculty_id\":3,\"isactive\":true,\"fees\":[]}]}],\"limit\":10,\"page\":1,\"total_count\":3,\"total_pages\":1},\"message\":\"Faculties fetched successfully\",\"success\":true}"

**


**
Time      : 2026-07-27 13:51:03
Service   : Fees
Method    : GET
Endpoint  : /fees
Status    : 403

Request:
""

Response:
"{\"message\":\"Forbidden: you do not have permission to perform this action\",\"success\":false}"

**


**
Time      : 2026-07-27 13:51:05
Service   : Faculty
Method    : GET
Endpoint  : /faculties
Status    : 200

Request:
""

Response:
"{\"data\":{\"items\":[{\"id\":1,\"name\":\"Dr. Amit Anand\",\"gender\":\"Male\",\"joining_date\":\"2026-06-24T00:00:00+05:30\",\"department_id\":1,\"isactive\":true,\"students\":[{\"id\":1,\"name\":\"Rahul Kumar\",\"email\":\"rahul@example.com\",\"gender\":\"Male\",\"faculty_id\":1,\"isactive\":true,\"fees\":[{\"id\":1,\"payment_mode\":\"Online\",\"amount\":0,\"student_id\":1,\"isactive\":true}]},{\"id\":3,\"name\":\"Rahul Kumar\",\"email\":\"rahula@example.com\",\"gender\":\"Male\",\"faculty_id\":1,\"isactive\":true,\"fees\":[]}]},{\"id\":2,\"name\":\"Dr. Amit Anand\",\"gender\":\"Male\",\"joining_date\":\"2026-06-24T00:00:00+05:30\",\"department_id\":3,\"isactive\":true,\"students\":[{\"id\":2,\"name\":\"Rahul Kumar Sharma\",\"email\":\"rahul.sharma@example.com\",\"gender\":\"male\",\"faculty_id\":2,\"isactive\":true,\"fees\":[{\"id\":2,\"payment_mode\":\"Online\",\"amount\":0,\"student_id\":2,\"isactive\":true}]},{\"id\":4,\"name\":\"Rahul Kumar\",\"email\":\"raha@example.com\",\"gender\":\"Male\",\"faculty_id\":2,\"isactive\":true,\"fees\":[]},{\"id\":5,\"name\":\"Rahula Kumar\",\"email\":\"rahaaa@example.com\",\"gender\":\"Male\",\"faculty_id\":2,\"isactive\":true,\"fees\":[]}]},{\"id\":3,\"name\":\"Dr. Amit Anand\",\"gender\":\"Male\",\"joining_date\":\"2026-06-24T00:00:00+05:30\",\"department_id\":5,\"isactive\":true,\"students\":[{\"id\":6,\"name\":\"Rahula Kumar\",\"email\":\"raa@example.com\",\"gender\":\"Male\",\"faculty_id\":3,\"isactive\":true,\"fees\":[]},{\"id\":7,\"name\":\"Rahusla Kumar\",\"email\":\"radbshdsdiha@example.com\",\"gender\":\"Male\",\"faculty_id\":3,\"isactive\":true,\"fees\":[]},{\"id\":8,\"name\":\"Rarrhusla Kumar\",\"email\":\"rarrdbshdsdiha@example.com\",\"gender\":\"Male\",\"faculty_id\":3,\"isactive\":true,\"fees\":[]},{\"id\":9,\"name\":\"Rarrhuslddda Kumar\",\"email\":\"rarrdbshddsdiha@example.com\",\"gender\":\"Male\",\"faculty_id\":3,\"isactive\":true,\"fees\":[]}]}],\"limit\":10,\"page\":1,\"total_count\":3,\"total_pages\":1},\"message\":\"Faculties fetched successfully\",\"success\":true}"

**


**
Time      : 2026-07-27 13:51:06
Service   : Student
Method    : GET
Endpoint  : /students
Status    : 403

Request:
""

Response:
"{\"message\":\"Forbidden: you do not have permission to perform this action\",\"success\":false}"

**


**
Time      : 2026-07-27 13:51:07
Service   : Department
Method    : GET
Endpoint  : /departments
Status    : 403

Request:
""

Response:
"{\"message\":\"Forbidden: you do not have permission to perform this action\",\"success\":false}"

**


**
Time      : 2026-07-27 13:51:08
Service   : Institution
Method    : GET
Endpoint  : /institutes/
Status    : 403

Request:
""

Response:
"{\"message\":\"Forbidden: you do not have permission to perform this action\",\"success\":false}"

**


**
Time      : 2026-07-27 13:51:10
Service   : Department
Method    : GET
Endpoint  : /departments
Status    : 403

Request:
""

Response:
"{\"message\":\"Forbidden: you do not have permission to perform this action\",\"success\":false}"

**


**
Time      : 2026-07-27 13:51:11
Service   : Student
Method    : GET
Endpoint  : /students
Status    : 403

Request:
""

Response:
"{\"message\":\"Forbidden: you do not have permission to perform this action\",\"success\":false}"

**


**
Time      : 2026-07-27 13:51:20
Service   : Institution
Method    : GET
Endpoint  : /institutes/
Status    : 403

Request:
""

Response:
"{\"message\":\"Forbidden: you do not have permission to perform this action\",\"success\":false}"

**


**
Time      : 2026-07-27 13:51:24
Service   : Department
Method    : GET
Endpoint  : /departments
Status    : 403

Request:
""

Response:
"{\"message\":\"Forbidden: you do not have permission to perform this action\",\"success\":false}"

**


**
Time      : 2026-07-27 13:51:27
Service   : Student
Method    : GET
Endpoint  : /students
Status    : 403

Request:
""

Response:
"{\"message\":\"Forbidden: you do not have permission to perform this action\",\"success\":false}"

**


**
Time      : 2026-07-27 13:51:29
Service   : Faculty
Method    : GET
Endpoint  : /faculties
Status    : 200

Request:
""

Response:
"{\"data\":{\"items\":[{\"id\":1,\"name\":\"Dr. Amit Anand\",\"gender\":\"Male\",\"joining_date\":\"2026-06-24T00:00:00+05:30\",\"department_id\":1,\"isactive\":true,\"students\":[{\"id\":1,\"name\":\"Rahul Kumar\",\"email\":\"rahul@example.com\",\"gender\":\"Male\",\"faculty_id\":1,\"isactive\":true,\"fees\":[{\"id\":1,\"payment_mode\":\"Online\",\"amount\":0,\"student_id\":1,\"isactive\":true}]},{\"id\":3,\"name\":\"Rahul Kumar\",\"email\":\"rahula@example.com\",\"gender\":\"Male\",\"faculty_id\":1,\"isactive\":true,\"fees\":[]}]},{\"id\":2,\"name\":\"Dr. Amit Anand\",\"gender\":\"Male\",\"joining_date\":\"2026-06-24T00:00:00+05:30\",\"department_id\":3,\"isactive\":true,\"students\":[{\"id\":2,\"name\":\"Rahul Kumar Sharma\",\"email\":\"rahul.sharma@example.com\",\"gender\":\"male\",\"faculty_id\":2,\"isactive\":true,\"fees\":[{\"id\":2,\"payment_mode\":\"Online\",\"amount\":0,\"student_id\":2,\"isactive\":true}]},{\"id\":4,\"name\":\"Rahul Kumar\",\"email\":\"raha@example.com\",\"gender\":\"Male\",\"faculty_id\":2,\"isactive\":true,\"fees\":[]},{\"id\":5,\"name\":\"Rahula Kumar\",\"email\":\"rahaaa@example.com\",\"gender\":\"Male\",\"faculty_id\":2,\"isactive\":true,\"fees\":[]}]},{\"id\":3,\"name\":\"Dr. Amit Anand\",\"gender\":\"Male\",\"joining_date\":\"2026-06-24T00:00:00+05:30\",\"department_id\":5,\"isactive\":true,\"students\":[{\"id\":6,\"name\":\"Rahula Kumar\",\"email\":\"raa@example.com\",\"gender\":\"Male\",\"faculty_id\":3,\"isactive\":true,\"fees\":[]},{\"id\":7,\"name\":\"Rahusla Kumar\",\"email\":\"radbshdsdiha@example.com\",\"gender\":\"Male\",\"faculty_id\":3,\"isactive\":true,\"fees\":[]},{\"id\":8,\"name\":\"Rarrhusla Kumar\",\"email\":\"rarrdbshdsdiha@example.com\",\"gender\":\"Male\",\"faculty_id\":3,\"isactive\":true,\"fees\":[]},{\"id\":9,\"name\":\"Rarrhuslddda Kumar\",\"email\":\"rarrdbshddsdiha@example.com\",\"gender\":\"Male\",\"faculty_id\":3,\"isactive\":true,\"fees\":[]}]}],\"limit\":10,\"page\":1,\"total_count\":3,\"total_pages\":1},\"message\":\"Faculties fetched successfully\",\"success\":true}"

**


**
Time      : 2026-07-27 13:51:35
Service   : Fees
Method    : GET
Endpoint  : /fees
Status    : 403

Request:
""

Response:
"{\"message\":\"Forbidden: you do not have permission to perform this action\",\"success\":false}"

**


**
Time      : 2026-07-27 13:51:36
Service   : Faculty
Method    : GET
Endpoint  : /faculties
Status    : 200

Request:
""

Response:
"{\"data\":{\"items\":[{\"id\":1,\"name\":\"Dr. Amit Anand\",\"gender\":\"Male\",\"joining_date\":\"2026-06-24T00:00:00+05:30\",\"department_id\":1,\"isactive\":true,\"students\":[{\"id\":1,\"name\":\"Rahul Kumar\",\"email\":\"rahul@example.com\",\"gender\":\"Male\",\"faculty_id\":1,\"isactive\":true,\"fees\":[{\"id\":1,\"payment_mode\":\"Online\",\"amount\":0,\"student_id\":1,\"isactive\":true}]},{\"id\":3,\"name\":\"Rahul Kumar\",\"email\":\"rahula@example.com\",\"gender\":\"Male\",\"faculty_id\":1,\"isactive\":true,\"fees\":[]}]},{\"id\":2,\"name\":\"Dr. Amit Anand\",\"gender\":\"Male\",\"joining_date\":\"2026-06-24T00:00:00+05:30\",\"department_id\":3,\"isactive\":true,\"students\":[{\"id\":2,\"name\":\"Rahul Kumar Sharma\",\"email\":\"rahul.sharma@example.com\",\"gender\":\"male\",\"faculty_id\":2,\"isactive\":true,\"fees\":[{\"id\":2,\"payment_mode\":\"Online\",\"amount\":0,\"student_id\":2,\"isactive\":true}]},{\"id\":4,\"name\":\"Rahul Kumar\",\"email\":\"raha@example.com\",\"gender\":\"Male\",\"faculty_id\":2,\"isactive\":true,\"fees\":[]},{\"id\":5,\"name\":\"Rahula Kumar\",\"email\":\"rahaaa@example.com\",\"gender\":\"Male\",\"faculty_id\":2,\"isactive\":true,\"fees\":[]}]},{\"id\":3,\"name\":\"Dr. Amit Anand\",\"gender\":\"Male\",\"joining_date\":\"2026-06-24T00:00:00+05:30\",\"department_id\":5,\"isactive\":true,\"students\":[{\"id\":6,\"name\":\"Rahula Kumar\",\"email\":\"raa@example.com\",\"gender\":\"Male\",\"faculty_id\":3,\"isactive\":true,\"fees\":[]},{\"id\":7,\"name\":\"Rahusla Kumar\",\"email\":\"radbshdsdiha@example.com\",\"gender\":\"Male\",\"faculty_id\":3,\"isactive\":true,\"fees\":[]},{\"id\":8,\"name\":\"Rarrhusla Kumar\",\"email\":\"rarrdbshdsdiha@example.com\",\"gender\":\"Male\",\"faculty_id\":3,\"isactive\":true,\"fees\":[]},{\"id\":9,\"name\":\"Rarrhuslddda Kumar\",\"email\":\"rarrdbshddsdiha@example.com\",\"gender\":\"Male\",\"faculty_id\":3,\"isactive\":true,\"fees\":[]}]}],\"limit\":10,\"page\":1,\"total_count\":3,\"total_pages\":1},\"message\":\"Faculties fetched successfully\",\"success\":true}"

**


**
Time      : 2026-07-27 13:51:37
Service   : Student
Method    : GET
Endpoint  : /students
Status    : 403

Request:
""

Response:
"{\"message\":\"Forbidden: you do not have permission to perform this action\",\"success\":false}"

**


**
Time      : 2026-07-27 13:52:00
Service   : General
Method    : POST
Endpoint  : /users/assign-role
Status    : 200

Request:
"{\n  \"user_id\": 113,\n  \"role\": \"principal\"\n}"

Response:
"{\"data\":null,\"message\":\"Role assigned successfully\",\"success\":true}"

**


**
Time      : 2026-07-27 13:52:03
Service   : Institution
Method    : GET
Endpoint  : /institutes/
Status    : 403

Request:
""

Response:
"{\"message\":\"Forbidden: you do not have permission to perform this action\",\"success\":false}"

**


**
Time      : 2026-07-27 13:52:05
Service   : Department
Method    : GET
Endpoint  : /departments
Status    : 200

Request:
""

Response:
"{\"data\":{\"items\":[{\"id\":1,\"department_name\":\"Manu\",\"institution_id\":2,\"isactive\":true,\"faculties\":[{\"id\":1,\"name\":\"Dr. Amit Anand\",\"gender\":\"Male\",\"joining_date\":\"2026-06-24T00:00:00+05:30\",\"department_id\":1,\"isactive\":true,\"students\":[{\"id\":1,\"name\":\"Rahul Kumar\",\"email\":\"rahul@example.com\",\"gender\":\"Male\",\"faculty_id\":1,\"isactive\":true,\"fees\":[{\"id\":1,\"payment_mode\":\"Online\",\"amount\":50000,\"student_id\":1,\"isactive\":true}]},{\"id\":3,\"name\":\"Rahul Kumar\",\"email\":\"rahula@example.com\",\"gender\":\"Male\",\"faculty_id\":1,\"isactive\":true,\"fees\":[]}]}]},{\"id\":2,\"department_name\":\"Manu\",\"institution_id\":3,\"isactive\":true,\"faculties\":[]},{\"id\":3,\"department_name\":\"Manu\",\"institution_id\":4,\"isactive\":true,\"faculties\":[{\"id\":2,\"name\":\"Dr. Amit Anand\",\"gender\":\"Male\",\"joining_date\":\"2026-06-24T00:00:00+05:30\",\"department_id\":3,\"isactive\":true,\"students\":[{\"id\":2,\"name\":\"Rahul Kumar Sharma\",\"email\":\"rahul.sharma@example.com\",\"gender\":\"male\",\"faculty_id\":2,\"isactive\":true,\"fees\":[{\"id\":2,\"payment_mode\":\"Online\",\"amount\":50000,\"student_id\":2,\"isactive\":true}]},{\"id\":4,\"name\":\"Rahul Kumar\",\"email\":\"raha@example.com\",\"gender\":\"Male\",\"faculty_id\":2,\"isactive\":true,\"fees\":[]},{\"id\":5,\"name\":\"Rahula Kumar\",\"email\":\"rahaaa@example.com\",\"gender\":\"Male\",\"faculty_id\":2,\"isactive\":true,\"fees\":[]}]}]},{\"id\":4,\"department_name\":\"Manu\",\"institution_id\":16,\"isactive\":true,\"faculties\":[]},{\"id\":5,\"department_name\":\"Manu\",\"institution_id\":5,\"isactive\":true,\"faculties\":[{\"id\":3,\"name\":\"Dr. Amit Anand\",\"gender\":\"Male\",\"joining_date\":\"2026-06-24T00:00:00+05:30\",\"department_id\":5,\"isactive\":true,\"students\":[{\"id\":6,\"name\":\"Rahula Kumar\",\"email\":\"raa@example.com\",\"gender\":\"Male\",\"faculty_id\":3,\"isactive\":true,\"fees\":[]},{\"id\":7,\"name\":\"Rahusla Kumar\",\"email\":\"radbshdsdiha@example.com\",\"gender\":\"Male\",\"faculty_id\":3,\"isactive\":true,\"fees\":[]},{\"id\":8,\"name\":\"Rarrhusla Kumar\",\"email\":\"rarrdbshdsdiha@example.com\",\"gender\":\"Male\",\"faculty_id\":3,\"isactive\":true,\"fees\":[]},{\"id\":9,\"name\":\"Rarrhuslddda Kumar\",\"email\":\"rarrdbshddsdiha@example.com\",\"gender\":\"Male\",\"faculty_id\":3,\"isactive\":true,\"fees\":[]}]}]},{\"id\":6,\"department_name\":\"IT\",\"institution_id\":19,\"isactive\":true,\"faculties\":[]}],\"limit\":10,\"page\":1,\"total_count\":6,\"total_pages\":1},\"message\":\"Departments fetched successfully\",\"success\":true}"

**


**
Time      : 2026-07-27 13:52:07
Service   : Student
Method    : GET
Endpoint  : /students
Status    : 403

Request:
""

Response:
"{\"message\":\"Forbidden: you do not have permission to perform this action\",\"success\":false}"

**


**
Time      : 2026-07-27 13:52:08
Service   : Department
Method    : GET
Endpoint  : /departments
Status    : 200

Request:
""

Response:
"{\"data\":{\"items\":[{\"id\":1,\"department_name\":\"Manu\",\"institution_id\":2,\"isactive\":true,\"faculties\":[{\"id\":1,\"name\":\"Dr. Amit Anand\",\"gender\":\"Male\",\"joining_date\":\"2026-06-24T00:00:00+05:30\",\"department_id\":1,\"isactive\":true,\"students\":[{\"id\":1,\"name\":\"Rahul Kumar\",\"email\":\"rahul@example.com\",\"gender\":\"Male\",\"faculty_id\":1,\"isactive\":true,\"fees\":[{\"id\":1,\"payment_mode\":\"Online\",\"amount\":50000,\"student_id\":1,\"isactive\":true}]},{\"id\":3,\"name\":\"Rahul Kumar\",\"email\":\"rahula@example.com\",\"gender\":\"Male\",\"faculty_id\":1,\"isactive\":true,\"fees\":[]}]}]},{\"id\":2,\"department_name\":\"Manu\",\"institution_id\":3,\"isactive\":true,\"faculties\":[]},{\"id\":3,\"department_name\":\"Manu\",\"institution_id\":4,\"isactive\":true,\"faculties\":[{\"id\":2,\"name\":\"Dr. Amit Anand\",\"gender\":\"Male\",\"joining_date\":\"2026-06-24T00:00:00+05:30\",\"department_id\":3,\"isactive\":true,\"students\":[{\"id\":2,\"name\":\"Rahul Kumar Sharma\",\"email\":\"rahul.sharma@example.com\",\"gender\":\"male\",\"faculty_id\":2,\"isactive\":true,\"fees\":[{\"id\":2,\"payment_mode\":\"Online\",\"amount\":50000,\"student_id\":2,\"isactive\":true}]},{\"id\":4,\"name\":\"Rahul Kumar\",\"email\":\"raha@example.com\",\"gender\":\"Male\",\"faculty_id\":2,\"isactive\":true,\"fees\":[]},{\"id\":5,\"name\":\"Rahula Kumar\",\"email\":\"rahaaa@example.com\",\"gender\":\"Male\",\"faculty_id\":2,\"isactive\":true,\"fees\":[]}]}]},{\"id\":4,\"department_name\":\"Manu\",\"institution_id\":16,\"isactive\":true,\"faculties\":[]},{\"id\":5,\"department_name\":\"Manu\",\"institution_id\":5,\"isactive\":true,\"faculties\":[{\"id\":3,\"name\":\"Dr. Amit Anand\",\"gender\":\"Male\",\"joining_date\":\"2026-06-24T00:00:00+05:30\",\"department_id\":5,\"isactive\":true,\"students\":[{\"id\":6,\"name\":\"Rahula Kumar\",\"email\":\"raa@example.com\",\"gender\":\"Male\",\"faculty_id\":3,\"isactive\":true,\"fees\":[]},{\"id\":7,\"name\":\"Rahusla Kumar\",\"email\":\"radbshdsdiha@example.com\",\"gender\":\"Male\",\"faculty_id\":3,\"isactive\":true,\"fees\":[]},{\"id\":8,\"name\":\"Rarrhusla Kumar\",\"email\":\"rarrdbshdsdiha@example.com\",\"gender\":\"Male\",\"faculty_id\":3,\"isactive\":true,\"fees\":[]},{\"id\":9,\"name\":\"Rarrhuslddda Kumar\",\"email\":\"rarrdbshddsdiha@example.com\",\"gender\":\"Male\",\"faculty_id\":3,\"isactive\":true,\"fees\":[]}]}]},{\"id\":6,\"department_name\":\"IT\",\"institution_id\":19,\"isactive\":true,\"faculties\":[]}],\"limit\":10,\"page\":1,\"total_count\":6,\"total_pages\":1},\"message\":\"Departments fetched successfully\",\"success\":true}"

**


**
Time      : 2026-07-27 13:52:17
Service   : Department
Method    : GET
Endpoint  : /departments/6
Status    : 200

Request:
""

Response:
"{\"data\":{\"id\":6,\"department_name\":\"IT\",\"institution_id\":19,\"isactive\":true,\"faculties\":[]},\"message\":\"Department fetched successfully\",\"success\":true}"

**


**
Time      : 2026-07-27 13:52:43
Service   : General
Method    : POST
Endpoint  : /logout
Status    : 200

Request:
"{\"user_id\":113,\"refresh_token\":\"eyJhbGciOiJIUzI1NiIsInR5cCI6IkpXVCJ9.eyJleHAiOjE3ODc3MzIyMjcsImlhdCI6MTc4NTE0MDIyNywic2Vzc2lvbl9pZCI6IjZkMTE2Yzk3LTM4MGQtNDc4NS1iM2NlLWFjZTEzZjU3NDcxMyIsInVzZXJfaWQiOjExM30.DMiBcTbQ_9P5JEkM9BA_KUUmSYhQLqZJmpe4nlkUvgI\"}"

Response:
"{\"data\":null,\"message\":\"Logout successful\",\"success\":true}"

**


**
Time      : 2026-07-27 13:52:54
Service   : Auth
Method    : POST
Endpoint  : /signin
Status    : 200

Request:
"[REDACTED/SENSITIVE]"

Response:
"{\"data\":{\"access_token\":\"eyJhbGciOiJIUzI1NiIsInR5cCI6IkpXVCJ9.eyJleHAiOjE3ODUxNDE0NzQsImlhdCI6MTc4NTE0MDU3NCwic2Vzc2lvbl9pZCI6IjY4NTE0NmJmLTEwOGYtNGU3Ny1hMzk1LTRiMWI1ZmI2ZmUzNiIsInVzZXJfaWQiOjk0fQ.2MOMcRv65HqYiOpQCWzSikWRemy3zmr7RR3WJC8BFW0\",\"refresh_token\":\"eyJhbGciOiJIUzI1NiIsInR5cCI6IkpXVCJ9.eyJleHAiOjE3ODc3MzI1NzQsImlhdCI6MTc4NTE0MDU3NCwic2Vzc2lvbl9pZCI6IjY4NTE0NmJmLTEwOGYtNGU3Ny1hMzk1LTRiMWI1ZmI2ZmUzNiIsInVzZXJfaWQiOjk0fQ.U-qrUIJmfeUmDq1JNhiRq0nN-B8IzucO8SBulCuMcF0\",\"user_id\":94,\"session_id\":\"685146bf-108f-4e77-a395-4b1b5fb6fe36\"},\"message\":\"Signed in successfully\",\"success\":true}"

**


**
Time      : 2026-07-27 13:52:54
Service   : Institution
Method    : GET
Endpoint  : /institutes/
Status    : 200

Request:
""

Response:
"{\"data\":{\"items\":[{\"id\":3,\"name\":\"Anna\",\"institution_code\":\"sw51001\",\"state\":\"Tamil Nadu\",\"isactive\":true,\"departments\":[{\"id\":2,\"department_name\":\"Manu\",\"institution_id\":3,\"isactive\":true,\"faculties\":[]}]},{\"id\":4,\"name\":\"Anna University Main Campus\",\"institution_code\":\"AU1001-M\",\"state\":\"Tamil Nadu\",\"isactive\":true,\"departments\":[{\"id\":3,\"department_name\":\"Manu\",\"institution_id\":4,\"isactive\":true,\"faculties\":[{\"id\":2,\"name\":\"Dr. Amit Anand\",\"gender\":\"Male\",\"joining_date\":\"2026-06-24T00:00:00+05:30\",\"department_id\":3,\"isactive\":true,\"students\":[{\"id\":2,\"name\":\"Rahul Kumar Sharma\",\"email\":\"rahul.sharma@example.com\",\"gender\":\"male\",\"faculty_id\":2,\"isactive\":true,\"fees\":[{\"id\":2,\"payment_mode\":\"Online\",\"amount\":50000,\"student_id\":2,\"isactive\":true}]},{\"id\":4,\"name\":\"Rahul Kumar\",\"email\":\"raha@example.com\",\"gender\":\"Male\",\"faculty_id\":2,\"isactive\":true,\"fees\":[]},{\"id\":5,\"name\":\"Rahula Kumar\",\"email\":\"rahaaa@example.com\",\"gender\":\"Male\",\"faculty_id\":2,\"isactive\":true,\"fees\":[]}]}]}]},{\"id\":5,\"name\":\"Annas\",\"institution_code\":\"SW01001\",\"state\":\"Tamil Nadu\",\"isactive\":true,\"departments\":[{\"id\":5,\"department_name\":\"Manu\",\"institution_id\":5,\"isactive\":true,\"faculties\":[{\"id\":3,\"name\":\"Dr. Amit Anand\",\"gender\":\"Male\",\"joining_date\":\"2026-06-24T00:00:00+05:30\",\"department_id\":5,\"isactive\":true,\"students\":[{\"id\":6,\"name\":\"Rahula Kumar\",\"email\":\"raa@example.com\",\"gender\":\"Male\",\"faculty_id\":3,\"isactive\":true,\"fees\":[]},{\"id\":7,\"name\":\"Rahusla Kumar\",\"email\":\"radbshdsdiha@example.com\",\"gender\":\"Male\",\"faculty_id\":3,\"isactive\":true,\"fees\":[]},{\"id\":8,\"name\":\"Rarrhusla Kumar\",\"email\":\"rarrdbshdsdiha@example.com\",\"gender\":\"Male\",\"faculty_id\":3,\"isactive\":true,\"fees\":[]},{\"id\":9,\"name\":\"Rarrhuslddda Kumar\",\"email\":\"rarrdbshddsdiha@example.com\",\"gender\":\"Male\",\"faculty_id\":3,\"isactive\":true,\"fees\":[]}]}]}]},{\"id\":6,\"name\":\"Annasw\",\"institution_code\":\"SW018001\",\"state\":\"Tamil Nadu\",\"isactive\":true,\"departments\":[]},{\"id\":7,\"name\":\"Annass\",\"institution_code\":\"SW77789454\",\"state\":\"Tamil Nadu\",\"isactive\":true,\"departments\":[]},{\"id\":8,\"name\":\"Annassww\",\"institution_code\":\"SW778545489454\",\"state\":\"Tamil Nadu\",\"isactive\":true,\"departments\":[]},{\"id\":10,\"name\":\"Aw\",\"institution_code\":\"78545489454\",\"state\":\"Tamil Nadu\",\"isactive\":true,\"departments\":[]},{\"id\":11,\"name\":\"A5w\",\"institution_code\":\"dnjds\",\"state\":\"Tamil Nadu\",\"isactive\":true,\"departments\":[]},{\"id\":12,\"name\":\"A5DDw\",\"institution_code\":\"dnDjds\",\"state\":\"Tamil Nadu\",\"isactive\":true,\"departments\":[]},{\"id\":13,\"name\":\"A5DDwBB\",\"institution_code\":\"dnDjBBs\",\"state\":\"Tamil Nadu\",\"isactive\":true,\"departments\":[]}],\"limit\":10,\"page\":1,\"total_count\":16,\"total_pages\":2},\"message\":\"Institutes fetched successfully\",\"success\":true}"

**


**
Time      : 2026-07-27 13:52:57
Service   : Department
Method    : GET
Endpoint  : /departments
Status    : 200

Request:
""

Response:
"{\"data\":{\"items\":[{\"id\":1,\"department_name\":\"Manu\",\"institution_id\":2,\"isactive\":true,\"faculties\":[{\"id\":1,\"name\":\"Dr. Amit Anand\",\"gender\":\"Male\",\"joining_date\":\"2026-06-24T00:00:00+05:30\",\"department_id\":1,\"isactive\":true,\"students\":[{\"id\":1,\"name\":\"Rahul Kumar\",\"email\":\"rahul@example.com\",\"gender\":\"Male\",\"faculty_id\":1,\"isactive\":true,\"fees\":[{\"id\":1,\"payment_mode\":\"Online\",\"amount\":50000,\"student_id\":1,\"isactive\":true}]},{\"id\":3,\"name\":\"Rahul Kumar\",\"email\":\"rahula@example.com\",\"gender\":\"Male\",\"faculty_id\":1,\"isactive\":true,\"fees\":[]}]}]},{\"id\":2,\"department_name\":\"Manu\",\"institution_id\":3,\"isactive\":true,\"faculties\":[]},{\"id\":3,\"department_name\":\"Manu\",\"institution_id\":4,\"isactive\":true,\"faculties\":[{\"id\":2,\"name\":\"Dr. Amit Anand\",\"gender\":\"Male\",\"joining_date\":\"2026-06-24T00:00:00+05:30\",\"department_id\":3,\"isactive\":true,\"students\":[{\"id\":2,\"name\":\"Rahul Kumar Sharma\",\"email\":\"rahul.sharma@example.com\",\"gender\":\"male\",\"faculty_id\":2,\"isactive\":true,\"fees\":[{\"id\":2,\"payment_mode\":\"Online\",\"amount\":50000,\"student_id\":2,\"isactive\":true}]},{\"id\":4,\"name\":\"Rahul Kumar\",\"email\":\"raha@example.com\",\"gender\":\"Male\",\"faculty_id\":2,\"isactive\":true,\"fees\":[]},{\"id\":5,\"name\":\"Rahula Kumar\",\"email\":\"rahaaa@example.com\",\"gender\":\"Male\",\"faculty_id\":2,\"isactive\":true,\"fees\":[]}]}]},{\"id\":4,\"department_name\":\"Manu\",\"institution_id\":16,\"isactive\":true,\"faculties\":[]},{\"id\":5,\"department_name\":\"Manu\",\"institution_id\":5,\"isactive\":true,\"faculties\":[{\"id\":3,\"name\":\"Dr. Amit Anand\",\"gender\":\"Male\",\"joining_date\":\"2026-06-24T00:00:00+05:30\",\"department_id\":5,\"isactive\":true,\"students\":[{\"id\":6,\"name\":\"Rahula Kumar\",\"email\":\"raa@example.com\",\"gender\":\"Male\",\"faculty_id\":3,\"isactive\":true,\"fees\":[]},{\"id\":7,\"name\":\"Rahusla Kumar\",\"email\":\"radbshdsdiha@example.com\",\"gender\":\"Male\",\"faculty_id\":3,\"isactive\":true,\"fees\":[]},{\"id\":8,\"name\":\"Rarrhusla Kumar\",\"email\":\"rarrdbshdsdiha@example.com\",\"gender\":\"Male\",\"faculty_id\":3,\"isactive\":true,\"fees\":[]},{\"id\":9,\"name\":\"Rarrhuslddda Kumar\",\"email\":\"rarrdbshddsdiha@example.com\",\"gender\":\"Male\",\"faculty_id\":3,\"isactive\":true,\"fees\":[]}]}]},{\"id\":6,\"department_name\":\"IT\",\"institution_id\":19,\"isactive\":true,\"faculties\":[]}],\"limit\":10,\"page\":1,\"total_count\":6,\"total_pages\":1},\"message\":\"Departments fetched successfully\",\"success\":true}"

**


**
Time      : 2026-07-27 13:52:58
Service   : Student
Method    : GET
Endpoint  : /students
Status    : 200

Request:
""

Response:
"{\"data\":{\"items\":[{\"id\":1,\"name\":\"Rahul Kumar\",\"email\":\"rahul@example.com\",\"gender\":\"Male\",\"faculty_id\":1,\"isactive\":true,\"fees\":[{\"id\":1,\"payment_mode\":\"Online\",\"amount\":50000,\"student_id\":1,\"isactive\":true}]},{\"id\":2,\"name\":\"Rahul Kumar Sharma\",\"email\":\"rahul.sharma@example.com\",\"gender\":\"male\",\"faculty_id\":2,\"isactive\":true,\"fees\":[{\"id\":2,\"payment_mode\":\"Online\",\"amount\":50000,\"student_id\":2,\"isactive\":true}]},{\"id\":3,\"name\":\"Rahul Kumar\",\"email\":\"rahula@example.com\",\"gender\":\"Male\",\"faculty_id\":1,\"isactive\":true,\"fees\":[]},{\"id\":4,\"name\":\"Rahul Kumar\",\"email\":\"raha@example.com\",\"gender\":\"Male\",\"faculty_id\":2,\"isactive\":true,\"fees\":[]},{\"id\":5,\"name\":\"Rahula Kumar\",\"email\":\"rahaaa@example.com\",\"gender\":\"Male\",\"faculty_id\":2,\"isactive\":true,\"fees\":[]},{\"id\":6,\"name\":\"Rahula Kumar\",\"email\":\"raa@example.com\",\"gender\":\"Male\",\"faculty_id\":3,\"isactive\":true,\"fees\":[]},{\"id\":7,\"name\":\"Rahusla Kumar\",\"email\":\"radbshdsdiha@example.com\",\"gender\":\"Male\",\"faculty_id\":3,\"isactive\":true,\"fees\":[]},{\"id\":8,\"name\":\"Rarrhusla Kumar\",\"email\":\"rarrdbshdsdiha@example.com\",\"gender\":\"Male\",\"faculty_id\":3,\"isactive\":true,\"fees\":[]},{\"id\":9,\"name\":\"Rarrhuslddda Kumar\",\"email\":\"rarrdbshddsdiha@example.com\",\"gender\":\"Male\",\"faculty_id\":3,\"isactive\":true,\"fees\":[]}],\"limit\":10,\"page\":1,\"total_count\":9,\"total_pages\":1},\"message\":\"Students fetched successfully\",\"success\":true}"

**


**
Time      : 2026-07-27 13:52:59
Service   : Student
Method    : GET
Endpoint  : /students
Status    : 200

Request:
""

Response:
"{\"data\":{\"items\":[{\"id\":1,\"name\":\"Rahul Kumar\",\"email\":\"rahul@example.com\",\"gender\":\"Male\",\"faculty_id\":1,\"isactive\":true,\"fees\":[{\"id\":1,\"payment_mode\":\"Online\",\"amount\":50000,\"student_id\":1,\"isactive\":true}]},{\"id\":2,\"name\":\"Rahul Kumar Sharma\",\"email\":\"rahul.sharma@example.com\",\"gender\":\"male\",\"faculty_id\":2,\"isactive\":true,\"fees\":[{\"id\":2,\"payment_mode\":\"Online\",\"amount\":50000,\"student_id\":2,\"isactive\":true}]},{\"id\":3,\"name\":\"Rahul Kumar\",\"email\":\"rahula@example.com\",\"gender\":\"Male\",\"faculty_id\":1,\"isactive\":true,\"fees\":[]},{\"id\":4,\"name\":\"Rahul Kumar\",\"email\":\"raha@example.com\",\"gender\":\"Male\",\"faculty_id\":2,\"isactive\":true,\"fees\":[]},{\"id\":5,\"name\":\"Rahula Kumar\",\"email\":\"rahaaa@example.com\",\"gender\":\"Male\",\"faculty_id\":2,\"isactive\":true,\"fees\":[]},{\"id\":6,\"name\":\"Rahula Kumar\",\"email\":\"raa@example.com\",\"gender\":\"Male\",\"faculty_id\":3,\"isactive\":true,\"fees\":[]},{\"id\":7,\"name\":\"Rahusla Kumar\",\"email\":\"radbshdsdiha@example.com\",\"gender\":\"Male\",\"faculty_id\":3,\"isactive\":true,\"fees\":[]},{\"id\":8,\"name\":\"Rarrhusla Kumar\",\"email\":\"rarrdbshdsdiha@example.com\",\"gender\":\"Male\",\"faculty_id\":3,\"isactive\":true,\"fees\":[]},{\"id\":9,\"name\":\"Rarrhuslddda Kumar\",\"email\":\"rarrdbshddsdiha@example.com\",\"gender\":\"Male\",\"faculty_id\":3,\"isactive\":true,\"fees\":[]}],\"limit\":10,\"page\":1,\"total_count\":9,\"total_pages\":1},\"message\":\"Students fetched successfully\",\"success\":true}"

**


**
Time      : 2026-07-27 13:53:01
Service   : Student
Method    : GET
Endpoint  : /students/2
Status    : 200

Request:
""

Response:
"{\"data\":{\"id\":2,\"name\":\"Rahul Kumar Sharma\",\"email\":\"rahul.sharma@example.com\",\"gender\":\"male\",\"faculty_id\":2,\"isactive\":true,\"fees\":[{\"id\":2,\"payment_mode\":\"Online\",\"amount\":50000,\"student_id\":2,\"isactive\":true}]},\"message\":\"Student fetched successfully\",\"success\":true}"

**


**
Time      : 2026-07-27 13:53:08
Service   : Faculty
Method    : GET
Endpoint  : /faculties
Status    : 200

Request:
""

Response:
"{\"data\":{\"items\":[{\"id\":1,\"name\":\"Dr. Amit Anand\",\"gender\":\"Male\",\"joining_date\":\"2026-06-24T00:00:00+05:30\",\"department_id\":1,\"isactive\":true,\"students\":[{\"id\":1,\"name\":\"Rahul Kumar\",\"email\":\"rahul@example.com\",\"gender\":\"Male\",\"faculty_id\":1,\"isactive\":true,\"fees\":[{\"id\":1,\"payment_mode\":\"Online\",\"amount\":0,\"student_id\":1,\"isactive\":true}]},{\"id\":3,\"name\":\"Rahul Kumar\",\"email\":\"rahula@example.com\",\"gender\":\"Male\",\"faculty_id\":1,\"isactive\":true,\"fees\":[]}]},{\"id\":2,\"name\":\"Dr. Amit Anand\",\"gender\":\"Male\",\"joining_date\":\"2026-06-24T00:00:00+05:30\",\"department_id\":3,\"isactive\":true,\"students\":[{\"id\":2,\"name\":\"Rahul Kumar Sharma\",\"email\":\"rahul.sharma@example.com\",\"gender\":\"male\",\"faculty_id\":2,\"isactive\":true,\"fees\":[{\"id\":2,\"payment_mode\":\"Online\",\"amount\":0,\"student_id\":2,\"isactive\":true}]},{\"id\":4,\"name\":\"Rahul Kumar\",\"email\":\"raha@example.com\",\"gender\":\"Male\",\"faculty_id\":2,\"isactive\":true,\"fees\":[]},{\"id\":5,\"name\":\"Rahula Kumar\",\"email\":\"rahaaa@example.com\",\"gender\":\"Male\",\"faculty_id\":2,\"isactive\":true,\"fees\":[]}]},{\"id\":3,\"name\":\"Dr. Amit Anand\",\"gender\":\"Male\",\"joining_date\":\"2026-06-24T00:00:00+05:30\",\"department_id\":5,\"isactive\":true,\"students\":[{\"id\":6,\"name\":\"Rahula Kumar\",\"email\":\"raa@example.com\",\"gender\":\"Male\",\"faculty_id\":3,\"isactive\":true,\"fees\":[]},{\"id\":7,\"name\":\"Rahusla Kumar\",\"email\":\"radbshdsdiha@example.com\",\"gender\":\"Male\",\"faculty_id\":3,\"isactive\":true,\"fees\":[]},{\"id\":8,\"name\":\"Rarrhusla Kumar\",\"email\":\"rarrdbshdsdiha@example.com\",\"gender\":\"Male\",\"faculty_id\":3,\"isactive\":true,\"fees\":[]},{\"id\":9,\"name\":\"Rarrhuslddda Kumar\",\"email\":\"rarrdbshddsdiha@example.com\",\"gender\":\"Male\",\"faculty_id\":3,\"isactive\":true,\"fees\":[]}]}],\"limit\":10,\"page\":1,\"total_count\":3,\"total_pages\":1},\"message\":\"Faculties fetched successfully\",\"success\":true}"

**


**
Time      : 2026-07-27 13:53:11
Service   : Fees
Method    : GET
Endpoint  : /fees
Status    : 200

Request:
""

Response:
"{\"data\":{\"items\":[{\"id\":1,\"payment_mode\":\"Online\",\"amount\":50000,\"student_id\":1,\"isactive\":true},{\"id\":2,\"payment_mode\":\"Online\",\"amount\":50000,\"student_id\":2,\"isactive\":true}],\"limit\":10,\"page\":1,\"total_count\":2,\"total_pages\":1},\"message\":\"Fees fetched successfully\",\"success\":true}"

**


**
Time      : 2026-07-27 13:53:19
Service   : Faculty
Method    : GET
Endpoint  : /faculties
Status    : 200

Request:
""

Response:
"{\"data\":{\"items\":[{\"id\":1,\"name\":\"Dr. Amit Anand\",\"gender\":\"Male\",\"joining_date\":\"2026-06-24T00:00:00+05:30\",\"department_id\":1,\"isactive\":true,\"students\":[{\"id\":1,\"name\":\"Rahul Kumar\",\"email\":\"rahul@example.com\",\"gender\":\"Male\",\"faculty_id\":1,\"isactive\":true,\"fees\":[{\"id\":1,\"payment_mode\":\"Online\",\"amount\":0,\"student_id\":1,\"isactive\":true}]},{\"id\":3,\"name\":\"Rahul Kumar\",\"email\":\"rahula@example.com\",\"gender\":\"Male\",\"faculty_id\":1,\"isactive\":true,\"fees\":[]}]},{\"id\":2,\"name\":\"Dr. Amit Anand\",\"gender\":\"Male\",\"joining_date\":\"2026-06-24T00:00:00+05:30\",\"department_id\":3,\"isactive\":true,\"students\":[{\"id\":2,\"name\":\"Rahul Kumar Sharma\",\"email\":\"rahul.sharma@example.com\",\"gender\":\"male\",\"faculty_id\":2,\"isactive\":true,\"fees\":[{\"id\":2,\"payment_mode\":\"Online\",\"amount\":0,\"student_id\":2,\"isactive\":true}]},{\"id\":4,\"name\":\"Rahul Kumar\",\"email\":\"raha@example.com\",\"gender\":\"Male\",\"faculty_id\":2,\"isactive\":true,\"fees\":[]},{\"id\":5,\"name\":\"Rahula Kumar\",\"email\":\"rahaaa@example.com\",\"gender\":\"Male\",\"faculty_id\":2,\"isactive\":true,\"fees\":[]}]},{\"id\":3,\"name\":\"Dr. Amit Anand\",\"gender\":\"Male\",\"joining_date\":\"2026-06-24T00:00:00+05:30\",\"department_id\":5,\"isactive\":true,\"students\":[{\"id\":6,\"name\":\"Rahula Kumar\",\"email\":\"raa@example.com\",\"gender\":\"Male\",\"faculty_id\":3,\"isactive\":true,\"fees\":[]},{\"id\":7,\"name\":\"Rahusla Kumar\",\"email\":\"radbshdsdiha@example.com\",\"gender\":\"Male\",\"faculty_id\":3,\"isactive\":true,\"fees\":[]},{\"id\":8,\"name\":\"Rarrhusla Kumar\",\"email\":\"rarrdbshdsdiha@example.com\",\"gender\":\"Male\",\"faculty_id\":3,\"isactive\":true,\"fees\":[]},{\"id\":9,\"name\":\"Rarrhuslddda Kumar\",\"email\":\"rarrdbshddsdiha@example.com\",\"gender\":\"Male\",\"faculty_id\":3,\"isactive\":true,\"fees\":[]}]}],\"limit\":10,\"page\":1,\"total_count\":3,\"total_pages\":1},\"message\":\"Faculties fetched successfully\",\"success\":true}"

**


**
Time      : 2026-07-27 13:53:20
Service   : Student
Method    : GET
Endpoint  : /students
Status    : 200

Request:
""

Response:
"{\"data\":{\"items\":[{\"id\":1,\"name\":\"Rahul Kumar\",\"email\":\"rahul@example.com\",\"gender\":\"Male\",\"faculty_id\":1,\"isactive\":true,\"fees\":[{\"id\":1,\"payment_mode\":\"Online\",\"amount\":50000,\"student_id\":1,\"isactive\":true}]},{\"id\":2,\"name\":\"Rahul Kumar Sharma\",\"email\":\"rahul.sharma@example.com\",\"gender\":\"male\",\"faculty_id\":2,\"isactive\":true,\"fees\":[{\"id\":2,\"payment_mode\":\"Online\",\"amount\":50000,\"student_id\":2,\"isactive\":true}]},{\"id\":3,\"name\":\"Rahul Kumar\",\"email\":\"rahula@example.com\",\"gender\":\"Male\",\"faculty_id\":1,\"isactive\":true,\"fees\":[]},{\"id\":4,\"name\":\"Rahul Kumar\",\"email\":\"raha@example.com\",\"gender\":\"Male\",\"faculty_id\":2,\"isactive\":true,\"fees\":[]},{\"id\":5,\"name\":\"Rahula Kumar\",\"email\":\"rahaaa@example.com\",\"gender\":\"Male\",\"faculty_id\":2,\"isactive\":true,\"fees\":[]},{\"id\":6,\"name\":\"Rahula Kumar\",\"email\":\"raa@example.com\",\"gender\":\"Male\",\"faculty_id\":3,\"isactive\":true,\"fees\":[]},{\"id\":7,\"name\":\"Rahusla Kumar\",\"email\":\"radbshdsdiha@example.com\",\"gender\":\"Male\",\"faculty_id\":3,\"isactive\":true,\"fees\":[]},{\"id\":8,\"name\":\"Rarrhusla Kumar\",\"email\":\"rarrdbshdsdiha@example.com\",\"gender\":\"Male\",\"faculty_id\":3,\"isactive\":true,\"fees\":[]},{\"id\":9,\"name\":\"Rarrhuslddda Kumar\",\"email\":\"rarrdbshddsdiha@example.com\",\"gender\":\"Male\",\"faculty_id\":3,\"isactive\":true,\"fees\":[]}],\"limit\":10,\"page\":1,\"total_count\":9,\"total_pages\":1},\"message\":\"Students fetched successfully\",\"success\":true}"

**


**
Time      : 2026-07-27 13:53:25
Service   : Institution
Method    : GET
Endpoint  : /institutes/
Status    : 200

Request:
""

Response:
"{\"data\":{\"items\":[{\"id\":3,\"name\":\"Anna\",\"institution_code\":\"sw51001\",\"state\":\"Tamil Nadu\",\"isactive\":true,\"departments\":[{\"id\":2,\"department_name\":\"Manu\",\"institution_id\":3,\"isactive\":true,\"faculties\":[]}]},{\"id\":4,\"name\":\"Anna University Main Campus\",\"institution_code\":\"AU1001-M\",\"state\":\"Tamil Nadu\",\"isactive\":true,\"departments\":[{\"id\":3,\"department_name\":\"Manu\",\"institution_id\":4,\"isactive\":true,\"faculties\":[{\"id\":2,\"name\":\"Dr. Amit Anand\",\"gender\":\"Male\",\"joining_date\":\"2026-06-24T00:00:00+05:30\",\"department_id\":3,\"isactive\":true,\"students\":[{\"id\":2,\"name\":\"Rahul Kumar Sharma\",\"email\":\"rahul.sharma@example.com\",\"gender\":\"male\",\"faculty_id\":2,\"isactive\":true,\"fees\":[{\"id\":2,\"payment_mode\":\"Online\",\"amount\":50000,\"student_id\":2,\"isactive\":true}]},{\"id\":4,\"name\":\"Rahul Kumar\",\"email\":\"raha@example.com\",\"gender\":\"Male\",\"faculty_id\":2,\"isactive\":true,\"fees\":[]},{\"id\":5,\"name\":\"Rahula Kumar\",\"email\":\"rahaaa@example.com\",\"gender\":\"Male\",\"faculty_id\":2,\"isactive\":true,\"fees\":[]}]}]}]},{\"id\":5,\"name\":\"Annas\",\"institution_code\":\"SW01001\",\"state\":\"Tamil Nadu\",\"isactive\":true,\"departments\":[{\"id\":5,\"department_name\":\"Manu\",\"institution_id\":5,\"isactive\":true,\"faculties\":[{\"id\":3,\"name\":\"Dr. Amit Anand\",\"gender\":\"Male\",\"joining_date\":\"2026-06-24T00:00:00+05:30\",\"department_id\":5,\"isactive\":true,\"students\":[{\"id\":6,\"name\":\"Rahula Kumar\",\"email\":\"raa@example.com\",\"gender\":\"Male\",\"faculty_id\":3,\"isactive\":true,\"fees\":[]},{\"id\":7,\"name\":\"Rahusla Kumar\",\"email\":\"radbshdsdiha@example.com\",\"gender\":\"Male\",\"faculty_id\":3,\"isactive\":true,\"fees\":[]},{\"id\":8,\"name\":\"Rarrhusla Kumar\",\"email\":\"rarrdbshdsdiha@example.com\",\"gender\":\"Male\",\"faculty_id\":3,\"isactive\":true,\"fees\":[]},{\"id\":9,\"name\":\"Rarrhuslddda Kumar\",\"email\":\"rarrdbshddsdiha@example.com\",\"gender\":\"Male\",\"faculty_id\":3,\"isactive\":true,\"fees\":[]}]}]}]},{\"id\":6,\"name\":\"Annasw\",\"institution_code\":\"SW018001\",\"state\":\"Tamil Nadu\",\"isactive\":true,\"departments\":[]},{\"id\":7,\"name\":\"Annass\",\"institution_code\":\"SW77789454\",\"state\":\"Tamil Nadu\",\"isactive\":true,\"departments\":[]},{\"id\":8,\"name\":\"Annassww\",\"institution_code\":\"SW778545489454\",\"state\":\"Tamil Nadu\",\"isactive\":true,\"departments\":[]},{\"id\":10,\"name\":\"Aw\",\"institution_code\":\"78545489454\",\"state\":\"Tamil Nadu\",\"isactive\":true,\"departments\":[]},{\"id\":11,\"name\":\"A5w\",\"institution_code\":\"dnjds\",\"state\":\"Tamil Nadu\",\"isactive\":true,\"departments\":[]},{\"id\":12,\"name\":\"A5DDw\",\"institution_code\":\"dnDjds\",\"state\":\"Tamil Nadu\",\"isactive\":true,\"departments\":[]},{\"id\":13,\"name\":\"A5DDwBB\",\"institution_code\":\"dnDjBBs\",\"state\":\"Tamil Nadu\",\"isactive\":true,\"departments\":[]}],\"limit\":10,\"page\":1,\"total_count\":16,\"total_pages\":2},\"message\":\"Institutes fetched successfully\",\"success\":true}"

**


**
Time      : 2026-07-27 13:54:26
Service   : Student
Method    : GET
Endpoint  : /students
Status    : 200

Request:
""

Response:
"{\"data\":{\"items\":[{\"id\":1,\"name\":\"Rahul Kumar\",\"email\":\"rahul@example.com\",\"gender\":\"Male\",\"faculty_id\":1,\"isactive\":true,\"fees\":[{\"id\":1,\"payment_mode\":\"Online\",\"amount\":50000,\"student_id\":1,\"isactive\":true}]},{\"id\":2,\"name\":\"Rahul Kumar Sharma\",\"email\":\"rahul.sharma@example.com\",\"gender\":\"male\",\"faculty_id\":2,\"isactive\":true,\"fees\":[{\"id\":2,\"payment_mode\":\"Online\",\"amount\":50000,\"student_id\":2,\"isactive\":true}]},{\"id\":3,\"name\":\"Rahul Kumar\",\"email\":\"rahula@example.com\",\"gender\":\"Male\",\"faculty_id\":1,\"isactive\":true,\"fees\":[]},{\"id\":4,\"name\":\"Rahul Kumar\",\"email\":\"raha@example.com\",\"gender\":\"Male\",\"faculty_id\":2,\"isactive\":true,\"fees\":[]},{\"id\":5,\"name\":\"Rahula Kumar\",\"email\":\"rahaaa@example.com\",\"gender\":\"Male\",\"faculty_id\":2,\"isactive\":true,\"fees\":[]},{\"id\":6,\"name\":\"Rahula Kumar\",\"email\":\"raa@example.com\",\"gender\":\"Male\",\"faculty_id\":3,\"isactive\":true,\"fees\":[]},{\"id\":7,\"name\":\"Rahusla Kumar\",\"email\":\"radbshdsdiha@example.com\",\"gender\":\"Male\",\"faculty_id\":3,\"isactive\":true,\"fees\":[]},{\"id\":8,\"name\":\"Rarrhusla Kumar\",\"email\":\"rarrdbshdsdiha@example.com\",\"gender\":\"Male\",\"faculty_id\":3,\"isactive\":true,\"fees\":[]},{\"id\":9,\"name\":\"Rarrhuslddda Kumar\",\"email\":\"rarrdbshddsdiha@example.com\",\"gender\":\"Male\",\"faculty_id\":3,\"isactive\":true,\"fees\":[]}],\"limit\":10,\"page\":1,\"total_count\":9,\"total_pages\":1},\"message\":\"Students fetched successfully\",\"success\":true}"

**


**
Time      : 2026-07-27 13:54:52
Service   : Student
Method    : POST
Endpoint  : /students
Status    : 200

Request:
"{\"name\":\"Saple\",\"email\":\"saple@gmail.com\",\"gender\":\"Male\",\"faculty_id\":3}"

Response:
"{\"data\":{\"id\":10,\"name\":\"Saple\",\"email\":\"saple@gmail.com\",\"gender\":\"Male\",\"faculty_id\":3,\"isactive\":true,\"fees\":[]},\"message\":\"Student created successfully\",\"success\":true}"

**


**
Time      : 2026-07-27 13:54:52
Service   : Student
Method    : GET
Endpoint  : /students
Status    : 200

Request:
""

Response:
"{\"data\":{\"items\":[{\"id\":1,\"name\":\"Rahul Kumar\",\"email\":\"rahul@example.com\",\"gender\":\"Male\",\"faculty_id\":1,\"isactive\":true,\"fees\":[{\"id\":1,\"payment_mode\":\"Online\",\"amount\":50000,\"student_id\":1,\"isactive\":true}]},{\"id\":2,\"name\":\"Rahul Kumar Sharma\",\"email\":\"rahul.sharma@example.com\",\"gender\":\"male\",\"faculty_id\":2,\"isactive\":true,\"fees\":[{\"id\":2,\"payment_mode\":\"Online\",\"amount\":50000,\"student_id\":2,\"isactive\":true}]},{\"id\":3,\"name\":\"Rahul Kumar\",\"email\":\"rahula@example.com\",\"gender\":\"Male\",\"faculty_id\":1,\"isactive\":true,\"fees\":[]},{\"id\":4,\"name\":\"Rahul Kumar\",\"email\":\"raha@example.com\",\"gender\":\"Male\",\"faculty_id\":2,\"isactive\":true,\"fees\":[]},{\"id\":5,\"name\":\"Rahula Kumar\",\"email\":\"rahaaa@example.com\",\"gender\":\"Male\",\"faculty_id\":2,\"isactive\":true,\"fees\":[]},{\"id\":6,\"name\":\"Rahula Kumar\",\"email\":\"raa@example.com\",\"gender\":\"Male\",\"faculty_id\":3,\"isactive\":true,\"fees\":[]},{\"id\":7,\"name\":\"Rahusla Kumar\",\"email\":\"radbshdsdiha@example.com\",\"gender\":\"Male\",\"faculty_id\":3,\"isactive\":true,\"fees\":[]},{\"id\":8,\"name\":\"Rarrhusla Kumar\",\"email\":\"rarrdbshdsdiha@example.com\",\"gender\":\"Male\",\"faculty_id\":3,\"isactive\":true,\"fees\":[]},{\"id\":9,\"name\":\"Rarrhuslddda Kumar\",\"email\":\"rarrdbshddsdiha@example.com\",\"gender\":\"Male\",\"faculty_id\":3,\"isactive\":true,\"fees\":[]},{\"id\":10,\"name\":\"Saple\",\"email\":\"saple@gmail.com\",\"gender\":\"Male\",\"faculty_id\":3,\"isactive\":true,\"fees\":[]}],\"limit\":10,\"page\":1,\"total_count\":10,\"total_pages\":1},\"message\":\"Students fetched successfully\",\"success\":true}"

**


**
Time      : 2026-07-27 13:55:15
Service   : Student
Method    : GET
Endpoint  : /students
Status    : 200

Request:
""

Response:
"{\"data\":{\"items\":[{\"id\":1,\"name\":\"Rahul Kumar\",\"email\":\"rahul@example.com\",\"gender\":\"Male\",\"faculty_id\":1,\"isactive\":true,\"fees\":[{\"id\":1,\"payment_mode\":\"Online\",\"amount\":50000,\"student_id\":1,\"isactive\":true}]},{\"id\":2,\"name\":\"Rahul Kumar Sharma\",\"email\":\"rahul.sharma@example.com\",\"gender\":\"male\",\"faculty_id\":2,\"isactive\":true,\"fees\":[{\"id\":2,\"payment_mode\":\"Online\",\"amount\":50000,\"student_id\":2,\"isactive\":true}]},{\"id\":3,\"name\":\"Rahul Kumar\",\"email\":\"rahula@example.com\",\"gender\":\"Male\",\"faculty_id\":1,\"isactive\":true,\"fees\":[]},{\"id\":4,\"name\":\"Rahul Kumar\",\"email\":\"raha@example.com\",\"gender\":\"Male\",\"faculty_id\":2,\"isactive\":true,\"fees\":[]},{\"id\":5,\"name\":\"Rahula Kumar\",\"email\":\"rahaaa@example.com\",\"gender\":\"Male\",\"faculty_id\":2,\"isactive\":true,\"fees\":[]}],\"limit\":5,\"page\":1,\"total_count\":10,\"total_pages\":2},\"message\":\"Students fetched successfully\",\"success\":true}"

**


**
Time      : 2026-07-27 13:55:18
Service   : Student
Method    : GET
Endpoint  : /students
Status    : 200

Request:
""

Response:
"{\"data\":{\"items\":[{\"id\":1,\"name\":\"Rahul Kumar\",\"email\":\"rahul@example.com\",\"gender\":\"Male\",\"faculty_id\":1,\"isactive\":true,\"fees\":[{\"id\":1,\"payment_mode\":\"Online\",\"amount\":50000,\"student_id\":1,\"isactive\":true}]},{\"id\":2,\"name\":\"Rahul Kumar Sharma\",\"email\":\"rahul.sharma@example.com\",\"gender\":\"male\",\"faculty_id\":2,\"isactive\":true,\"fees\":[{\"id\":2,\"payment_mode\":\"Online\",\"amount\":50000,\"student_id\":2,\"isactive\":true}]},{\"id\":3,\"name\":\"Rahul Kumar\",\"email\":\"rahula@example.com\",\"gender\":\"Male\",\"faculty_id\":1,\"isactive\":true,\"fees\":[]},{\"id\":4,\"name\":\"Rahul Kumar\",\"email\":\"raha@example.com\",\"gender\":\"Male\",\"faculty_id\":2,\"isactive\":true,\"fees\":[]},{\"id\":5,\"name\":\"Rahula Kumar\",\"email\":\"rahaaa@example.com\",\"gender\":\"Male\",\"faculty_id\":2,\"isactive\":true,\"fees\":[]},{\"id\":6,\"name\":\"Rahula Kumar\",\"email\":\"raa@example.com\",\"gender\":\"Male\",\"faculty_id\":3,\"isactive\":true,\"fees\":[]},{\"id\":7,\"name\":\"Rahusla Kumar\",\"email\":\"radbshdsdiha@example.com\",\"gender\":\"Male\",\"faculty_id\":3,\"isactive\":true,\"fees\":[]},{\"id\":8,\"name\":\"Rarrhusla Kumar\",\"email\":\"rarrdbshdsdiha@example.com\",\"gender\":\"Male\",\"faculty_id\":3,\"isactive\":true,\"fees\":[]},{\"id\":9,\"name\":\"Rarrhuslddda Kumar\",\"email\":\"rarrdbshddsdiha@example.com\",\"gender\":\"Male\",\"faculty_id\":3,\"isactive\":true,\"fees\":[]},{\"id\":10,\"name\":\"Saple\",\"email\":\"saple@gmail.com\",\"gender\":\"Male\",\"faculty_id\":3,\"isactive\":true,\"fees\":[]}],\"limit\":10,\"page\":1,\"total_count\":10,\"total_pages\":1},\"message\":\"Students fetched successfully\",\"success\":true}"

**


**
Time      : 2026-07-27 13:55:24
Service   : Student
Method    : GET
Endpoint  : /students
Status    : 200

Request:
""

Response:
"{\"data\":{\"items\":[{\"id\":1,\"name\":\"Rahul Kumar\",\"email\":\"rahul@example.com\",\"gender\":\"Male\",\"faculty_id\":1,\"isactive\":true,\"fees\":[{\"id\":1,\"payment_mode\":\"Online\",\"amount\":50000,\"student_id\":1,\"isactive\":true}]},{\"id\":2,\"name\":\"Rahul Kumar Sharma\",\"email\":\"rahul.sharma@example.com\",\"gender\":\"male\",\"faculty_id\":2,\"isactive\":true,\"fees\":[{\"id\":2,\"payment_mode\":\"Online\",\"amount\":50000,\"student_id\":2,\"isactive\":true}]},{\"id\":3,\"name\":\"Rahul Kumar\",\"email\":\"rahula@example.com\",\"gender\":\"Male\",\"faculty_id\":1,\"isactive\":true,\"fees\":[]},{\"id\":4,\"name\":\"Rahul Kumar\",\"email\":\"raha@example.com\",\"gender\":\"Male\",\"faculty_id\":2,\"isactive\":true,\"fees\":[]},{\"id\":5,\"name\":\"Rahula Kumar\",\"email\":\"rahaaa@example.com\",\"gender\":\"Male\",\"faculty_id\":2,\"isactive\":true,\"fees\":[]}],\"limit\":5,\"page\":1,\"total_count\":10,\"total_pages\":2},\"message\":\"Students fetched successfully\",\"success\":true}"

**


**
Time      : 2026-07-27 13:55:26
Service   : General
Method    : POST
Endpoint  : /logout
Status    : 200

Request:
"{\"user_id\":94,\"refresh_token\":\"eyJhbGciOiJIUzI1NiIsInR5cCI6IkpXVCJ9.eyJleHAiOjE3ODc3MzI1NzQsImlhdCI6MTc4NTE0MDU3NCwic2Vzc2lvbl9pZCI6IjY4NTE0NmJmLTEwOGYtNGU3Ny1hMzk1LTRiMWI1ZmI2ZmUzNiIsInVzZXJfaWQiOjk0fQ.U-qrUIJmfeUmDq1JNhiRq0nN-B8IzucO8SBulCuMcF0\"}"

Response:
"{\"data\":null,\"message\":\"Logout successful\",\"success\":true}"

**


**
Time      : 2026-07-27 13:55:30
Service   : Auth
Method    : POST
Endpoint  : /signin
Status    : 200

Request:
"[REDACTED/SENSITIVE]"

Response:
"{\"data\":{\"access_token\":\"eyJhbGciOiJIUzI1NiIsInR5cCI6IkpXVCJ9.eyJleHAiOjE3ODUxNDE2MzAsImlhdCI6MTc4NTE0MDczMCwic2Vzc2lvbl9pZCI6IjY3NmFhZTFhLWNhMjYtNGQ1Yy1iYjc2LTFjZTA4YzkwYzI5YiIsInVzZXJfaWQiOjk0fQ.oYLW_3i8M2gzZsOq13CSmdZ3JcoE5trLnMsktffbdi8\",\"refresh_token\":\"eyJhbGciOiJIUzI1NiIsInR5cCI6IkpXVCJ9.eyJleHAiOjE3ODc3MzI3MzAsImlhdCI6MTc4NTE0MDczMCwic2Vzc2lvbl9pZCI6IjY3NmFhZTFhLWNhMjYtNGQ1Yy1iYjc2LTFjZTA4YzkwYzI5YiIsInVzZXJfaWQiOjk0fQ.rn8R0E2LBwrk4E62PVX0HqgIpmiBHJ2E-p9fOauix2I\",\"user_id\":94,\"session_id\":\"676aae1a-ca26-4d5c-bb76-1ce08c90c29b\"},\"message\":\"Signed in successfully\",\"success\":true}"

**


**
Time      : 2026-07-27 13:55:30
Service   : Institution
Method    : GET
Endpoint  : /institutes/
Status    : 200

Request:
""

Response:
"{\"data\":{\"items\":[{\"id\":3,\"name\":\"Anna\",\"institution_code\":\"sw51001\",\"state\":\"Tamil Nadu\",\"isactive\":true,\"departments\":[{\"id\":2,\"department_name\":\"Manu\",\"institution_id\":3,\"isactive\":true,\"faculties\":[]}]},{\"id\":4,\"name\":\"Anna University Main Campus\",\"institution_code\":\"AU1001-M\",\"state\":\"Tamil Nadu\",\"isactive\":true,\"departments\":[{\"id\":3,\"department_name\":\"Manu\",\"institution_id\":4,\"isactive\":true,\"faculties\":[{\"id\":2,\"name\":\"Dr. Amit Anand\",\"gender\":\"Male\",\"joining_date\":\"2026-06-24T00:00:00+05:30\",\"department_id\":3,\"isactive\":true,\"students\":[{\"id\":2,\"name\":\"Rahul Kumar Sharma\",\"email\":\"rahul.sharma@example.com\",\"gender\":\"male\",\"faculty_id\":2,\"isactive\":true,\"fees\":[{\"id\":2,\"payment_mode\":\"Online\",\"amount\":50000,\"student_id\":2,\"isactive\":true}]},{\"id\":4,\"name\":\"Rahul Kumar\",\"email\":\"raha@example.com\",\"gender\":\"Male\",\"faculty_id\":2,\"isactive\":true,\"fees\":[]},{\"id\":5,\"name\":\"Rahula Kumar\",\"email\":\"rahaaa@example.com\",\"gender\":\"Male\",\"faculty_id\":2,\"isactive\":true,\"fees\":[]}]}]}]},{\"id\":5,\"name\":\"Annas\",\"institution_code\":\"SW01001\",\"state\":\"Tamil Nadu\",\"isactive\":true,\"departments\":[{\"id\":5,\"department_name\":\"Manu\",\"institution_id\":5,\"isactive\":true,\"faculties\":[{\"id\":3,\"name\":\"Dr. Amit Anand\",\"gender\":\"Male\",\"joining_date\":\"2026-06-24T00:00:00+05:30\",\"department_id\":5,\"isactive\":true,\"students\":[{\"id\":6,\"name\":\"Rahula Kumar\",\"email\":\"raa@example.com\",\"gender\":\"Male\",\"faculty_id\":3,\"isactive\":true,\"fees\":[]},{\"id\":7,\"name\":\"Rahusla Kumar\",\"email\":\"radbshdsdiha@example.com\",\"gender\":\"Male\",\"faculty_id\":3,\"isactive\":true,\"fees\":[]},{\"id\":8,\"name\":\"Rarrhusla Kumar\",\"email\":\"rarrdbshdsdiha@example.com\",\"gender\":\"Male\",\"faculty_id\":3,\"isactive\":true,\"fees\":[]},{\"id\":9,\"name\":\"Rarrhuslddda Kumar\",\"email\":\"rarrdbshddsdiha@example.com\",\"gender\":\"Male\",\"faculty_id\":3,\"isactive\":true,\"fees\":[]},{\"id\":10,\"name\":\"Saple\",\"email\":\"saple@gmail.com\",\"gender\":\"Male\",\"faculty_id\":3,\"isactive\":true,\"fees\":[]}]}]}]},{\"id\":6,\"name\":\"Annasw\",\"institution_code\":\"SW018001\",\"state\":\"Tamil Nadu\",\"isactive\":true,\"departments\":[]},{\"id\":7,\"name\":\"Annass\",\"institution_code\":\"SW77789454\",\"state\":\"Tamil Nadu\",\"isactive\":true,\"departments\":[]},{\"id\":8,\"name\":\"Annassww\",\"institution_code\":\"SW778545489454\",\"state\":\"Tamil Nadu\",\"isactive\":true,\"departments\":[]},{\"id\":10,\"name\":\"Aw\",\"institution_code\":\"78545489454\",\"state\":\"Tamil Nadu\",\"isactive\":true,\"departments\":[]},{\"id\":11,\"name\":\"A5w\",\"institution_code\":\"dnjds\",\"state\":\"Tamil Nadu\",\"isactive\":true,\"departments\":[]},{\"id\":12,\"name\":\"A5DDw\",\"institution_code\":\"dnDjds\",\"state\":\"Tamil Nadu\",\"isactive\":true,\"departments\":[]},{\"id\":13,\"name\":\"A5DDwBB\",\"institution_code\":\"dnDjBBs\",\"state\":\"Tamil Nadu\",\"isactive\":true,\"departments\":[]}],\"limit\":10,\"page\":1,\"total_count\":16,\"total_pages\":2},\"message\":\"Institutes fetched successfully\",\"success\":true}"

**


**
Time      : 2026-07-27 13:55:32
Service   : Department
Method    : GET
Endpoint  : /departments
Status    : 200

Request:
""

Response:
"{\"data\":{\"items\":[{\"id\":1,\"department_name\":\"Manu\",\"institution_id\":2,\"isactive\":true,\"faculties\":[{\"id\":1,\"name\":\"Dr. Amit Anand\",\"gender\":\"Male\",\"joining_date\":\"2026-06-24T00:00:00+05:30\",\"department_id\":1,\"isactive\":true,\"students\":[{\"id\":1,\"name\":\"Rahul Kumar\",\"email\":\"rahul@example.com\",\"gender\":\"Male\",\"faculty_id\":1,\"isactive\":true,\"fees\":[{\"id\":1,\"payment_mode\":\"Online\",\"amount\":50000,\"student_id\":1,\"isactive\":true}]},{\"id\":3,\"name\":\"Rahul Kumar\",\"email\":\"rahula@example.com\",\"gender\":\"Male\",\"faculty_id\":1,\"isactive\":true,\"fees\":[]}]}]},{\"id\":2,\"department_name\":\"Manu\",\"institution_id\":3,\"isactive\":true,\"faculties\":[]},{\"id\":3,\"department_name\":\"Manu\",\"institution_id\":4,\"isactive\":true,\"faculties\":[{\"id\":2,\"name\":\"Dr. Amit Anand\",\"gender\":\"Male\",\"joining_date\":\"2026-06-24T00:00:00+05:30\",\"department_id\":3,\"isactive\":true,\"students\":[{\"id\":2,\"name\":\"Rahul Kumar Sharma\",\"email\":\"rahul.sharma@example.com\",\"gender\":\"male\",\"faculty_id\":2,\"isactive\":true,\"fees\":[{\"id\":2,\"payment_mode\":\"Online\",\"amount\":50000,\"student_id\":2,\"isactive\":true}]},{\"id\":4,\"name\":\"Rahul Kumar\",\"email\":\"raha@example.com\",\"gender\":\"Male\",\"faculty_id\":2,\"isactive\":true,\"fees\":[]},{\"id\":5,\"name\":\"Rahula Kumar\",\"email\":\"rahaaa@example.com\",\"gender\":\"Male\",\"faculty_id\":2,\"isactive\":true,\"fees\":[]}]}]},{\"id\":4,\"department_name\":\"Manu\",\"institution_id\":16,\"isactive\":true,\"faculties\":[]},{\"id\":5,\"department_name\":\"Manu\",\"institution_id\":5,\"isactive\":true,\"faculties\":[{\"id\":3,\"name\":\"Dr. Amit Anand\",\"gender\":\"Male\",\"joining_date\":\"2026-06-24T00:00:00+05:30\",\"department_id\":5,\"isactive\":true,\"students\":[{\"id\":6,\"name\":\"Rahula Kumar\",\"email\":\"raa@example.com\",\"gender\":\"Male\",\"faculty_id\":3,\"isactive\":true,\"fees\":[]},{\"id\":7,\"name\":\"Rahusla Kumar\",\"email\":\"radbshdsdiha@example.com\",\"gender\":\"Male\",\"faculty_id\":3,\"isactive\":true,\"fees\":[]},{\"id\":8,\"name\":\"Rarrhusla Kumar\",\"email\":\"rarrdbshdsdiha@example.com\",\"gender\":\"Male\",\"faculty_id\":3,\"isactive\":true,\"fees\":[]},{\"id\":9,\"name\":\"Rarrhuslddda Kumar\",\"email\":\"rarrdbshddsdiha@example.com\",\"gender\":\"Male\",\"faculty_id\":3,\"isactive\":true,\"fees\":[]},{\"id\":10,\"name\":\"Saple\",\"email\":\"saple@gmail.com\",\"gender\":\"Male\",\"faculty_id\":3,\"isactive\":true,\"fees\":[]}]}]},{\"id\":6,\"department_name\":\"IT\",\"institution_id\":19,\"isactive\":true,\"faculties\":[]}],\"limit\":10,\"page\":1,\"total_count\":6,\"total_pages\":1},\"message\":\"Departments fetched successfully\",\"success\":true}"

**


**
Time      : 2026-07-27 13:55:36
Service   : Fees
Method    : GET
Endpoint  : /fees
Status    : 200

Request:
""

Response:
"{\"data\":{\"items\":[{\"id\":1,\"payment_mode\":\"Online\",\"amount\":50000,\"student_id\":1,\"isactive\":true},{\"id\":2,\"payment_mode\":\"Online\",\"amount\":50000,\"student_id\":2,\"isactive\":true}],\"limit\":10,\"page\":1,\"total_count\":2,\"total_pages\":1},\"message\":\"Fees fetched successfully\",\"success\":true}"

**


**
Time      : 2026-07-27 13:56:37
Service   : Institution
Method    : GET
Endpoint  : /institutes/
Status    : 200

Request:
""

Response:
"{\"data\":{\"items\":[{\"id\":3,\"name\":\"Anna\",\"institution_code\":\"sw51001\",\"state\":\"Tamil Nadu\",\"isactive\":true,\"departments\":[{\"id\":2,\"department_name\":\"Manu\",\"institution_id\":3,\"isactive\":true,\"faculties\":[]}]},{\"id\":4,\"name\":\"Anna University Main Campus\",\"institution_code\":\"AU1001-M\",\"state\":\"Tamil Nadu\",\"isactive\":true,\"departments\":[{\"id\":3,\"department_name\":\"Manu\",\"institution_id\":4,\"isactive\":true,\"faculties\":[{\"id\":2,\"name\":\"Dr. Amit Anand\",\"gender\":\"Male\",\"joining_date\":\"2026-06-24T00:00:00+05:30\",\"department_id\":3,\"isactive\":true,\"students\":[{\"id\":2,\"name\":\"Rahul Kumar Sharma\",\"email\":\"rahul.sharma@example.com\",\"gender\":\"male\",\"faculty_id\":2,\"isactive\":true,\"fees\":[{\"id\":2,\"payment_mode\":\"Online\",\"amount\":50000,\"student_id\":2,\"isactive\":true}]},{\"id\":4,\"name\":\"Rahul Kumar\",\"email\":\"raha@example.com\",\"gender\":\"Male\",\"faculty_id\":2,\"isactive\":true,\"fees\":[]},{\"id\":5,\"name\":\"Rahula Kumar\",\"email\":\"rahaaa@example.com\",\"gender\":\"Male\",\"faculty_id\":2,\"isactive\":true,\"fees\":[]}]}]}]},{\"id\":5,\"name\":\"Annas\",\"institution_code\":\"SW01001\",\"state\":\"Tamil Nadu\",\"isactive\":true,\"departments\":[{\"id\":5,\"department_name\":\"Manu\",\"institution_id\":5,\"isactive\":true,\"faculties\":[{\"id\":3,\"name\":\"Dr. Amit Anand\",\"gender\":\"Male\",\"joining_date\":\"2026-06-24T00:00:00+05:30\",\"department_id\":5,\"isactive\":true,\"students\":[{\"id\":6,\"name\":\"Rahula Kumar\",\"email\":\"raa@example.com\",\"gender\":\"Male\",\"faculty_id\":3,\"isactive\":true,\"fees\":[]},{\"id\":7,\"name\":\"Rahusla Kumar\",\"email\":\"radbshdsdiha@example.com\",\"gender\":\"Male\",\"faculty_id\":3,\"isactive\":true,\"fees\":[]},{\"id\":8,\"name\":\"Rarrhusla Kumar\",\"email\":\"rarrdbshdsdiha@example.com\",\"gender\":\"Male\",\"faculty_id\":3,\"isactive\":true,\"fees\":[]},{\"id\":9,\"name\":\"Rarrhuslddda Kumar\",\"email\":\"rarrdbshddsdiha@example.com\",\"gender\":\"Male\",\"faculty_id\":3,\"isactive\":true,\"fees\":[]},{\"id\":10,\"name\":\"Saple\",\"email\":\"saple@gmail.com\",\"gender\":\"Male\",\"faculty_id\":3,\"isactive\":true,\"fees\":[]}]}]}]},{\"id\":6,\"name\":\"Annasw\",\"institution_code\":\"SW018001\",\"state\":\"Tamil Nadu\",\"isactive\":true,\"departments\":[]},{\"id\":7,\"name\":\"Annass\",\"institution_code\":\"SW77789454\",\"state\":\"Tamil Nadu\",\"isactive\":true,\"departments\":[]},{\"id\":8,\"name\":\"Annassww\",\"institution_code\":\"SW778545489454\",\"state\":\"Tamil Nadu\",\"isactive\":true,\"departments\":[]},{\"id\":10,\"name\":\"Aw\",\"institution_code\":\"78545489454\",\"state\":\"Tamil Nadu\",\"isactive\":true,\"departments\":[]},{\"id\":11,\"name\":\"A5w\",\"institution_code\":\"dnjds\",\"state\":\"Tamil Nadu\",\"isactive\":true,\"departments\":[]},{\"id\":12,\"name\":\"A5DDw\",\"institution_code\":\"dnDjds\",\"state\":\"Tamil Nadu\",\"isactive\":true,\"departments\":[]},{\"id\":13,\"name\":\"A5DDwBB\",\"institution_code\":\"dnDjBBs\",\"state\":\"Tamil Nadu\",\"isactive\":true,\"departments\":[]}],\"limit\":10,\"page\":1,\"total_count\":16,\"total_pages\":2},\"message\":\"Institutes fetched successfully\",\"success\":true}"

**


**
Time      : 2026-07-27 13:56:39
Service   : Department
Method    : GET
Endpoint  : /departments
Status    : 200

Request:
""

Response:
"{\"data\":{\"items\":[{\"id\":1,\"department_name\":\"Manu\",\"institution_id\":2,\"isactive\":true,\"faculties\":[{\"id\":1,\"name\":\"Dr. Amit Anand\",\"gender\":\"Male\",\"joining_date\":\"2026-06-24T00:00:00+05:30\",\"department_id\":1,\"isactive\":true,\"students\":[{\"id\":1,\"name\":\"Rahul Kumar\",\"email\":\"rahul@example.com\",\"gender\":\"Male\",\"faculty_id\":1,\"isactive\":true,\"fees\":[{\"id\":1,\"payment_mode\":\"Online\",\"amount\":50000,\"student_id\":1,\"isactive\":true}]},{\"id\":3,\"name\":\"Rahul Kumar\",\"email\":\"rahula@example.com\",\"gender\":\"Male\",\"faculty_id\":1,\"isactive\":true,\"fees\":[]}]}]},{\"id\":2,\"department_name\":\"Manu\",\"institution_id\":3,\"isactive\":true,\"faculties\":[]},{\"id\":3,\"department_name\":\"Manu\",\"institution_id\":4,\"isactive\":true,\"faculties\":[{\"id\":2,\"name\":\"Dr. Amit Anand\",\"gender\":\"Male\",\"joining_date\":\"2026-06-24T00:00:00+05:30\",\"department_id\":3,\"isactive\":true,\"students\":[{\"id\":2,\"name\":\"Rahul Kumar Sharma\",\"email\":\"rahul.sharma@example.com\",\"gender\":\"male\",\"faculty_id\":2,\"isactive\":true,\"fees\":[{\"id\":2,\"payment_mode\":\"Online\",\"amount\":50000,\"student_id\":2,\"isactive\":true}]},{\"id\":4,\"name\":\"Rahul Kumar\",\"email\":\"raha@example.com\",\"gender\":\"Male\",\"faculty_id\":2,\"isactive\":true,\"fees\":[]},{\"id\":5,\"name\":\"Rahula Kumar\",\"email\":\"rahaaa@example.com\",\"gender\":\"Male\",\"faculty_id\":2,\"isactive\":true,\"fees\":[]}]}]},{\"id\":4,\"department_name\":\"Manu\",\"institution_id\":16,\"isactive\":true,\"faculties\":[]},{\"id\":5,\"department_name\":\"Manu\",\"institution_id\":5,\"isactive\":true,\"faculties\":[{\"id\":3,\"name\":\"Dr. Amit Anand\",\"gender\":\"Male\",\"joining_date\":\"2026-06-24T00:00:00+05:30\",\"department_id\":5,\"isactive\":true,\"students\":[{\"id\":6,\"name\":\"Rahula Kumar\",\"email\":\"raa@example.com\",\"gender\":\"Male\",\"faculty_id\":3,\"isactive\":true,\"fees\":[]},{\"id\":7,\"name\":\"Rahusla Kumar\",\"email\":\"radbshdsdiha@example.com\",\"gender\":\"Male\",\"faculty_id\":3,\"isactive\":true,\"fees\":[]},{\"id\":8,\"name\":\"Rarrhusla Kumar\",\"email\":\"rarrdbshdsdiha@example.com\",\"gender\":\"Male\",\"faculty_id\":3,\"isactive\":true,\"fees\":[]},{\"id\":9,\"name\":\"Rarrhuslddda Kumar\",\"email\":\"rarrdbshddsdiha@example.com\",\"gender\":\"Male\",\"faculty_id\":3,\"isactive\":true,\"fees\":[]},{\"id\":10,\"name\":\"Saple\",\"email\":\"saple@gmail.com\",\"gender\":\"Male\",\"faculty_id\":3,\"isactive\":true,\"fees\":[]}]}]},{\"id\":6,\"department_name\":\"IT\",\"institution_id\":19,\"isactive\":true,\"faculties\":[]}],\"limit\":10,\"page\":1,\"total_count\":6,\"total_pages\":1},\"message\":\"Departments fetched successfully\",\"success\":true}"

**


**
Time      : 2026-07-27 13:56:42
Service   : Faculty
Method    : GET
Endpoint  : /faculties
Status    : 200

Request:
""

Response:
"{\"data\":{\"items\":[{\"id\":1,\"name\":\"Dr. Amit Anand\",\"gender\":\"Male\",\"joining_date\":\"2026-06-24T00:00:00+05:30\",\"department_id\":1,\"isactive\":true,\"students\":[{\"id\":1,\"name\":\"Rahul Kumar\",\"email\":\"rahul@example.com\",\"gender\":\"Male\",\"faculty_id\":1,\"isactive\":true,\"fees\":[{\"id\":1,\"payment_mode\":\"Online\",\"amount\":0,\"student_id\":1,\"isactive\":true}]},{\"id\":3,\"name\":\"Rahul Kumar\",\"email\":\"rahula@example.com\",\"gender\":\"Male\",\"faculty_id\":1,\"isactive\":true,\"fees\":[]}]},{\"id\":2,\"name\":\"Dr. Amit Anand\",\"gender\":\"Male\",\"joining_date\":\"2026-06-24T00:00:00+05:30\",\"department_id\":3,\"isactive\":true,\"students\":[{\"id\":2,\"name\":\"Rahul Kumar Sharma\",\"email\":\"rahul.sharma@example.com\",\"gender\":\"male\",\"faculty_id\":2,\"isactive\":true,\"fees\":[{\"id\":2,\"payment_mode\":\"Online\",\"amount\":0,\"student_id\":2,\"isactive\":true}]},{\"id\":4,\"name\":\"Rahul Kumar\",\"email\":\"raha@example.com\",\"gender\":\"Male\",\"faculty_id\":2,\"isactive\":true,\"fees\":[]},{\"id\":5,\"name\":\"Rahula Kumar\",\"email\":\"rahaaa@example.com\",\"gender\":\"Male\",\"faculty_id\":2,\"isactive\":true,\"fees\":[]}]},{\"id\":3,\"name\":\"Dr. Amit Anand\",\"gender\":\"Male\",\"joining_date\":\"2026-06-24T00:00:00+05:30\",\"department_id\":5,\"isactive\":true,\"students\":[{\"id\":6,\"name\":\"Rahula Kumar\",\"email\":\"raa@example.com\",\"gender\":\"Male\",\"faculty_id\":3,\"isactive\":true,\"fees\":[]},{\"id\":7,\"name\":\"Rahusla Kumar\",\"email\":\"radbshdsdiha@example.com\",\"gender\":\"Male\",\"faculty_id\":3,\"isactive\":true,\"fees\":[]},{\"id\":8,\"name\":\"Rarrhusla Kumar\",\"email\":\"rarrdbshdsdiha@example.com\",\"gender\":\"Male\",\"faculty_id\":3,\"isactive\":true,\"fees\":[]},{\"id\":9,\"name\":\"Rarrhuslddda Kumar\",\"email\":\"rarrdbshddsdiha@example.com\",\"gender\":\"Male\",\"faculty_id\":3,\"isactive\":true,\"fees\":[]},{\"id\":10,\"name\":\"Saple\",\"email\":\"saple@gmail.com\",\"gender\":\"Male\",\"faculty_id\":3,\"isactive\":true,\"fees\":[]}]}],\"limit\":10,\"page\":1,\"total_count\":3,\"total_pages\":1},\"message\":\"Faculties fetched successfully\",\"success\":true}"

**


**
Time      : 2026-07-27 13:56:44
Service   : Institution
Method    : GET
Endpoint  : /institutes/
Status    : 200

Request:
""

Response:
"{\"data\":{\"items\":[{\"id\":3,\"name\":\"Anna\",\"institution_code\":\"sw51001\",\"state\":\"Tamil Nadu\",\"isactive\":true,\"departments\":[{\"id\":2,\"department_name\":\"Manu\",\"institution_id\":3,\"isactive\":true,\"faculties\":[]}]},{\"id\":4,\"name\":\"Anna University Main Campus\",\"institution_code\":\"AU1001-M\",\"state\":\"Tamil Nadu\",\"isactive\":true,\"departments\":[{\"id\":3,\"department_name\":\"Manu\",\"institution_id\":4,\"isactive\":true,\"faculties\":[{\"id\":2,\"name\":\"Dr. Amit Anand\",\"gender\":\"Male\",\"joining_date\":\"2026-06-24T00:00:00+05:30\",\"department_id\":3,\"isactive\":true,\"students\":[{\"id\":2,\"name\":\"Rahul Kumar Sharma\",\"email\":\"rahul.sharma@example.com\",\"gender\":\"male\",\"faculty_id\":2,\"isactive\":true,\"fees\":[{\"id\":2,\"payment_mode\":\"Online\",\"amount\":50000,\"student_id\":2,\"isactive\":true}]},{\"id\":4,\"name\":\"Rahul Kumar\",\"email\":\"raha@example.com\",\"gender\":\"Male\",\"faculty_id\":2,\"isactive\":true,\"fees\":[]},{\"id\":5,\"name\":\"Rahula Kumar\",\"email\":\"rahaaa@example.com\",\"gender\":\"Male\",\"faculty_id\":2,\"isactive\":true,\"fees\":[]}]}]}]},{\"id\":5,\"name\":\"Annas\",\"institution_code\":\"SW01001\",\"state\":\"Tamil Nadu\",\"isactive\":true,\"departments\":[{\"id\":5,\"department_name\":\"Manu\",\"institution_id\":5,\"isactive\":true,\"faculties\":[{\"id\":3,\"name\":\"Dr. Amit Anand\",\"gender\":\"Male\",\"joining_date\":\"2026-06-24T00:00:00+05:30\",\"department_id\":5,\"isactive\":true,\"students\":[{\"id\":6,\"name\":\"Rahula Kumar\",\"email\":\"raa@example.com\",\"gender\":\"Male\",\"faculty_id\":3,\"isactive\":true,\"fees\":[]},{\"id\":7,\"name\":\"Rahusla Kumar\",\"email\":\"radbshdsdiha@example.com\",\"gender\":\"Male\",\"faculty_id\":3,\"isactive\":true,\"fees\":[]},{\"id\":8,\"name\":\"Rarrhusla Kumar\",\"email\":\"rarrdbshdsdiha@example.com\",\"gender\":\"Male\",\"faculty_id\":3,\"isactive\":true,\"fees\":[]},{\"id\":9,\"name\":\"Rarrhuslddda Kumar\",\"email\":\"rarrdbshddsdiha@example.com\",\"gender\":\"Male\",\"faculty_id\":3,\"isactive\":true,\"fees\":[]},{\"id\":10,\"name\":\"Saple\",\"email\":\"saple@gmail.com\",\"gender\":\"Male\",\"faculty_id\":3,\"isactive\":true,\"fees\":[]}]}]}]},{\"id\":6,\"name\":\"Annasw\",\"institution_code\":\"SW018001\",\"state\":\"Tamil Nadu\",\"isactive\":true,\"departments\":[]},{\"id\":7,\"name\":\"Annass\",\"institution_code\":\"SW77789454\",\"state\":\"Tamil Nadu\",\"isactive\":true,\"departments\":[]},{\"id\":8,\"name\":\"Annassww\",\"institution_code\":\"SW778545489454\",\"state\":\"Tamil Nadu\",\"isactive\":true,\"departments\":[]},{\"id\":10,\"name\":\"Aw\",\"institution_code\":\"78545489454\",\"state\":\"Tamil Nadu\",\"isactive\":true,\"departments\":[]},{\"id\":11,\"name\":\"A5w\",\"institution_code\":\"dnjds\",\"state\":\"Tamil Nadu\",\"isactive\":true,\"departments\":[]},{\"id\":12,\"name\":\"A5DDw\",\"institution_code\":\"dnDjds\",\"state\":\"Tamil Nadu\",\"isactive\":true,\"departments\":[]},{\"id\":13,\"name\":\"A5DDwBB\",\"institution_code\":\"dnDjBBs\",\"state\":\"Tamil Nadu\",\"isactive\":true,\"departments\":[]}],\"limit\":10,\"page\":1,\"total_count\":16,\"total_pages\":2},\"message\":\"Institutes fetched successfully\",\"success\":true}"

**


**
Time      : 2026-07-27 13:56:51
Service   : Institution
Method    : GET
Endpoint  : /institutes/8
Status    : 200

Request:
""

Response:
"{\"data\":{\"id\":8,\"name\":\"Annassww\",\"institution_code\":\"SW778545489454\",\"state\":\"Tamil Nadu\",\"isactive\":true,\"departments\":[]},\"message\":\"Institute fetched successfully\",\"success\":true}"

**


**
Time      : 2026-07-27 13:57:11
Service   : Institution
Method    : GET
Endpoint  : /institutes/
Status    : 200

Request:
""

Response:
"{\"data\":{\"items\":[{\"id\":14,\"name\":\"A5DDwBBVV\",\"institution_code\":\"dnDVjBBs\",\"state\":\"Tamil Nadu\",\"isactive\":true,\"departments\":[]},{\"id\":15,\"name\":\"A5DDwBBFFVV\",\"institution_code\":\"FFdnDVjBBs\",\"state\":\"Tamil Nadu\",\"isactive\":true,\"departments\":[]},{\"id\":16,\"name\":\"A5DDwBBSSFFVV\",\"institution_code\":\"FFSSdnDVjBBs\",\"state\":\"Tamil Nadu\",\"isactive\":true,\"departments\":[{\"id\":4,\"department_name\":\"Manu\",\"institution_id\":16,\"isactive\":true,\"faculties\":[]}]},{\"id\":17,\"name\":\"Ahil\",\"institution_code\":\"SM5059\",\"state\":\"Karnataka\",\"isactive\":true,\"departments\":[]},{\"id\":18,\"name\":\"fbkjfd\",\"institution_code\":\"SAkjd90\",\"state\":\"Karnataka\",\"isactive\":true,\"departments\":[]},{\"id\":19,\"name\":\"Saple\",\"institution_code\":\"SSADADe\",\"state\":\"Tamil\",\"isactive\":true,\"departments\":[{\"id\":6,\"department_name\":\"IT\",\"institution_id\":19,\"isactive\":true,\"faculties\":[]}]}],\"limit\":10,\"page\":2,\"total_count\":16,\"total_pages\":2},\"message\":\"Institutes fetched successfully\",\"success\":true}"

**


**
Time      : 2026-07-27 13:57:14
Service   : Institution
Method    : GET
Endpoint  : /institutes/
Status    : 200

Request:
""

Response:
"{\"data\":{\"items\":[{\"id\":3,\"name\":\"Anna\",\"institution_code\":\"sw51001\",\"state\":\"Tamil Nadu\",\"isactive\":true,\"departments\":[{\"id\":2,\"department_name\":\"Manu\",\"institution_id\":3,\"isactive\":true,\"faculties\":[]}]},{\"id\":4,\"name\":\"Anna University Main Campus\",\"institution_code\":\"AU1001-M\",\"state\":\"Tamil Nadu\",\"isactive\":true,\"departments\":[{\"id\":3,\"department_name\":\"Manu\",\"institution_id\":4,\"isactive\":true,\"faculties\":[{\"id\":2,\"name\":\"Dr. Amit Anand\",\"gender\":\"Male\",\"joining_date\":\"2026-06-24T00:00:00+05:30\",\"department_id\":3,\"isactive\":true,\"students\":[{\"id\":2,\"name\":\"Rahul Kumar Sharma\",\"email\":\"rahul.sharma@example.com\",\"gender\":\"male\",\"faculty_id\":2,\"isactive\":true,\"fees\":[{\"id\":2,\"payment_mode\":\"Online\",\"amount\":50000,\"student_id\":2,\"isactive\":true}]},{\"id\":4,\"name\":\"Rahul Kumar\",\"email\":\"raha@example.com\",\"gender\":\"Male\",\"faculty_id\":2,\"isactive\":true,\"fees\":[]},{\"id\":5,\"name\":\"Rahula Kumar\",\"email\":\"rahaaa@example.com\",\"gender\":\"Male\",\"faculty_id\":2,\"isactive\":true,\"fees\":[]}]}]}]},{\"id\":5,\"name\":\"Annas\",\"institution_code\":\"SW01001\",\"state\":\"Tamil Nadu\",\"isactive\":true,\"departments\":[{\"id\":5,\"department_name\":\"Manu\",\"institution_id\":5,\"isactive\":true,\"faculties\":[{\"id\":3,\"name\":\"Dr. Amit Anand\",\"gender\":\"Male\",\"joining_date\":\"2026-06-24T00:00:00+05:30\",\"department_id\":5,\"isactive\":true,\"students\":[{\"id\":6,\"name\":\"Rahula Kumar\",\"email\":\"raa@example.com\",\"gender\":\"Male\",\"faculty_id\":3,\"isactive\":true,\"fees\":[]},{\"id\":7,\"name\":\"Rahusla Kumar\",\"email\":\"radbshdsdiha@example.com\",\"gender\":\"Male\",\"faculty_id\":3,\"isactive\":true,\"fees\":[]},{\"id\":8,\"name\":\"Rarrhusla Kumar\",\"email\":\"rarrdbshdsdiha@example.com\",\"gender\":\"Male\",\"faculty_id\":3,\"isactive\":true,\"fees\":[]},{\"id\":9,\"name\":\"Rarrhuslddda Kumar\",\"email\":\"rarrdbshddsdiha@example.com\",\"gender\":\"Male\",\"faculty_id\":3,\"isactive\":true,\"fees\":[]},{\"id\":10,\"name\":\"Saple\",\"email\":\"saple@gmail.com\",\"gender\":\"Male\",\"faculty_id\":3,\"isactive\":true,\"fees\":[]}]}]}]},{\"id\":6,\"name\":\"Annasw\",\"institution_code\":\"SW018001\",\"state\":\"Tamil Nadu\",\"isactive\":true,\"departments\":[]},{\"id\":7,\"name\":\"Annass\",\"institution_code\":\"SW77789454\",\"state\":\"Tamil Nadu\",\"isactive\":true,\"departments\":[]},{\"id\":8,\"name\":\"Annassww\",\"institution_code\":\"SW778545489454\",\"state\":\"Tamil Nadu\",\"isactive\":true,\"departments\":[]},{\"id\":10,\"name\":\"Aw\",\"institution_code\":\"78545489454\",\"state\":\"Tamil Nadu\",\"isactive\":true,\"departments\":[]},{\"id\":11,\"name\":\"A5w\",\"institution_code\":\"dnjds\",\"state\":\"Tamil Nadu\",\"isactive\":true,\"departments\":[]},{\"id\":12,\"name\":\"A5DDw\",\"institution_code\":\"dnDjds\",\"state\":\"Tamil Nadu\",\"isactive\":true,\"departments\":[]},{\"id\":13,\"name\":\"A5DDwBB\",\"institution_code\":\"dnDjBBs\",\"state\":\"Tamil Nadu\",\"isactive\":true,\"departments\":[]}],\"limit\":10,\"page\":1,\"total_count\":16,\"total_pages\":2},\"message\":\"Institutes fetched successfully\",\"success\":true}"

**


**
Time      : 2026-07-27 13:57:38
Service   : Department
Method    : GET
Endpoint  : /departments
Status    : 200

Request:
""

Response:
"{\"data\":{\"items\":[{\"id\":1,\"department_name\":\"Manu\",\"institution_id\":2,\"isactive\":true,\"faculties\":[{\"id\":1,\"name\":\"Dr. Amit Anand\",\"gender\":\"Male\",\"joining_date\":\"2026-06-24T00:00:00+05:30\",\"department_id\":1,\"isactive\":true,\"students\":[{\"id\":1,\"name\":\"Rahul Kumar\",\"email\":\"rahul@example.com\",\"gender\":\"Male\",\"faculty_id\":1,\"isactive\":true,\"fees\":[{\"id\":1,\"payment_mode\":\"Online\",\"amount\":50000,\"student_id\":1,\"isactive\":true}]},{\"id\":3,\"name\":\"Rahul Kumar\",\"email\":\"rahula@example.com\",\"gender\":\"Male\",\"faculty_id\":1,\"isactive\":true,\"fees\":[]}]}]},{\"id\":2,\"department_name\":\"Manu\",\"institution_id\":3,\"isactive\":true,\"faculties\":[]},{\"id\":3,\"department_name\":\"Manu\",\"institution_id\":4,\"isactive\":true,\"faculties\":[{\"id\":2,\"name\":\"Dr. Amit Anand\",\"gender\":\"Male\",\"joining_date\":\"2026-06-24T00:00:00+05:30\",\"department_id\":3,\"isactive\":true,\"students\":[{\"id\":2,\"name\":\"Rahul Kumar Sharma\",\"email\":\"rahul.sharma@example.com\",\"gender\":\"male\",\"faculty_id\":2,\"isactive\":true,\"fees\":[{\"id\":2,\"payment_mode\":\"Online\",\"amount\":50000,\"student_id\":2,\"isactive\":true}]},{\"id\":4,\"name\":\"Rahul Kumar\",\"email\":\"raha@example.com\",\"gender\":\"Male\",\"faculty_id\":2,\"isactive\":true,\"fees\":[]},{\"id\":5,\"name\":\"Rahula Kumar\",\"email\":\"rahaaa@example.com\",\"gender\":\"Male\",\"faculty_id\":2,\"isactive\":true,\"fees\":[]}]}]},{\"id\":4,\"department_name\":\"Manu\",\"institution_id\":16,\"isactive\":true,\"faculties\":[]},{\"id\":5,\"department_name\":\"Manu\",\"institution_id\":5,\"isactive\":true,\"faculties\":[{\"id\":3,\"name\":\"Dr. Amit Anand\",\"gender\":\"Male\",\"joining_date\":\"2026-06-24T00:00:00+05:30\",\"department_id\":5,\"isactive\":true,\"students\":[{\"id\":6,\"name\":\"Rahula Kumar\",\"email\":\"raa@example.com\",\"gender\":\"Male\",\"faculty_id\":3,\"isactive\":true,\"fees\":[]},{\"id\":7,\"name\":\"Rahusla Kumar\",\"email\":\"radbshdsdiha@example.com\",\"gender\":\"Male\",\"faculty_id\":3,\"isactive\":true,\"fees\":[]},{\"id\":8,\"name\":\"Rarrhusla Kumar\",\"email\":\"rarrdbshdsdiha@example.com\",\"gender\":\"Male\",\"faculty_id\":3,\"isactive\":true,\"fees\":[]},{\"id\":9,\"name\":\"Rarrhuslddda Kumar\",\"email\":\"rarrdbshddsdiha@example.com\",\"gender\":\"Male\",\"faculty_id\":3,\"isactive\":true,\"fees\":[]},{\"id\":10,\"name\":\"Saple\",\"email\":\"saple@gmail.com\",\"gender\":\"Male\",\"faculty_id\":3,\"isactive\":true,\"fees\":[]}]}]},{\"id\":6,\"department_name\":\"IT\",\"institution_id\":19,\"isactive\":true,\"faculties\":[]}],\"limit\":10,\"page\":1,\"total_count\":6,\"total_pages\":1},\"message\":\"Departments fetched successfully\",\"success\":true}"

**


**
Time      : 2026-07-27 13:57:59
Service   : Student
Method    : GET
Endpoint  : /students
Status    : 200

Request:
""

Response:
"{\"data\":{\"items\":[{\"id\":1,\"name\":\"Rahul Kumar\",\"email\":\"rahul@example.com\",\"gender\":\"Male\",\"faculty_id\":1,\"isactive\":true,\"fees\":[{\"id\":1,\"payment_mode\":\"Online\",\"amount\":50000,\"student_id\":1,\"isactive\":true}]},{\"id\":2,\"name\":\"Rahul Kumar Sharma\",\"email\":\"rahul.sharma@example.com\",\"gender\":\"male\",\"faculty_id\":2,\"isactive\":true,\"fees\":[{\"id\":2,\"payment_mode\":\"Online\",\"amount\":50000,\"student_id\":2,\"isactive\":true}]},{\"id\":3,\"name\":\"Rahul Kumar\",\"email\":\"rahula@example.com\",\"gender\":\"Male\",\"faculty_id\":1,\"isactive\":true,\"fees\":[]},{\"id\":4,\"name\":\"Rahul Kumar\",\"email\":\"raha@example.com\",\"gender\":\"Male\",\"faculty_id\":2,\"isactive\":true,\"fees\":[]},{\"id\":5,\"name\":\"Rahula Kumar\",\"email\":\"rahaaa@example.com\",\"gender\":\"Male\",\"faculty_id\":2,\"isactive\":true,\"fees\":[]},{\"id\":6,\"name\":\"Rahula Kumar\",\"email\":\"raa@example.com\",\"gender\":\"Male\",\"faculty_id\":3,\"isactive\":true,\"fees\":[]},{\"id\":7,\"name\":\"Rahusla Kumar\",\"email\":\"radbshdsdiha@example.com\",\"gender\":\"Male\",\"faculty_id\":3,\"isactive\":true,\"fees\":[]},{\"id\":8,\"name\":\"Rarrhusla Kumar\",\"email\":\"rarrdbshdsdiha@example.com\",\"gender\":\"Male\",\"faculty_id\":3,\"isactive\":true,\"fees\":[]},{\"id\":9,\"name\":\"Rarrhuslddda Kumar\",\"email\":\"rarrdbshddsdiha@example.com\",\"gender\":\"Male\",\"faculty_id\":3,\"isactive\":true,\"fees\":[]},{\"id\":10,\"name\":\"Saple\",\"email\":\"saple@gmail.com\",\"gender\":\"Male\",\"faculty_id\":3,\"isactive\":true,\"fees\":[]}],\"limit\":10,\"page\":1,\"total_count\":10,\"total_pages\":1},\"message\":\"Students fetched successfully\",\"success\":true}"

**


**
Time      : 2026-07-27 13:58:42
Service   : Institution
Method    : GET
Endpoint  : /institutes/
Status    : 200

Request:
""

Response:
"{\"data\":{\"items\":[{\"id\":3,\"name\":\"Anna\",\"institution_code\":\"sw51001\",\"state\":\"Tamil Nadu\",\"isactive\":true,\"departments\":[{\"id\":2,\"department_name\":\"Manu\",\"institution_id\":3,\"isactive\":true,\"faculties\":[]}]},{\"id\":4,\"name\":\"Anna University Main Campus\",\"institution_code\":\"AU1001-M\",\"state\":\"Tamil Nadu\",\"isactive\":true,\"departments\":[{\"id\":3,\"department_name\":\"Manu\",\"institution_id\":4,\"isactive\":true,\"faculties\":[{\"id\":2,\"name\":\"Dr. Amit Anand\",\"gender\":\"Male\",\"joining_date\":\"2026-06-24T00:00:00+05:30\",\"department_id\":3,\"isactive\":true,\"students\":[{\"id\":2,\"name\":\"Rahul Kumar Sharma\",\"email\":\"rahul.sharma@example.com\",\"gender\":\"male\",\"faculty_id\":2,\"isactive\":true,\"fees\":[{\"id\":2,\"payment_mode\":\"Online\",\"amount\":50000,\"student_id\":2,\"isactive\":true}]},{\"id\":4,\"name\":\"Rahul Kumar\",\"email\":\"raha@example.com\",\"gender\":\"Male\",\"faculty_id\":2,\"isactive\":true,\"fees\":[]},{\"id\":5,\"name\":\"Rahula Kumar\",\"email\":\"rahaaa@example.com\",\"gender\":\"Male\",\"faculty_id\":2,\"isactive\":true,\"fees\":[]}]}]}]},{\"id\":5,\"name\":\"Annas\",\"institution_code\":\"SW01001\",\"state\":\"Tamil Nadu\",\"isactive\":true,\"departments\":[{\"id\":5,\"department_name\":\"Manu\",\"institution_id\":5,\"isactive\":true,\"faculties\":[{\"id\":3,\"name\":\"Dr. Amit Anand\",\"gender\":\"Male\",\"joining_date\":\"2026-06-24T00:00:00+05:30\",\"department_id\":5,\"isactive\":true,\"students\":[{\"id\":6,\"name\":\"Rahula Kumar\",\"email\":\"raa@example.com\",\"gender\":\"Male\",\"faculty_id\":3,\"isactive\":true,\"fees\":[]},{\"id\":7,\"name\":\"Rahusla Kumar\",\"email\":\"radbshdsdiha@example.com\",\"gender\":\"Male\",\"faculty_id\":3,\"isactive\":true,\"fees\":[]},{\"id\":8,\"name\":\"Rarrhusla Kumar\",\"email\":\"rarrdbshdsdiha@example.com\",\"gender\":\"Male\",\"faculty_id\":3,\"isactive\":true,\"fees\":[]},{\"id\":9,\"name\":\"Rarrhuslddda Kumar\",\"email\":\"rarrdbshddsdiha@example.com\",\"gender\":\"Male\",\"faculty_id\":3,\"isactive\":true,\"fees\":[]},{\"id\":10,\"name\":\"Saple\",\"email\":\"saple@gmail.com\",\"gender\":\"Male\",\"faculty_id\":3,\"isactive\":true,\"fees\":[]}]}]}]},{\"id\":6,\"name\":\"Annasw\",\"institution_code\":\"SW018001\",\"state\":\"Tamil Nadu\",\"isactive\":true,\"departments\":[]},{\"id\":7,\"name\":\"Annass\",\"institution_code\":\"SW77789454\",\"state\":\"Tamil Nadu\",\"isactive\":true,\"departments\":[]},{\"id\":8,\"name\":\"Annassww\",\"institution_code\":\"SW778545489454\",\"state\":\"Tamil Nadu\",\"isactive\":true,\"departments\":[]},{\"id\":10,\"name\":\"Aw\",\"institution_code\":\"78545489454\",\"state\":\"Tamil Nadu\",\"isactive\":true,\"departments\":[]},{\"id\":11,\"name\":\"A5w\",\"institution_code\":\"dnjds\",\"state\":\"Tamil Nadu\",\"isactive\":true,\"departments\":[]},{\"id\":12,\"name\":\"A5DDw\",\"institution_code\":\"dnDjds\",\"state\":\"Tamil Nadu\",\"isactive\":true,\"departments\":[]},{\"id\":13,\"name\":\"A5DDwBB\",\"institution_code\":\"dnDjBBs\",\"state\":\"Tamil Nadu\",\"isactive\":true,\"departments\":[]}],\"limit\":10,\"page\":1,\"total_count\":16,\"total_pages\":2},\"message\":\"Institutes fetched successfully\",\"success\":true}"

**


**
Time      : 2026-07-27 14:00:33
Service   : General
Method    : POST
Endpoint  : /logout
Status    : 200

Request:
"{\"user_id\":94,\"refresh_token\":\"eyJhbGciOiJIUzI1NiIsInR5cCI6IkpXVCJ9.eyJleHAiOjE3ODc3MzI3MzAsImlhdCI6MTc4NTE0MDczMCwic2Vzc2lvbl9pZCI6IjY3NmFhZTFhLWNhMjYtNGQ1Yy1iYjc2LTFjZTA4YzkwYzI5YiIsInVzZXJfaWQiOjk0fQ.rn8R0E2LBwrk4E62PVX0HqgIpmiBHJ2E-p9fOauix2I\"}"

Response:
"{\"data\":null,\"message\":\"Logout successful\",\"success\":true}"

**


**
Time      : 2026-07-27 14:00:37
Service   : Auth
Method    : POST
Endpoint  : /signin
Status    : 200

Request:
"[REDACTED/SENSITIVE]"

Response:
"{\"data\":{\"access_token\":\"eyJhbGciOiJIUzI1NiIsInR5cCI6IkpXVCJ9.eyJleHAiOjE3ODUxNDE5MzcsImlhdCI6MTc4NTE0MTAzNywic2Vzc2lvbl9pZCI6IjVkMjJkNmEzLTM3ZjUtNDgzMS05YzE4LWY1MGFkZTA5OTMyZCIsInVzZXJfaWQiOjk0fQ.wFlwULlpGZOmXTAfqRGj-Iwkf4QspBYHHeCRaW1WngE\",\"refresh_token\":\"eyJhbGciOiJIUzI1NiIsInR5cCI6IkpXVCJ9.eyJleHAiOjE3ODc3MzMwMzcsImlhdCI6MTc4NTE0MTAzNywic2Vzc2lvbl9pZCI6IjVkMjJkNmEzLTM3ZjUtNDgzMS05YzE4LWY1MGFkZTA5OTMyZCIsInVzZXJfaWQiOjk0fQ.1y2kEERypPFVLgfDpel0wOciQTHxJx9KjE75XKeNL-I\",\"user_id\":94,\"session_id\":\"5d22d6a3-37f5-4831-9c18-f50ade09932d\"},\"message\":\"Signed in successfully\",\"success\":true}"

**


**
Time      : 2026-07-27 14:00:37
Service   : Institution
Method    : GET
Endpoint  : /institutes/
Status    : 200

Request:
""

Response:
"{\"data\":{\"items\":[{\"id\":3,\"name\":\"Anna\",\"institution_code\":\"sw51001\",\"state\":\"Tamil Nadu\",\"isactive\":true,\"departments\":[{\"id\":2,\"department_name\":\"Manu\",\"institution_id\":3,\"isactive\":true,\"faculties\":[]}]},{\"id\":4,\"name\":\"Anna University Main Campus\",\"institution_code\":\"AU1001-M\",\"state\":\"Tamil Nadu\",\"isactive\":true,\"departments\":[{\"id\":3,\"department_name\":\"Manu\",\"institution_id\":4,\"isactive\":true,\"faculties\":[{\"id\":2,\"name\":\"Dr. Amit Anand\",\"gender\":\"Male\",\"joining_date\":\"2026-06-24T00:00:00+05:30\",\"department_id\":3,\"isactive\":true,\"students\":[{\"id\":2,\"name\":\"Rahul Kumar Sharma\",\"email\":\"rahul.sharma@example.com\",\"gender\":\"male\",\"faculty_id\":2,\"isactive\":true,\"fees\":[{\"id\":2,\"payment_mode\":\"Online\",\"amount\":50000,\"student_id\":2,\"isactive\":true}]},{\"id\":4,\"name\":\"Rahul Kumar\",\"email\":\"raha@example.com\",\"gender\":\"Male\",\"faculty_id\":2,\"isactive\":true,\"fees\":[]},{\"id\":5,\"name\":\"Rahula Kumar\",\"email\":\"rahaaa@example.com\",\"gender\":\"Male\",\"faculty_id\":2,\"isactive\":true,\"fees\":[]}]}]}]},{\"id\":5,\"name\":\"Annas\",\"institution_code\":\"SW01001\",\"state\":\"Tamil Nadu\",\"isactive\":true,\"departments\":[{\"id\":5,\"department_name\":\"Manu\",\"institution_id\":5,\"isactive\":true,\"faculties\":[{\"id\":3,\"name\":\"Dr. Amit Anand\",\"gender\":\"Male\",\"joining_date\":\"2026-06-24T00:00:00+05:30\",\"department_id\":5,\"isactive\":true,\"students\":[{\"id\":6,\"name\":\"Rahula Kumar\",\"email\":\"raa@example.com\",\"gender\":\"Male\",\"faculty_id\":3,\"isactive\":true,\"fees\":[]},{\"id\":7,\"name\":\"Rahusla Kumar\",\"email\":\"radbshdsdiha@example.com\",\"gender\":\"Male\",\"faculty_id\":3,\"isactive\":true,\"fees\":[]},{\"id\":8,\"name\":\"Rarrhusla Kumar\",\"email\":\"rarrdbshdsdiha@example.com\",\"gender\":\"Male\",\"faculty_id\":3,\"isactive\":true,\"fees\":[]},{\"id\":9,\"name\":\"Rarrhuslddda Kumar\",\"email\":\"rarrdbshddsdiha@example.com\",\"gender\":\"Male\",\"faculty_id\":3,\"isactive\":true,\"fees\":[]},{\"id\":10,\"name\":\"Saple\",\"email\":\"saple@gmail.com\",\"gender\":\"Male\",\"faculty_id\":3,\"isactive\":true,\"fees\":[]}]}]}]},{\"id\":6,\"name\":\"Annasw\",\"institution_code\":\"SW018001\",\"state\":\"Tamil Nadu\",\"isactive\":true,\"departments\":[]},{\"id\":7,\"name\":\"Annass\",\"institution_code\":\"SW77789454\",\"state\":\"Tamil Nadu\",\"isactive\":true,\"departments\":[]},{\"id\":8,\"name\":\"Annassww\",\"institution_code\":\"SW778545489454\",\"state\":\"Tamil Nadu\",\"isactive\":true,\"departments\":[]},{\"id\":10,\"name\":\"Aw\",\"institution_code\":\"78545489454\",\"state\":\"Tamil Nadu\",\"isactive\":true,\"departments\":[]},{\"id\":11,\"name\":\"A5w\",\"institution_code\":\"dnjds\",\"state\":\"Tamil Nadu\",\"isactive\":true,\"departments\":[]},{\"id\":12,\"name\":\"A5DDw\",\"institution_code\":\"dnDjds\",\"state\":\"Tamil Nadu\",\"isactive\":true,\"departments\":[]},{\"id\":13,\"name\":\"A5DDwBB\",\"institution_code\":\"dnDjBBs\",\"state\":\"Tamil Nadu\",\"isactive\":true,\"departments\":[]}],\"limit\":10,\"page\":1,\"total_count\":16,\"total_pages\":2},\"message\":\"Institutes fetched successfully\",\"success\":true}"

**


**
Time      : 2026-07-27 14:00:41
Service   : Institution
Method    : GET
Endpoint  : /institutes/
Status    : 200

Request:
""

Response:
"{\"data\":{\"items\":[{\"id\":3,\"name\":\"Anna\",\"institution_code\":\"sw51001\",\"state\":\"Tamil Nadu\",\"isactive\":true,\"departments\":[{\"id\":2,\"department_name\":\"Manu\",\"institution_id\":3,\"isactive\":true,\"faculties\":[]}]},{\"id\":4,\"name\":\"Anna University Main Campus\",\"institution_code\":\"AU1001-M\",\"state\":\"Tamil Nadu\",\"isactive\":true,\"departments\":[{\"id\":3,\"department_name\":\"Manu\",\"institution_id\":4,\"isactive\":true,\"faculties\":[{\"id\":2,\"name\":\"Dr. Amit Anand\",\"gender\":\"Male\",\"joining_date\":\"2026-06-24T00:00:00+05:30\",\"department_id\":3,\"isactive\":true,\"students\":[{\"id\":2,\"name\":\"Rahul Kumar Sharma\",\"email\":\"rahul.sharma@example.com\",\"gender\":\"male\",\"faculty_id\":2,\"isactive\":true,\"fees\":[{\"id\":2,\"payment_mode\":\"Online\",\"amount\":50000,\"student_id\":2,\"isactive\":true}]},{\"id\":4,\"name\":\"Rahul Kumar\",\"email\":\"raha@example.com\",\"gender\":\"Male\",\"faculty_id\":2,\"isactive\":true,\"fees\":[]},{\"id\":5,\"name\":\"Rahula Kumar\",\"email\":\"rahaaa@example.com\",\"gender\":\"Male\",\"faculty_id\":2,\"isactive\":true,\"fees\":[]}]}]}]},{\"id\":5,\"name\":\"Annas\",\"institution_code\":\"SW01001\",\"state\":\"Tamil Nadu\",\"isactive\":true,\"departments\":[{\"id\":5,\"department_name\":\"Manu\",\"institution_id\":5,\"isactive\":true,\"faculties\":[{\"id\":3,\"name\":\"Dr. Amit Anand\",\"gender\":\"Male\",\"joining_date\":\"2026-06-24T00:00:00+05:30\",\"department_id\":5,\"isactive\":true,\"students\":[{\"id\":6,\"name\":\"Rahula Kumar\",\"email\":\"raa@example.com\",\"gender\":\"Male\",\"faculty_id\":3,\"isactive\":true,\"fees\":[]},{\"id\":7,\"name\":\"Rahusla Kumar\",\"email\":\"radbshdsdiha@example.com\",\"gender\":\"Male\",\"faculty_id\":3,\"isactive\":true,\"fees\":[]},{\"id\":8,\"name\":\"Rarrhusla Kumar\",\"email\":\"rarrdbshdsdiha@example.com\",\"gender\":\"Male\",\"faculty_id\":3,\"isactive\":true,\"fees\":[]},{\"id\":9,\"name\":\"Rarrhuslddda Kumar\",\"email\":\"rarrdbshddsdiha@example.com\",\"gender\":\"Male\",\"faculty_id\":3,\"isactive\":true,\"fees\":[]},{\"id\":10,\"name\":\"Saple\",\"email\":\"saple@gmail.com\",\"gender\":\"Male\",\"faculty_id\":3,\"isactive\":true,\"fees\":[]}]}]}]},{\"id\":6,\"name\":\"Annasw\",\"institution_code\":\"SW018001\",\"state\":\"Tamil Nadu\",\"isactive\":true,\"departments\":[]},{\"id\":7,\"name\":\"Annass\",\"institution_code\":\"SW77789454\",\"state\":\"Tamil Nadu\",\"isactive\":true,\"departments\":[]},{\"id\":8,\"name\":\"Annassww\",\"institution_code\":\"SW778545489454\",\"state\":\"Tamil Nadu\",\"isactive\":true,\"departments\":[]},{\"id\":10,\"name\":\"Aw\",\"institution_code\":\"78545489454\",\"state\":\"Tamil Nadu\",\"isactive\":true,\"departments\":[]},{\"id\":11,\"name\":\"A5w\",\"institution_code\":\"dnjds\",\"state\":\"Tamil Nadu\",\"isactive\":true,\"departments\":[]},{\"id\":12,\"name\":\"A5DDw\",\"institution_code\":\"dnDjds\",\"state\":\"Tamil Nadu\",\"isactive\":true,\"departments\":[]},{\"id\":13,\"name\":\"A5DDwBB\",\"institution_code\":\"dnDjBBs\",\"state\":\"Tamil Nadu\",\"isactive\":true,\"departments\":[]}],\"limit\":10,\"page\":1,\"total_count\":16,\"total_pages\":2},\"message\":\"Institutes fetched successfully\",\"success\":true}"

**


**
Time      : 2026-07-27 14:00:41
Service   : General
Method    : POST
Endpoint  : /logout
Status    : 200

Request:
"{\"user_id\":94,\"refresh_token\":\"eyJhbGciOiJIUzI1NiIsInR5cCI6IkpXVCJ9.eyJleHAiOjE3ODc3MzMwMzcsImlhdCI6MTc4NTE0MTAzNywic2Vzc2lvbl9pZCI6IjVkMjJkNmEzLTM3ZjUtNDgzMS05YzE4LWY1MGFkZTA5OTMyZCIsInVzZXJfaWQiOjk0fQ.1y2kEERypPFVLgfDpel0wOciQTHxJx9KjE75XKeNL-I\"}"

Response:
"{\"data\":null,\"message\":\"Logout successful\",\"success\":true}"

**


**
Time      : 2026-07-27 14:00:49
Service   : Auth
Method    : POST
Endpoint  : /signin
Status    : 200

Request:
"[REDACTED/SENSITIVE]"

Response:
"{\"data\":{\"access_token\":\"eyJhbGciOiJIUzI1NiIsInR5cCI6IkpXVCJ9.eyJleHAiOjE3ODUxNDE5NDksImlhdCI6MTc4NTE0MTA0OSwic2Vzc2lvbl9pZCI6IjhhOGJhZGYxLTc4NTQtNGEzNS04ODA3LWUyOTg2NTRiZWViMiIsInVzZXJfaWQiOjk0fQ.WVsqt1xUnvNuBOjUhKQHH3ZO0SFS-Mw0kEL6gZivhrA\",\"refresh_token\":\"eyJhbGciOiJIUzI1NiIsInR5cCI6IkpXVCJ9.eyJleHAiOjE3ODc3MzMwNDksImlhdCI6MTc4NTE0MTA0OSwic2Vzc2lvbl9pZCI6IjhhOGJhZGYxLTc4NTQtNGEzNS04ODA3LWUyOTg2NTRiZWViMiIsInVzZXJfaWQiOjk0fQ.dfrVYIuRPZLEHqN1i-hXlRwleIzelvDv10Ymx2g7Q04\",\"user_id\":94,\"session_id\":\"8a8badf1-7854-4a35-8807-e298654beeb2\"},\"message\":\"Signed in successfully\",\"success\":true}"

**


**
Time      : 2026-07-27 14:00:49
Service   : Institution
Method    : GET
Endpoint  : /institutes/
Status    : 200

Request:
""

Response:
"{\"data\":{\"items\":[{\"id\":3,\"name\":\"Anna\",\"institution_code\":\"sw51001\",\"state\":\"Tamil Nadu\",\"isactive\":true,\"departments\":[{\"id\":2,\"department_name\":\"Manu\",\"institution_id\":3,\"isactive\":true,\"faculties\":[]}]},{\"id\":4,\"name\":\"Anna University Main Campus\",\"institution_code\":\"AU1001-M\",\"state\":\"Tamil Nadu\",\"isactive\":true,\"departments\":[{\"id\":3,\"department_name\":\"Manu\",\"institution_id\":4,\"isactive\":true,\"faculties\":[{\"id\":2,\"name\":\"Dr. Amit Anand\",\"gender\":\"Male\",\"joining_date\":\"2026-06-24T00:00:00+05:30\",\"department_id\":3,\"isactive\":true,\"students\":[{\"id\":2,\"name\":\"Rahul Kumar Sharma\",\"email\":\"rahul.sharma@example.com\",\"gender\":\"male\",\"faculty_id\":2,\"isactive\":true,\"fees\":[{\"id\":2,\"payment_mode\":\"Online\",\"amount\":50000,\"student_id\":2,\"isactive\":true}]},{\"id\":4,\"name\":\"Rahul Kumar\",\"email\":\"raha@example.com\",\"gender\":\"Male\",\"faculty_id\":2,\"isactive\":true,\"fees\":[]},{\"id\":5,\"name\":\"Rahula Kumar\",\"email\":\"rahaaa@example.com\",\"gender\":\"Male\",\"faculty_id\":2,\"isactive\":true,\"fees\":[]}]}]}]},{\"id\":5,\"name\":\"Annas\",\"institution_code\":\"SW01001\",\"state\":\"Tamil Nadu\",\"isactive\":true,\"departments\":[{\"id\":5,\"department_name\":\"Manu\",\"institution_id\":5,\"isactive\":true,\"faculties\":[{\"id\":3,\"name\":\"Dr. Amit Anand\",\"gender\":\"Male\",\"joining_date\":\"2026-06-24T00:00:00+05:30\",\"department_id\":5,\"isactive\":true,\"students\":[{\"id\":6,\"name\":\"Rahula Kumar\",\"email\":\"raa@example.com\",\"gender\":\"Male\",\"faculty_id\":3,\"isactive\":true,\"fees\":[]},{\"id\":7,\"name\":\"Rahusla Kumar\",\"email\":\"radbshdsdiha@example.com\",\"gender\":\"Male\",\"faculty_id\":3,\"isactive\":true,\"fees\":[]},{\"id\":8,\"name\":\"Rarrhusla Kumar\",\"email\":\"rarrdbshdsdiha@example.com\",\"gender\":\"Male\",\"faculty_id\":3,\"isactive\":true,\"fees\":[]},{\"id\":9,\"name\":\"Rarrhuslddda Kumar\",\"email\":\"rarrdbshddsdiha@example.com\",\"gender\":\"Male\",\"faculty_id\":3,\"isactive\":true,\"fees\":[]},{\"id\":10,\"name\":\"Saple\",\"email\":\"saple@gmail.com\",\"gender\":\"Male\",\"faculty_id\":3,\"isactive\":true,\"fees\":[]}]}]}]},{\"id\":6,\"name\":\"Annasw\",\"institution_code\":\"SW018001\",\"state\":\"Tamil Nadu\",\"isactive\":true,\"departments\":[]},{\"id\":7,\"name\":\"Annass\",\"institution_code\":\"SW77789454\",\"state\":\"Tamil Nadu\",\"isactive\":true,\"departments\":[]},{\"id\":8,\"name\":\"Annassww\",\"institution_code\":\"SW778545489454\",\"state\":\"Tamil Nadu\",\"isactive\":true,\"departments\":[]},{\"id\":10,\"name\":\"Aw\",\"institution_code\":\"78545489454\",\"state\":\"Tamil Nadu\",\"isactive\":true,\"departments\":[]},{\"id\":11,\"name\":\"A5w\",\"institution_code\":\"dnjds\",\"state\":\"Tamil Nadu\",\"isactive\":true,\"departments\":[]},{\"id\":12,\"name\":\"A5DDw\",\"institution_code\":\"dnDjds\",\"state\":\"Tamil Nadu\",\"isactive\":true,\"departments\":[]},{\"id\":13,\"name\":\"A5DDwBB\",\"institution_code\":\"dnDjBBs\",\"state\":\"Tamil Nadu\",\"isactive\":true,\"departments\":[]}],\"limit\":10,\"page\":1,\"total_count\":16,\"total_pages\":2},\"message\":\"Institutes fetched successfully\",\"success\":true}"

**


**
Time      : 2026-07-27 14:01:28
Service   : Institution
Method    : GET
Endpoint  : /institutes/11
Status    : 200

Request:
""

Response:
"{\"data\":{\"id\":11,\"name\":\"A5w\",\"institution_code\":\"dnjds\",\"state\":\"Tamil Nadu\",\"isactive\":true,\"departments\":[]},\"message\":\"Institute fetched successfully\",\"success\":true}"

**


**
Time      : 2026-07-27 14:01:32
Service   : Student
Method    : GET
Endpoint  : /students
Status    : 200

Request:
""

Response:
"{\"data\":{\"items\":[{\"id\":1,\"name\":\"Rahul Kumar\",\"email\":\"rahul@example.com\",\"gender\":\"Male\",\"faculty_id\":1,\"isactive\":true,\"fees\":[{\"id\":1,\"payment_mode\":\"Online\",\"amount\":50000,\"student_id\":1,\"isactive\":true}]},{\"id\":2,\"name\":\"Rahul Kumar Sharma\",\"email\":\"rahul.sharma@example.com\",\"gender\":\"male\",\"faculty_id\":2,\"isactive\":true,\"fees\":[{\"id\":2,\"payment_mode\":\"Online\",\"amount\":50000,\"student_id\":2,\"isactive\":true}]},{\"id\":3,\"name\":\"Rahul Kumar\",\"email\":\"rahula@example.com\",\"gender\":\"Male\",\"faculty_id\":1,\"isactive\":true,\"fees\":[]},{\"id\":4,\"name\":\"Rahul Kumar\",\"email\":\"raha@example.com\",\"gender\":\"Male\",\"faculty_id\":2,\"isactive\":true,\"fees\":[]},{\"id\":5,\"name\":\"Rahula Kumar\",\"email\":\"rahaaa@example.com\",\"gender\":\"Male\",\"faculty_id\":2,\"isactive\":true,\"fees\":[]},{\"id\":6,\"name\":\"Rahula Kumar\",\"email\":\"raa@example.com\",\"gender\":\"Male\",\"faculty_id\":3,\"isactive\":true,\"fees\":[]},{\"id\":7,\"name\":\"Rahusla Kumar\",\"email\":\"radbshdsdiha@example.com\",\"gender\":\"Male\",\"faculty_id\":3,\"isactive\":true,\"fees\":[]},{\"id\":8,\"name\":\"Rarrhusla Kumar\",\"email\":\"rarrdbshdsdiha@example.com\",\"gender\":\"Male\",\"faculty_id\":3,\"isactive\":true,\"fees\":[]},{\"id\":9,\"name\":\"Rarrhuslddda Kumar\",\"email\":\"rarrdbshddsdiha@example.com\",\"gender\":\"Male\",\"faculty_id\":3,\"isactive\":true,\"fees\":[]},{\"id\":10,\"name\":\"Saple\",\"email\":\"saple@gmail.com\",\"gender\":\"Male\",\"faculty_id\":3,\"isactive\":true,\"fees\":[]}],\"limit\":10,\"page\":1,\"total_count\":10,\"total_pages\":1},\"message\":\"Students fetched successfully\",\"success\":true}"

**


**
Time      : 2026-07-27 14:02:09
Service   : Department
Method    : GET
Endpoint  : /departments
Status    : 200

Request:
""

Response:
"{\"data\":{\"items\":[{\"id\":1,\"department_name\":\"Manu\",\"institution_id\":2,\"isactive\":true,\"faculties\":[{\"id\":1,\"name\":\"Dr. Amit Anand\",\"gender\":\"Male\",\"joining_date\":\"2026-06-24T00:00:00+05:30\",\"department_id\":1,\"isactive\":true,\"students\":[{\"id\":1,\"name\":\"Rahul Kumar\",\"email\":\"rahul@example.com\",\"gender\":\"Male\",\"faculty_id\":1,\"isactive\":true,\"fees\":[{\"id\":1,\"payment_mode\":\"Online\",\"amount\":50000,\"student_id\":1,\"isactive\":true}]},{\"id\":3,\"name\":\"Rahul Kumar\",\"email\":\"rahula@example.com\",\"gender\":\"Male\",\"faculty_id\":1,\"isactive\":true,\"fees\":[]}]}]},{\"id\":2,\"department_name\":\"Manu\",\"institution_id\":3,\"isactive\":true,\"faculties\":[]},{\"id\":3,\"department_name\":\"Manu\",\"institution_id\":4,\"isactive\":true,\"faculties\":[{\"id\":2,\"name\":\"Dr. Amit Anand\",\"gender\":\"Male\",\"joining_date\":\"2026-06-24T00:00:00+05:30\",\"department_id\":3,\"isactive\":true,\"students\":[{\"id\":2,\"name\":\"Rahul Kumar Sharma\",\"email\":\"rahul.sharma@example.com\",\"gender\":\"male\",\"faculty_id\":2,\"isactive\":true,\"fees\":[{\"id\":2,\"payment_mode\":\"Online\",\"amount\":50000,\"student_id\":2,\"isactive\":true}]},{\"id\":4,\"name\":\"Rahul Kumar\",\"email\":\"raha@example.com\",\"gender\":\"Male\",\"faculty_id\":2,\"isactive\":true,\"fees\":[]},{\"id\":5,\"name\":\"Rahula Kumar\",\"email\":\"rahaaa@example.com\",\"gender\":\"Male\",\"faculty_id\":2,\"isactive\":true,\"fees\":[]}]}]},{\"id\":4,\"department_name\":\"Manu\",\"institution_id\":16,\"isactive\":true,\"faculties\":[]},{\"id\":5,\"department_name\":\"Manu\",\"institution_id\":5,\"isactive\":true,\"faculties\":[{\"id\":3,\"name\":\"Dr. Amit Anand\",\"gender\":\"Male\",\"joining_date\":\"2026-06-24T00:00:00+05:30\",\"department_id\":5,\"isactive\":true,\"students\":[{\"id\":6,\"name\":\"Rahula Kumar\",\"email\":\"raa@example.com\",\"gender\":\"Male\",\"faculty_id\":3,\"isactive\":true,\"fees\":[]},{\"id\":7,\"name\":\"Rahusla Kumar\",\"email\":\"radbshdsdiha@example.com\",\"gender\":\"Male\",\"faculty_id\":3,\"isactive\":true,\"fees\":[]},{\"id\":8,\"name\":\"Rarrhusla Kumar\",\"email\":\"rarrdbshdsdiha@example.com\",\"gender\":\"Male\",\"faculty_id\":3,\"isactive\":true,\"fees\":[]},{\"id\":9,\"name\":\"Rarrhuslddda Kumar\",\"email\":\"rarrdbshddsdiha@example.com\",\"gender\":\"Male\",\"faculty_id\":3,\"isactive\":true,\"fees\":[]},{\"id\":10,\"name\":\"Saple\",\"email\":\"saple@gmail.com\",\"gender\":\"Male\",\"faculty_id\":3,\"isactive\":true,\"fees\":[]}]}]},{\"id\":6,\"department_name\":\"IT\",\"institution_id\":19,\"isactive\":true,\"faculties\":[]}],\"limit\":10,\"page\":1,\"total_count\":6,\"total_pages\":1},\"message\":\"Departments fetched successfully\",\"success\":true}"

**


**
Time      : 2026-07-27 14:02:10
Service   : Student
Method    : GET
Endpoint  : /students
Status    : 200

Request:
""

Response:
"{\"data\":{\"items\":[{\"id\":1,\"name\":\"Rahul Kumar\",\"email\":\"rahul@example.com\",\"gender\":\"Male\",\"faculty_id\":1,\"isactive\":true,\"fees\":[{\"id\":1,\"payment_mode\":\"Online\",\"amount\":50000,\"student_id\":1,\"isactive\":true}]},{\"id\":2,\"name\":\"Rahul Kumar Sharma\",\"email\":\"rahul.sharma@example.com\",\"gender\":\"male\",\"faculty_id\":2,\"isactive\":true,\"fees\":[{\"id\":2,\"payment_mode\":\"Online\",\"amount\":50000,\"student_id\":2,\"isactive\":true}]},{\"id\":3,\"name\":\"Rahul Kumar\",\"email\":\"rahula@example.com\",\"gender\":\"Male\",\"faculty_id\":1,\"isactive\":true,\"fees\":[]},{\"id\":4,\"name\":\"Rahul Kumar\",\"email\":\"raha@example.com\",\"gender\":\"Male\",\"faculty_id\":2,\"isactive\":true,\"fees\":[]},{\"id\":5,\"name\":\"Rahula Kumar\",\"email\":\"rahaaa@example.com\",\"gender\":\"Male\",\"faculty_id\":2,\"isactive\":true,\"fees\":[]},{\"id\":6,\"name\":\"Rahula Kumar\",\"email\":\"raa@example.com\",\"gender\":\"Male\",\"faculty_id\":3,\"isactive\":true,\"fees\":[]},{\"id\":7,\"name\":\"Rahusla Kumar\",\"email\":\"radbshdsdiha@example.com\",\"gender\":\"Male\",\"faculty_id\":3,\"isactive\":true,\"fees\":[]},{\"id\":8,\"name\":\"Rarrhusla Kumar\",\"email\":\"rarrdbshdsdiha@example.com\",\"gender\":\"Male\",\"faculty_id\":3,\"isactive\":true,\"fees\":[]},{\"id\":9,\"name\":\"Rarrhuslddda Kumar\",\"email\":\"rarrdbshddsdiha@example.com\",\"gender\":\"Male\",\"faculty_id\":3,\"isactive\":true,\"fees\":[]},{\"id\":10,\"name\":\"Saple\",\"email\":\"saple@gmail.com\",\"gender\":\"Male\",\"faculty_id\":3,\"isactive\":true,\"fees\":[]}],\"limit\":10,\"page\":1,\"total_count\":10,\"total_pages\":1},\"message\":\"Students fetched successfully\",\"success\":true}"

**


**
Time      : 2026-07-27 14:02:14
Service   : Student
Method    : GET
Endpoint  : /students
Status    : 200

Request:
""

Response:
"{\"data\":{\"items\":[{\"id\":1,\"name\":\"Rahul Kumar\",\"email\":\"rahul@example.com\",\"gender\":\"Male\",\"faculty_id\":1,\"isactive\":true,\"fees\":[{\"id\":1,\"payment_mode\":\"Online\",\"amount\":50000,\"student_id\":1,\"isactive\":true}]},{\"id\":2,\"name\":\"Rahul Kumar Sharma\",\"email\":\"rahul.sharma@example.com\",\"gender\":\"male\",\"faculty_id\":2,\"isactive\":true,\"fees\":[{\"id\":2,\"payment_mode\":\"Online\",\"amount\":50000,\"student_id\":2,\"isactive\":true}]},{\"id\":3,\"name\":\"Rahul Kumar\",\"email\":\"rahula@example.com\",\"gender\":\"Male\",\"faculty_id\":1,\"isactive\":true,\"fees\":[]},{\"id\":4,\"name\":\"Rahul Kumar\",\"email\":\"raha@example.com\",\"gender\":\"Male\",\"faculty_id\":2,\"isactive\":true,\"fees\":[]},{\"id\":5,\"name\":\"Rahula Kumar\",\"email\":\"rahaaa@example.com\",\"gender\":\"Male\",\"faculty_id\":2,\"isactive\":true,\"fees\":[]}],\"limit\":5,\"page\":1,\"total_count\":10,\"total_pages\":2},\"message\":\"Students fetched successfully\",\"success\":true}"

**


**
Time      : 2026-07-27 14:02:16
Service   : Student
Method    : GET
Endpoint  : /students
Status    : 200

Request:
""

Response:
"{\"data\":{\"items\":[{\"id\":6,\"name\":\"Rahula Kumar\",\"email\":\"raa@example.com\",\"gender\":\"Male\",\"faculty_id\":3,\"isactive\":true,\"fees\":[]},{\"id\":7,\"name\":\"Rahusla Kumar\",\"email\":\"radbshdsdiha@example.com\",\"gender\":\"Male\",\"faculty_id\":3,\"isactive\":true,\"fees\":[]},{\"id\":8,\"name\":\"Rarrhusla Kumar\",\"email\":\"rarrdbshdsdiha@example.com\",\"gender\":\"Male\",\"faculty_id\":3,\"isactive\":true,\"fees\":[]},{\"id\":9,\"name\":\"Rarrhuslddda Kumar\",\"email\":\"rarrdbshddsdiha@example.com\",\"gender\":\"Male\",\"faculty_id\":3,\"isactive\":true,\"fees\":[]},{\"id\":10,\"name\":\"Saple\",\"email\":\"saple@gmail.com\",\"gender\":\"Male\",\"faculty_id\":3,\"isactive\":true,\"fees\":[]}],\"limit\":5,\"page\":2,\"total_count\":10,\"total_pages\":2},\"message\":\"Students fetched successfully\",\"success\":true}"

**


**
Time      : 2026-07-27 14:02:17
Service   : Student
Method    : GET
Endpoint  : /students
Status    : 200

Request:
""

Response:
"{\"data\":{\"items\":[{\"id\":1,\"name\":\"Rahul Kumar\",\"email\":\"rahul@example.com\",\"gender\":\"Male\",\"faculty_id\":1,\"isactive\":true,\"fees\":[{\"id\":1,\"payment_mode\":\"Online\",\"amount\":50000,\"student_id\":1,\"isactive\":true}]},{\"id\":2,\"name\":\"Rahul Kumar Sharma\",\"email\":\"rahul.sharma@example.com\",\"gender\":\"male\",\"faculty_id\":2,\"isactive\":true,\"fees\":[{\"id\":2,\"payment_mode\":\"Online\",\"amount\":50000,\"student_id\":2,\"isactive\":true}]},{\"id\":3,\"name\":\"Rahul Kumar\",\"email\":\"rahula@example.com\",\"gender\":\"Male\",\"faculty_id\":1,\"isactive\":true,\"fees\":[]},{\"id\":4,\"name\":\"Rahul Kumar\",\"email\":\"raha@example.com\",\"gender\":\"Male\",\"faculty_id\":2,\"isactive\":true,\"fees\":[]},{\"id\":5,\"name\":\"Rahula Kumar\",\"email\":\"rahaaa@example.com\",\"gender\":\"Male\",\"faculty_id\":2,\"isactive\":true,\"fees\":[]}],\"limit\":5,\"page\":1,\"total_count\":10,\"total_pages\":2},\"message\":\"Students fetched successfully\",\"success\":true}"

**


**
Time      : 2026-07-27 14:02:38
Service   : Student
Method    : GET
Endpoint  : /students/1
Status    : 200

Request:
""

Response:
"{\"data\":{\"id\":1,\"name\":\"Rahul Kumar\",\"email\":\"rahul@example.com\",\"gender\":\"Male\",\"faculty_id\":1,\"isactive\":true,\"fees\":[{\"id\":1,\"payment_mode\":\"Online\",\"amount\":50000,\"student_id\":1,\"isactive\":true}]},\"message\":\"Student fetched successfully\",\"success\":true}"

**


**
Time      : 2026-07-27 14:03:33
Service   : General
Method    : POST
Endpoint  : /logout
Status    : 200

Request:
"{\"user_id\":94,\"refresh_token\":\"eyJhbGciOiJIUzI1NiIsInR5cCI6IkpXVCJ9.eyJleHAiOjE3ODc3MzMwNDksImlhdCI6MTc4NTE0MTA0OSwic2Vzc2lvbl9pZCI6IjhhOGJhZGYxLTc4NTQtNGEzNS04ODA3LWUyOTg2NTRiZWViMiIsInVzZXJfaWQiOjk0fQ.dfrVYIuRPZLEHqN1i-hXlRwleIzelvDv10Ymx2g7Q04\"}"

Response:
"{\"data\":null,\"message\":\"Logout successful\",\"success\":true}"

**


**
Time      : 2026-07-27 14:03:36
Service   : Auth
Method    : POST
Endpoint  : /signin
Status    : 200

Request:
"[REDACTED/SENSITIVE]"

Response:
"{\"data\":{\"access_token\":\"eyJhbGciOiJIUzI1NiIsInR5cCI6IkpXVCJ9.eyJleHAiOjE3ODUxNDIxMTYsImlhdCI6MTc4NTE0MTIxNiwic2Vzc2lvbl9pZCI6IjY5ZTBhNmY0LTdlMjgtNDAxNS05ZTdjLWM1ZjgwYTljMDI4YyIsInVzZXJfaWQiOjk0fQ.V8CLT5tbWHmUCbbEHZs4paQuocSUHQ85lvv6QgfgBTs\",\"refresh_token\":\"eyJhbGciOiJIUzI1NiIsInR5cCI6IkpXVCJ9.eyJleHAiOjE3ODc3MzMyMTYsImlhdCI6MTc4NTE0MTIxNiwic2Vzc2lvbl9pZCI6IjY5ZTBhNmY0LTdlMjgtNDAxNS05ZTdjLWM1ZjgwYTljMDI4YyIsInVzZXJfaWQiOjk0fQ.fVHpcRCC-yxepV09IsL-23ozsmXrKjyi-oqhSwJTpXQ\",\"user_id\":94,\"session_id\":\"69e0a6f4-7e28-4015-9e7c-c5f80a9c028c\"},\"message\":\"Signed in successfully\",\"success\":true}"

**


**
Time      : 2026-07-27 14:03:36
Service   : Institution
Method    : GET
Endpoint  : /institutes/
Status    : 200

Request:
""

Response:
"{\"data\":{\"items\":[{\"id\":3,\"name\":\"Anna\",\"institution_code\":\"sw51001\",\"state\":\"Tamil Nadu\",\"isactive\":true,\"departments\":[{\"id\":2,\"department_name\":\"Manu\",\"institution_id\":3,\"isactive\":true,\"faculties\":[]}]},{\"id\":4,\"name\":\"Anna University Main Campus\",\"institution_code\":\"AU1001-M\",\"state\":\"Tamil Nadu\",\"isactive\":true,\"departments\":[{\"id\":3,\"department_name\":\"Manu\",\"institution_id\":4,\"isactive\":true,\"faculties\":[{\"id\":2,\"name\":\"Dr. Amit Anand\",\"gender\":\"Male\",\"joining_date\":\"2026-06-24T00:00:00+05:30\",\"department_id\":3,\"isactive\":true,\"students\":[{\"id\":2,\"name\":\"Rahul Kumar Sharma\",\"email\":\"rahul.sharma@example.com\",\"gender\":\"male\",\"faculty_id\":2,\"isactive\":true,\"fees\":[{\"id\":2,\"payment_mode\":\"Online\",\"amount\":50000,\"student_id\":2,\"isactive\":true}]},{\"id\":4,\"name\":\"Rahul Kumar\",\"email\":\"raha@example.com\",\"gender\":\"Male\",\"faculty_id\":2,\"isactive\":true,\"fees\":[]},{\"id\":5,\"name\":\"Rahula Kumar\",\"email\":\"rahaaa@example.com\",\"gender\":\"Male\",\"faculty_id\":2,\"isactive\":true,\"fees\":[]}]}]}]},{\"id\":5,\"name\":\"Annas\",\"institution_code\":\"SW01001\",\"state\":\"Tamil Nadu\",\"isactive\":true,\"departments\":[{\"id\":5,\"department_name\":\"Manu\",\"institution_id\":5,\"isactive\":true,\"faculties\":[{\"id\":3,\"name\":\"Dr. Amit Anand\",\"gender\":\"Male\",\"joining_date\":\"2026-06-24T00:00:00+05:30\",\"department_id\":5,\"isactive\":true,\"students\":[{\"id\":6,\"name\":\"Rahula Kumar\",\"email\":\"raa@example.com\",\"gender\":\"Male\",\"faculty_id\":3,\"isactive\":true,\"fees\":[]},{\"id\":7,\"name\":\"Rahusla Kumar\",\"email\":\"radbshdsdiha@example.com\",\"gender\":\"Male\",\"faculty_id\":3,\"isactive\":true,\"fees\":[]},{\"id\":8,\"name\":\"Rarrhusla Kumar\",\"email\":\"rarrdbshdsdiha@example.com\",\"gender\":\"Male\",\"faculty_id\":3,\"isactive\":true,\"fees\":[]},{\"id\":9,\"name\":\"Rarrhuslddda Kumar\",\"email\":\"rarrdbshddsdiha@example.com\",\"gender\":\"Male\",\"faculty_id\":3,\"isactive\":true,\"fees\":[]},{\"id\":10,\"name\":\"Saple\",\"email\":\"saple@gmail.com\",\"gender\":\"Male\",\"faculty_id\":3,\"isactive\":true,\"fees\":[]}]}]}]},{\"id\":6,\"name\":\"Annasw\",\"institution_code\":\"SW018001\",\"state\":\"Tamil Nadu\",\"isactive\":true,\"departments\":[]},{\"id\":7,\"name\":\"Annass\",\"institution_code\":\"SW77789454\",\"state\":\"Tamil Nadu\",\"isactive\":true,\"departments\":[]},{\"id\":8,\"name\":\"Annassww\",\"institution_code\":\"SW778545489454\",\"state\":\"Tamil Nadu\",\"isactive\":true,\"departments\":[]},{\"id\":10,\"name\":\"Aw\",\"institution_code\":\"78545489454\",\"state\":\"Tamil Nadu\",\"isactive\":true,\"departments\":[]},{\"id\":11,\"name\":\"A5w\",\"institution_code\":\"dnjds\",\"state\":\"Tamil Nadu\",\"isactive\":true,\"departments\":[]},{\"id\":12,\"name\":\"A5DDw\",\"institution_code\":\"dnDjds\",\"state\":\"Tamil Nadu\",\"isactive\":true,\"departments\":[]},{\"id\":13,\"name\":\"A5DDwBB\",\"institution_code\":\"dnDjBBs\",\"state\":\"Tamil Nadu\",\"isactive\":true,\"departments\":[]}],\"limit\":10,\"page\":1,\"total_count\":16,\"total_pages\":2},\"message\":\"Institutes fetched successfully\",\"success\":true}"

**


**
Time      : 2026-07-27 14:04:00
Service   : General
Method    : POST
Endpoint  : /logout
Status    : 200

Request:
"{\"user_id\":94,\"refresh_token\":\"eyJhbGciOiJIUzI1NiIsInR5cCI6IkpXVCJ9.eyJleHAiOjE3ODc3MzMyMTYsImlhdCI6MTc4NTE0MTIxNiwic2Vzc2lvbl9pZCI6IjY5ZTBhNmY0LTdlMjgtNDAxNS05ZTdjLWM1ZjgwYTljMDI4YyIsInVzZXJfaWQiOjk0fQ.fVHpcRCC-yxepV09IsL-23ozsmXrKjyi-oqhSwJTpXQ\"}"

Response:
"{\"data\":null,\"message\":\"Logout successful\",\"success\":true}"

**


**
Time      : 2026-07-27 14:04:03
Service   : Auth
Method    : POST
Endpoint  : /signin
Status    : 200

Request:
"[REDACTED/SENSITIVE]"

Response:
"{\"data\":{\"access_token\":\"eyJhbGciOiJIUzI1NiIsInR5cCI6IkpXVCJ9.eyJleHAiOjE3ODUxNDIxNDMsImlhdCI6MTc4NTE0MTI0Mywic2Vzc2lvbl9pZCI6IjhiMzE4NDhmLTRhZWYtNDYwOC1iODg1LTFmMzE1Y2ZkYzkzNyIsInVzZXJfaWQiOjk0fQ.wgqmy-ZBvA6cb4isvC7D8XWoFCZVfednteV807ZnOcQ\",\"refresh_token\":\"eyJhbGciOiJIUzI1NiIsInR5cCI6IkpXVCJ9.eyJleHAiOjE3ODc3MzMyNDMsImlhdCI6MTc4NTE0MTI0Mywic2Vzc2lvbl9pZCI6IjhiMzE4NDhmLTRhZWYtNDYwOC1iODg1LTFmMzE1Y2ZkYzkzNyIsInVzZXJfaWQiOjk0fQ.ZFi0L2jurWz-3jVY0EI1U3DUmYCR-EHAAOTi3wHQOy8\",\"user_id\":94,\"session_id\":\"8b31848f-4aef-4608-b885-1f315cfdc937\"},\"message\":\"Signed in successfully\",\"success\":true}"

**


**
Time      : 2026-07-27 14:04:03
Service   : Institution
Method    : GET
Endpoint  : /institutes/
Status    : 200

Request:
""

Response:
"{\"data\":{\"items\":[{\"id\":3,\"name\":\"Anna\",\"institution_code\":\"sw51001\",\"state\":\"Tamil Nadu\",\"isactive\":true,\"departments\":[{\"id\":2,\"department_name\":\"Manu\",\"institution_id\":3,\"isactive\":true,\"faculties\":[]}]},{\"id\":4,\"name\":\"Anna University Main Campus\",\"institution_code\":\"AU1001-M\",\"state\":\"Tamil Nadu\",\"isactive\":true,\"departments\":[{\"id\":3,\"department_name\":\"Manu\",\"institution_id\":4,\"isactive\":true,\"faculties\":[{\"id\":2,\"name\":\"Dr. Amit Anand\",\"gender\":\"Male\",\"joining_date\":\"2026-06-24T00:00:00+05:30\",\"department_id\":3,\"isactive\":true,\"students\":[{\"id\":2,\"name\":\"Rahul Kumar Sharma\",\"email\":\"rahul.sharma@example.com\",\"gender\":\"male\",\"faculty_id\":2,\"isactive\":true,\"fees\":[{\"id\":2,\"payment_mode\":\"Online\",\"amount\":50000,\"student_id\":2,\"isactive\":true}]},{\"id\":4,\"name\":\"Rahul Kumar\",\"email\":\"raha@example.com\",\"gender\":\"Male\",\"faculty_id\":2,\"isactive\":true,\"fees\":[]},{\"id\":5,\"name\":\"Rahula Kumar\",\"email\":\"rahaaa@example.com\",\"gender\":\"Male\",\"faculty_id\":2,\"isactive\":true,\"fees\":[]}]}]}]},{\"id\":5,\"name\":\"Annas\",\"institution_code\":\"SW01001\",\"state\":\"Tamil Nadu\",\"isactive\":true,\"departments\":[{\"id\":5,\"department_name\":\"Manu\",\"institution_id\":5,\"isactive\":true,\"faculties\":[{\"id\":3,\"name\":\"Dr. Amit Anand\",\"gender\":\"Male\",\"joining_date\":\"2026-06-24T00:00:00+05:30\",\"department_id\":5,\"isactive\":true,\"students\":[{\"id\":6,\"name\":\"Rahula Kumar\",\"email\":\"raa@example.com\",\"gender\":\"Male\",\"faculty_id\":3,\"isactive\":true,\"fees\":[]},{\"id\":7,\"name\":\"Rahusla Kumar\",\"email\":\"radbshdsdiha@example.com\",\"gender\":\"Male\",\"faculty_id\":3,\"isactive\":true,\"fees\":[]},{\"id\":8,\"name\":\"Rarrhusla Kumar\",\"email\":\"rarrdbshdsdiha@example.com\",\"gender\":\"Male\",\"faculty_id\":3,\"isactive\":true,\"fees\":[]},{\"id\":9,\"name\":\"Rarrhuslddda Kumar\",\"email\":\"rarrdbshddsdiha@example.com\",\"gender\":\"Male\",\"faculty_id\":3,\"isactive\":true,\"fees\":[]},{\"id\":10,\"name\":\"Saple\",\"email\":\"saple@gmail.com\",\"gender\":\"Male\",\"faculty_id\":3,\"isactive\":true,\"fees\":[]}]}]}]},{\"id\":6,\"name\":\"Annasw\",\"institution_code\":\"SW018001\",\"state\":\"Tamil Nadu\",\"isactive\":true,\"departments\":[]},{\"id\":7,\"name\":\"Annass\",\"institution_code\":\"SW77789454\",\"state\":\"Tamil Nadu\",\"isactive\":true,\"departments\":[]},{\"id\":8,\"name\":\"Annassww\",\"institution_code\":\"SW778545489454\",\"state\":\"Tamil Nadu\",\"isactive\":true,\"departments\":[]},{\"id\":10,\"name\":\"Aw\",\"institution_code\":\"78545489454\",\"state\":\"Tamil Nadu\",\"isactive\":true,\"departments\":[]},{\"id\":11,\"name\":\"A5w\",\"institution_code\":\"dnjds\",\"state\":\"Tamil Nadu\",\"isactive\":true,\"departments\":[]},{\"id\":12,\"name\":\"A5DDw\",\"institution_code\":\"dnDjds\",\"state\":\"Tamil Nadu\",\"isactive\":true,\"departments\":[]},{\"id\":13,\"name\":\"A5DDwBB\",\"institution_code\":\"dnDjBBs\",\"state\":\"Tamil Nadu\",\"isactive\":true,\"departments\":[]}],\"limit\":10,\"page\":1,\"total_count\":16,\"total_pages\":2},\"message\":\"Institutes fetched successfully\",\"success\":true}"

**


**
Time      : 2026-07-27 14:08:19
Service   : General
Method    : POST
Endpoint  : /logout
Status    : 200

Request:
"{\"user_id\":94,\"refresh_token\":\"eyJhbGciOiJIUzI1NiIsInR5cCI6IkpXVCJ9.eyJleHAiOjE3ODc3MzMyNDMsImlhdCI6MTc4NTE0MTI0Mywic2Vzc2lvbl9pZCI6IjhiMzE4NDhmLTRhZWYtNDYwOC1iODg1LTFmMzE1Y2ZkYzkzNyIsInVzZXJfaWQiOjk0fQ.ZFi0L2jurWz-3jVY0EI1U3DUmYCR-EHAAOTi3wHQOy8\"}"

Response:
"{\"data\":null,\"message\":\"Logout successful\",\"success\":true}"

**


**
Time      : 2026-07-27 14:08:22
Service   : Auth
Method    : POST
Endpoint  : /signin
Status    : 200

Request:
"[REDACTED/SENSITIVE]"

Response:
"{\"data\":{\"access_token\":\"eyJhbGciOiJIUzI1NiIsInR5cCI6IkpXVCJ9.eyJleHAiOjE3ODUxNDI0MDIsImlhdCI6MTc4NTE0MTUwMiwic2Vzc2lvbl9pZCI6IjYzN2FmNzFhLWNhOTMtNDdmOC04N2M2LTVmYTExNmY0Yzk2MSIsInVzZXJfaWQiOjk0fQ.GUEcC9Rw_tnZNjr7PO-aC_iSTmXNCK5pL8sjxUBb8y4\",\"refresh_token\":\"eyJhbGciOiJIUzI1NiIsInR5cCI6IkpXVCJ9.eyJleHAiOjE3ODc3MzM1MDIsImlhdCI6MTc4NTE0MTUwMiwic2Vzc2lvbl9pZCI6IjYzN2FmNzFhLWNhOTMtNDdmOC04N2M2LTVmYTExNmY0Yzk2MSIsInVzZXJfaWQiOjk0fQ.ldf9ELd1Y1zTn1toZcXz_nwQmty5y3l26xht84FdNAU\",\"user_id\":94,\"session_id\":\"637af71a-ca93-47f8-87c6-5fa116f4c961\"},\"message\":\"Signed in successfully\",\"success\":true}"

**


**
Time      : 2026-07-27 14:08:22
Service   : Institution
Method    : GET
Endpoint  : /institutes/
Status    : 200

Request:
""

Response:
"{\"data\":{\"items\":[{\"id\":3,\"name\":\"Anna\",\"institution_code\":\"sw51001\",\"state\":\"Tamil Nadu\",\"isactive\":true,\"departments\":[{\"id\":2,\"department_name\":\"Manu\",\"institution_id\":3,\"isactive\":true,\"faculties\":[]}]},{\"id\":4,\"name\":\"Anna University Main Campus\",\"institution_code\":\"AU1001-M\",\"state\":\"Tamil Nadu\",\"isactive\":true,\"departments\":[{\"id\":3,\"department_name\":\"Manu\",\"institution_id\":4,\"isactive\":true,\"faculties\":[{\"id\":2,\"name\":\"Dr. Amit Anand\",\"gender\":\"Male\",\"joining_date\":\"2026-06-24T00:00:00+05:30\",\"department_id\":3,\"isactive\":true,\"students\":[{\"id\":2,\"name\":\"Rahul Kumar Sharma\",\"email\":\"rahul.sharma@example.com\",\"gender\":\"male\",\"faculty_id\":2,\"isactive\":true,\"fees\":[{\"id\":2,\"payment_mode\":\"Online\",\"amount\":50000,\"student_id\":2,\"isactive\":true}]},{\"id\":4,\"name\":\"Rahul Kumar\",\"email\":\"raha@example.com\",\"gender\":\"Male\",\"faculty_id\":2,\"isactive\":true,\"fees\":[]},{\"id\":5,\"name\":\"Rahula Kumar\",\"email\":\"rahaaa@example.com\",\"gender\":\"Male\",\"faculty_id\":2,\"isactive\":true,\"fees\":[]}]}]}]},{\"id\":5,\"name\":\"Annas\",\"institution_code\":\"SW01001\",\"state\":\"Tamil Nadu\",\"isactive\":true,\"departments\":[{\"id\":5,\"department_name\":\"Manu\",\"institution_id\":5,\"isactive\":true,\"faculties\":[{\"id\":3,\"name\":\"Dr. Amit Anand\",\"gender\":\"Male\",\"joining_date\":\"2026-06-24T00:00:00+05:30\",\"department_id\":5,\"isactive\":true,\"students\":[{\"id\":6,\"name\":\"Rahula Kumar\",\"email\":\"raa@example.com\",\"gender\":\"Male\",\"faculty_id\":3,\"isactive\":true,\"fees\":[]},{\"id\":7,\"name\":\"Rahusla Kumar\",\"email\":\"radbshdsdiha@example.com\",\"gender\":\"Male\",\"faculty_id\":3,\"isactive\":true,\"fees\":[]},{\"id\":8,\"name\":\"Rarrhusla Kumar\",\"email\":\"rarrdbshdsdiha@example.com\",\"gender\":\"Male\",\"faculty_id\":3,\"isactive\":true,\"fees\":[]},{\"id\":9,\"name\":\"Rarrhuslddda Kumar\",\"email\":\"rarrdbshddsdiha@example.com\",\"gender\":\"Male\",\"faculty_id\":3,\"isactive\":true,\"fees\":[]},{\"id\":10,\"name\":\"Saple\",\"email\":\"saple@gmail.com\",\"gender\":\"Male\",\"faculty_id\":3,\"isactive\":true,\"fees\":[]}]}]}]},{\"id\":6,\"name\":\"Annasw\",\"institution_code\":\"SW018001\",\"state\":\"Tamil Nadu\",\"isactive\":true,\"departments\":[]},{\"id\":7,\"name\":\"Annass\",\"institution_code\":\"SW77789454\",\"state\":\"Tamil Nadu\",\"isactive\":true,\"departments\":[]},{\"id\":8,\"name\":\"Annassww\",\"institution_code\":\"SW778545489454\",\"state\":\"Tamil Nadu\",\"isactive\":true,\"departments\":[]},{\"id\":10,\"name\":\"Aw\",\"institution_code\":\"78545489454\",\"state\":\"Tamil Nadu\",\"isactive\":true,\"departments\":[]},{\"id\":11,\"name\":\"A5w\",\"institution_code\":\"dnjds\",\"state\":\"Tamil Nadu\",\"isactive\":true,\"departments\":[]},{\"id\":12,\"name\":\"A5DDw\",\"institution_code\":\"dnDjds\",\"state\":\"Tamil Nadu\",\"isactive\":true,\"departments\":[]},{\"id\":13,\"name\":\"A5DDwBB\",\"institution_code\":\"dnDjBBs\",\"state\":\"Tamil Nadu\",\"isactive\":true,\"departments\":[]}],\"limit\":10,\"page\":1,\"total_count\":16,\"total_pages\":2},\"message\":\"Institutes fetched successfully\",\"success\":true}"

**


**
Time      : 2026-07-27 14:08:24
Service   : General
Method    : POST
Endpoint  : /logout
Status    : 200

Request:
"{\"user_id\":94,\"refresh_token\":\"eyJhbGciOiJIUzI1NiIsInR5cCI6IkpXVCJ9.eyJleHAiOjE3ODc3MzM1MDIsImlhdCI6MTc4NTE0MTUwMiwic2Vzc2lvbl9pZCI6IjYzN2FmNzFhLWNhOTMtNDdmOC04N2M2LTVmYTExNmY0Yzk2MSIsInVzZXJfaWQiOjk0fQ.ldf9ELd1Y1zTn1toZcXz_nwQmty5y3l26xht84FdNAU\"}"

Response:
"{\"data\":null,\"message\":\"Logout successful\",\"success\":true}"

**


**
Time      : 2026-07-27 14:10:29
Service   : Auth
Method    : POST
Endpoint  : /signin
Status    : 200

Request:
"[REDACTED/SENSITIVE]"

Response:
"{\"data\":{\"access_token\":\"eyJhbGciOiJIUzI1NiIsInR5cCI6IkpXVCJ9.eyJleHAiOjE3ODUxNDI1MjksImlhdCI6MTc4NTE0MTYyOSwic2Vzc2lvbl9pZCI6IjE3N2VkZTAzLWNjZDctNGIxOS1iNDdiLTYwZWY5OGZhN2Y4MiIsInVzZXJfaWQiOjk0fQ.-wawdj5k9ZBeSKy_YH3oimEWdQS7zdjBhyACHzZpgis\",\"refresh_token\":\"eyJhbGciOiJIUzI1NiIsInR5cCI6IkpXVCJ9.eyJleHAiOjE3ODc3MzM2MjksImlhdCI6MTc4NTE0MTYyOSwic2Vzc2lvbl9pZCI6IjE3N2VkZTAzLWNjZDctNGIxOS1iNDdiLTYwZWY5OGZhN2Y4MiIsInVzZXJfaWQiOjk0fQ.dUxvOLlIjCGUlGNB3nOm_slGmv5QnPyBd_MNj96IrBQ\",\"user_id\":94,\"session_id\":\"177ede03-ccd7-4b19-b47b-60ef98fa7f82\"},\"message\":\"Signed in successfully\",\"success\":true}"

**


**
Time      : 2026-07-27 14:10:29
Service   : Institution
Method    : GET
Endpoint  : /institutes/
Status    : 200

Request:
""

Response:
"{\"data\":{\"items\":[{\"id\":3,\"name\":\"Anna\",\"institution_code\":\"sw51001\",\"state\":\"Tamil Nadu\",\"isactive\":true,\"departments\":[{\"id\":2,\"department_name\":\"Manu\",\"institution_id\":3,\"isactive\":true,\"faculties\":[]}]},{\"id\":4,\"name\":\"Anna University Main Campus\",\"institution_code\":\"AU1001-M\",\"state\":\"Tamil Nadu\",\"isactive\":true,\"departments\":[{\"id\":3,\"department_name\":\"Manu\",\"institution_id\":4,\"isactive\":true,\"faculties\":[{\"id\":2,\"name\":\"Dr. Amit Anand\",\"gender\":\"Male\",\"joining_date\":\"2026-06-24T00:00:00+05:30\",\"department_id\":3,\"isactive\":true,\"students\":[{\"id\":2,\"name\":\"Rahul Kumar Sharma\",\"email\":\"rahul.sharma@example.com\",\"gender\":\"male\",\"faculty_id\":2,\"isactive\":true,\"fees\":[{\"id\":2,\"payment_mode\":\"Online\",\"amount\":50000,\"student_id\":2,\"isactive\":true}]},{\"id\":4,\"name\":\"Rahul Kumar\",\"email\":\"raha@example.com\",\"gender\":\"Male\",\"faculty_id\":2,\"isactive\":true,\"fees\":[]},{\"id\":5,\"name\":\"Rahula Kumar\",\"email\":\"rahaaa@example.com\",\"gender\":\"Male\",\"faculty_id\":2,\"isactive\":true,\"fees\":[]}]}]}]},{\"id\":5,\"name\":\"Annas\",\"institution_code\":\"SW01001\",\"state\":\"Tamil Nadu\",\"isactive\":true,\"departments\":[{\"id\":5,\"department_name\":\"Manu\",\"institution_id\":5,\"isactive\":true,\"faculties\":[{\"id\":3,\"name\":\"Dr. Amit Anand\",\"gender\":\"Male\",\"joining_date\":\"2026-06-24T00:00:00+05:30\",\"department_id\":5,\"isactive\":true,\"students\":[{\"id\":6,\"name\":\"Rahula Kumar\",\"email\":\"raa@example.com\",\"gender\":\"Male\",\"faculty_id\":3,\"isactive\":true,\"fees\":[]},{\"id\":7,\"name\":\"Rahusla Kumar\",\"email\":\"radbshdsdiha@example.com\",\"gender\":\"Male\",\"faculty_id\":3,\"isactive\":true,\"fees\":[]},{\"id\":8,\"name\":\"Rarrhusla Kumar\",\"email\":\"rarrdbshdsdiha@example.com\",\"gender\":\"Male\",\"faculty_id\":3,\"isactive\":true,\"fees\":[]},{\"id\":9,\"name\":\"Rarrhuslddda Kumar\",\"email\":\"rarrdbshddsdiha@example.com\",\"gender\":\"Male\",\"faculty_id\":3,\"isactive\":true,\"fees\":[]},{\"id\":10,\"name\":\"Saple\",\"email\":\"saple@gmail.com\",\"gender\":\"Male\",\"faculty_id\":3,\"isactive\":true,\"fees\":[]}]}]}]},{\"id\":6,\"name\":\"Annasw\",\"institution_code\":\"SW018001\",\"state\":\"Tamil Nadu\",\"isactive\":true,\"departments\":[]},{\"id\":7,\"name\":\"Annass\",\"institution_code\":\"SW77789454\",\"state\":\"Tamil Nadu\",\"isactive\":true,\"departments\":[]},{\"id\":8,\"name\":\"Annassww\",\"institution_code\":\"SW778545489454\",\"state\":\"Tamil Nadu\",\"isactive\":true,\"departments\":[]},{\"id\":10,\"name\":\"Aw\",\"institution_code\":\"78545489454\",\"state\":\"Tamil Nadu\",\"isactive\":true,\"departments\":[]},{\"id\":11,\"name\":\"A5w\",\"institution_code\":\"dnjds\",\"state\":\"Tamil Nadu\",\"isactive\":true,\"departments\":[]},{\"id\":12,\"name\":\"A5DDw\",\"institution_code\":\"dnDjds\",\"state\":\"Tamil Nadu\",\"isactive\":true,\"departments\":[]},{\"id\":13,\"name\":\"A5DDwBB\",\"institution_code\":\"dnDjBBs\",\"state\":\"Tamil Nadu\",\"isactive\":true,\"departments\":[]}],\"limit\":10,\"page\":1,\"total_count\":16,\"total_pages\":2},\"message\":\"Institutes fetched successfully\",\"success\":true}"

**


**
Time      : 2026-07-27 14:10:30
Service   : Auth
Method    : POST
Endpoint  : /signin
Status    : 200

Request:
"[REDACTED/SENSITIVE]"

Response:
"{\"data\":{\"access_token\":\"eyJhbGciOiJIUzI1NiIsInR5cCI6IkpXVCJ9.eyJleHAiOjE3ODUxNDI1MzAsImlhdCI6MTc4NTE0MTYzMCwic2Vzc2lvbl9pZCI6ImZmZDE0OWUzLTZhNzgtNGVlZi05ZDMyLWVkYWY1NDFkM2ZmYiIsInVzZXJfaWQiOjk0fQ.fHQL2pZzIy5OHhwjsxs5eeAy-aSRoGlwutC-FuvQBvs\",\"refresh_token\":\"eyJhbGciOiJIUzI1NiIsInR5cCI6IkpXVCJ9.eyJleHAiOjE3ODc3MzM2MzAsImlhdCI6MTc4NTE0MTYzMCwic2Vzc2lvbl9pZCI6ImZmZDE0OWUzLTZhNzgtNGVlZi05ZDMyLWVkYWY1NDFkM2ZmYiIsInVzZXJfaWQiOjk0fQ._V6AmysmqO85LkBeQxiAQiMDmKucNdBWYIBcRr3eisw\",\"user_id\":94,\"session_id\":\"ffd149e3-6a78-4eef-9d32-edaf541d3ffb\"},\"message\":\"Signed in successfully\",\"success\":true}"

**


**
Time      : 2026-07-27 14:10:31
Service   : General
Method    : POST
Endpoint  : /logout
Status    : 200

Request:
"{\"user_id\":94,\"refresh_token\":\"eyJhbGciOiJIUzI1NiIsInR5cCI6IkpXVCJ9.eyJleHAiOjE3ODc3MzM2MzAsImlhdCI6MTc4NTE0MTYzMCwic2Vzc2lvbl9pZCI6ImZmZDE0OWUzLTZhNzgtNGVlZi05ZDMyLWVkYWY1NDFkM2ZmYiIsInVzZXJfaWQiOjk0fQ._V6AmysmqO85LkBeQxiAQiMDmKucNdBWYIBcRr3eisw\"}"

Response:
"{\"data\":null,\"message\":\"Logout successful\",\"success\":true}"

**


**
Time      : 2026-07-27 14:11:00
Service   : Auth
Method    : POST
Endpoint  : /signin
Status    : 200

Request:
"[REDACTED/SENSITIVE]"

Response:
"{\"data\":{\"access_token\":\"eyJhbGciOiJIUzI1NiIsInR5cCI6IkpXVCJ9.eyJleHAiOjE3ODUxNDI1NjAsImlhdCI6MTc4NTE0MTY2MCwic2Vzc2lvbl9pZCI6ImRlMzkwOWU4LTJmOGMtNDFiNi1iNDM4LTdlNmJiYWQ1NzBiMSIsInVzZXJfaWQiOjk0fQ.ITVQorK-YSla5aMe92_rCQ72aAOqoJLpE38N38Y4bcU\",\"refresh_token\":\"eyJhbGciOiJIUzI1NiIsInR5cCI6IkpXVCJ9.eyJleHAiOjE3ODc3MzM2NjAsImlhdCI6MTc4NTE0MTY2MCwic2Vzc2lvbl9pZCI6ImRlMzkwOWU4LTJmOGMtNDFiNi1iNDM4LTdlNmJiYWQ1NzBiMSIsInVzZXJfaWQiOjk0fQ.zObIabnhE8IWcMmE7PE61VJyBj47S1a9PHbVAF3fMyU\",\"user_id\":94,\"session_id\":\"de3909e8-2f8c-41b6-b438-7e6bbad570b1\"},\"message\":\"Signed in successfully\",\"success\":true}"

**


**
Time      : 2026-07-27 14:11:00
Service   : Institution
Method    : GET
Endpoint  : /institutes/
Status    : 200

Request:
""

Response:
"{\"data\":{\"items\":[{\"id\":3,\"name\":\"Anna\",\"institution_code\":\"sw51001\",\"state\":\"Tamil Nadu\",\"isactive\":true,\"departments\":[{\"id\":2,\"department_name\":\"Manu\",\"institution_id\":3,\"isactive\":true,\"faculties\":[]}]},{\"id\":4,\"name\":\"Anna University Main Campus\",\"institution_code\":\"AU1001-M\",\"state\":\"Tamil Nadu\",\"isactive\":true,\"departments\":[{\"id\":3,\"department_name\":\"Manu\",\"institution_id\":4,\"isactive\":true,\"faculties\":[{\"id\":2,\"name\":\"Dr. Amit Anand\",\"gender\":\"Male\",\"joining_date\":\"2026-06-24T00:00:00+05:30\",\"department_id\":3,\"isactive\":true,\"students\":[{\"id\":2,\"name\":\"Rahul Kumar Sharma\",\"email\":\"rahul.sharma@example.com\",\"gender\":\"male\",\"faculty_id\":2,\"isactive\":true,\"fees\":[{\"id\":2,\"payment_mode\":\"Online\",\"amount\":50000,\"student_id\":2,\"isactive\":true}]},{\"id\":4,\"name\":\"Rahul Kumar\",\"email\":\"raha@example.com\",\"gender\":\"Male\",\"faculty_id\":2,\"isactive\":true,\"fees\":[]},{\"id\":5,\"name\":\"Rahula Kumar\",\"email\":\"rahaaa@example.com\",\"gender\":\"Male\",\"faculty_id\":2,\"isactive\":true,\"fees\":[]}]}]}]},{\"id\":5,\"name\":\"Annas\",\"institution_code\":\"SW01001\",\"state\":\"Tamil Nadu\",\"isactive\":true,\"departments\":[{\"id\":5,\"department_name\":\"Manu\",\"institution_id\":5,\"isactive\":true,\"faculties\":[{\"id\":3,\"name\":\"Dr. Amit Anand\",\"gender\":\"Male\",\"joining_date\":\"2026-06-24T00:00:00+05:30\",\"department_id\":5,\"isactive\":true,\"students\":[{\"id\":6,\"name\":\"Rahula Kumar\",\"email\":\"raa@example.com\",\"gender\":\"Male\",\"faculty_id\":3,\"isactive\":true,\"fees\":[]},{\"id\":7,\"name\":\"Rahusla Kumar\",\"email\":\"radbshdsdiha@example.com\",\"gender\":\"Male\",\"faculty_id\":3,\"isactive\":true,\"fees\":[]},{\"id\":8,\"name\":\"Rarrhusla Kumar\",\"email\":\"rarrdbshdsdiha@example.com\",\"gender\":\"Male\",\"faculty_id\":3,\"isactive\":true,\"fees\":[]},{\"id\":9,\"name\":\"Rarrhuslddda Kumar\",\"email\":\"rarrdbshddsdiha@example.com\",\"gender\":\"Male\",\"faculty_id\":3,\"isactive\":true,\"fees\":[]},{\"id\":10,\"name\":\"Saple\",\"email\":\"saple@gmail.com\",\"gender\":\"Male\",\"faculty_id\":3,\"isactive\":true,\"fees\":[]}]}]}]},{\"id\":6,\"name\":\"Annasw\",\"institution_code\":\"SW018001\",\"state\":\"Tamil Nadu\",\"isactive\":true,\"departments\":[]},{\"id\":7,\"name\":\"Annass\",\"institution_code\":\"SW77789454\",\"state\":\"Tamil Nadu\",\"isactive\":true,\"departments\":[]},{\"id\":8,\"name\":\"Annassww\",\"institution_code\":\"SW778545489454\",\"state\":\"Tamil Nadu\",\"isactive\":true,\"departments\":[]},{\"id\":10,\"name\":\"Aw\",\"institution_code\":\"78545489454\",\"state\":\"Tamil Nadu\",\"isactive\":true,\"departments\":[]},{\"id\":11,\"name\":\"A5w\",\"institution_code\":\"dnjds\",\"state\":\"Tamil Nadu\",\"isactive\":true,\"departments\":[]},{\"id\":12,\"name\":\"A5DDw\",\"institution_code\":\"dnDjds\",\"state\":\"Tamil Nadu\",\"isactive\":true,\"departments\":[]},{\"id\":13,\"name\":\"A5DDwBB\",\"institution_code\":\"dnDjBBs\",\"state\":\"Tamil Nadu\",\"isactive\":true,\"departments\":[]}],\"limit\":10,\"page\":1,\"total_count\":16,\"total_pages\":2},\"message\":\"Institutes fetched successfully\",\"success\":true}"

**


**
Time      : 2026-07-27 14:11:02
Service   : General
Method    : POST
Endpoint  : /logout
Status    : 200

Request:
"{\"user_id\":94,\"refresh_token\":\"eyJhbGciOiJIUzI1NiIsInR5cCI6IkpXVCJ9.eyJleHAiOjE3ODc3MzM2NjAsImlhdCI6MTc4NTE0MTY2MCwic2Vzc2lvbl9pZCI6ImRlMzkwOWU4LTJmOGMtNDFiNi1iNDM4LTdlNmJiYWQ1NzBiMSIsInVzZXJfaWQiOjk0fQ.zObIabnhE8IWcMmE7PE61VJyBj47S1a9PHbVAF3fMyU\"}"

Response:
"{\"data\":null,\"message\":\"Logout successful\",\"success\":true}"

**


**
Time      : 2026-07-27 14:11:17
Service   : Auth
Method    : POST
Endpoint  : /signin
Status    : 200

Request:
"[REDACTED/SENSITIVE]"

Response:
"{\"data\":{\"access_token\":\"eyJhbGciOiJIUzI1NiIsInR5cCI6IkpXVCJ9.eyJleHAiOjE3ODUxNDI1NzcsImlhdCI6MTc4NTE0MTY3Nywic2Vzc2lvbl9pZCI6IjI1NDUyYzk4LTI3NmYtNGRlMC1iOGRjLWIxNzY4YThjZmU5ZiIsInVzZXJfaWQiOjk0fQ.lto81y3KV-baZJJiX8e7Cmm8TIX0WrRa8G9ornc5RfQ\",\"refresh_token\":\"eyJhbGciOiJIUzI1NiIsInR5cCI6IkpXVCJ9.eyJleHAiOjE3ODc3MzM2NzcsImlhdCI6MTc4NTE0MTY3Nywic2Vzc2lvbl9pZCI6IjI1NDUyYzk4LTI3NmYtNGRlMC1iOGRjLWIxNzY4YThjZmU5ZiIsInVzZXJfaWQiOjk0fQ.bpel3Ze0s7Ifj2tZL972_yD1haCuUAeiYGITb6qHImI\",\"user_id\":94,\"session_id\":\"25452c98-276f-4de0-b8dc-b1768a8cfe9f\"},\"message\":\"Signed in successfully\",\"success\":true}"

**


**
Time      : 2026-07-27 14:11:18
Service   : Institution
Method    : GET
Endpoint  : /institutes/
Status    : 200

Request:
""

Response:
"{\"data\":{\"items\":[{\"id\":3,\"name\":\"Anna\",\"institution_code\":\"sw51001\",\"state\":\"Tamil Nadu\",\"isactive\":true,\"departments\":[{\"id\":2,\"department_name\":\"Manu\",\"institution_id\":3,\"isactive\":true,\"faculties\":[]}]},{\"id\":4,\"name\":\"Anna University Main Campus\",\"institution_code\":\"AU1001-M\",\"state\":\"Tamil Nadu\",\"isactive\":true,\"departments\":[{\"id\":3,\"department_name\":\"Manu\",\"institution_id\":4,\"isactive\":true,\"faculties\":[{\"id\":2,\"name\":\"Dr. Amit Anand\",\"gender\":\"Male\",\"joining_date\":\"2026-06-24T00:00:00+05:30\",\"department_id\":3,\"isactive\":true,\"students\":[{\"id\":2,\"name\":\"Rahul Kumar Sharma\",\"email\":\"rahul.sharma@example.com\",\"gender\":\"male\",\"faculty_id\":2,\"isactive\":true,\"fees\":[{\"id\":2,\"payment_mode\":\"Online\",\"amount\":50000,\"student_id\":2,\"isactive\":true}]},{\"id\":4,\"name\":\"Rahul Kumar\",\"email\":\"raha@example.com\",\"gender\":\"Male\",\"faculty_id\":2,\"isactive\":true,\"fees\":[]},{\"id\":5,\"name\":\"Rahula Kumar\",\"email\":\"rahaaa@example.com\",\"gender\":\"Male\",\"faculty_id\":2,\"isactive\":true,\"fees\":[]}]}]}]},{\"id\":5,\"name\":\"Annas\",\"institution_code\":\"SW01001\",\"state\":\"Tamil Nadu\",\"isactive\":true,\"departments\":[{\"id\":5,\"department_name\":\"Manu\",\"institution_id\":5,\"isactive\":true,\"faculties\":[{\"id\":3,\"name\":\"Dr. Amit Anand\",\"gender\":\"Male\",\"joining_date\":\"2026-06-24T00:00:00+05:30\",\"department_id\":5,\"isactive\":true,\"students\":[{\"id\":6,\"name\":\"Rahula Kumar\",\"email\":\"raa@example.com\",\"gender\":\"Male\",\"faculty_id\":3,\"isactive\":true,\"fees\":[]},{\"id\":7,\"name\":\"Rahusla Kumar\",\"email\":\"radbshdsdiha@example.com\",\"gender\":\"Male\",\"faculty_id\":3,\"isactive\":true,\"fees\":[]},{\"id\":8,\"name\":\"Rarrhusla Kumar\",\"email\":\"rarrdbshdsdiha@example.com\",\"gender\":\"Male\",\"faculty_id\":3,\"isactive\":true,\"fees\":[]},{\"id\":9,\"name\":\"Rarrhuslddda Kumar\",\"email\":\"rarrdbshddsdiha@example.com\",\"gender\":\"Male\",\"faculty_id\":3,\"isactive\":true,\"fees\":[]},{\"id\":10,\"name\":\"Saple\",\"email\":\"saple@gmail.com\",\"gender\":\"Male\",\"faculty_id\":3,\"isactive\":true,\"fees\":[]}]}]}]},{\"id\":6,\"name\":\"Annasw\",\"institution_code\":\"SW018001\",\"state\":\"Tamil Nadu\",\"isactive\":true,\"departments\":[]},{\"id\":7,\"name\":\"Annass\",\"institution_code\":\"SW77789454\",\"state\":\"Tamil Nadu\",\"isactive\":true,\"departments\":[]},{\"id\":8,\"name\":\"Annassww\",\"institution_code\":\"SW778545489454\",\"state\":\"Tamil Nadu\",\"isactive\":true,\"departments\":[]},{\"id\":10,\"name\":\"Aw\",\"institution_code\":\"78545489454\",\"state\":\"Tamil Nadu\",\"isactive\":true,\"departments\":[]},{\"id\":11,\"name\":\"A5w\",\"institution_code\":\"dnjds\",\"state\":\"Tamil Nadu\",\"isactive\":true,\"departments\":[]},{\"id\":12,\"name\":\"A5DDw\",\"institution_code\":\"dnDjds\",\"state\":\"Tamil Nadu\",\"isactive\":true,\"departments\":[]},{\"id\":13,\"name\":\"A5DDwBB\",\"institution_code\":\"dnDjBBs\",\"state\":\"Tamil Nadu\",\"isactive\":true,\"departments\":[]}],\"limit\":10,\"page\":1,\"total_count\":16,\"total_pages\":2},\"message\":\"Institutes fetched successfully\",\"success\":true}"

**


**
Time      : 2026-07-27 14:11:27
Service   : General
Method    : POST
Endpoint  : /logout
Status    : 200

Request:
"{\"user_id\":94,\"refresh_token\":\"eyJhbGciOiJIUzI1NiIsInR5cCI6IkpXVCJ9.eyJleHAiOjE3ODc3MzM2NzcsImlhdCI6MTc4NTE0MTY3Nywic2Vzc2lvbl9pZCI6IjI1NDUyYzk4LTI3NmYtNGRlMC1iOGRjLWIxNzY4YThjZmU5ZiIsInVzZXJfaWQiOjk0fQ.bpel3Ze0s7Ifj2tZL972_yD1haCuUAeiYGITb6qHImI\"}"

Response:
"{\"data\":null,\"message\":\"Logout successful\",\"success\":true}"

**


**
Time      : 2026-07-27 14:28:49
Service   : General
Method    : POST
Endpoint  : /resendmail
Status    : 400

Request:
"{\"email\":\"ahilcicillin@gmail.com\"}"

Response:
"{\"message\":\"email is already verified\",\"success\":false}"

**


**
Time      : 2026-07-27 14:28:50
Service   : General
Method    : POST
Endpoint  : /resendmail
Status    : 400

Request:
"{\"email\":\"ahilcicillin@gmail.com\"}"

Response:
"{\"message\":\"email is already verified\",\"success\":false}"

**


**
Time      : 2026-07-27 14:28:50
Service   : General
Method    : POST
Endpoint  : /resendmail
Status    : 400

Request:
"{\"email\":\"ahilcicillin@gmail.com\"}"

Response:
"{\"message\":\"email is already verified\",\"success\":false}"

**


**
Time      : 2026-07-27 14:28:51
Service   : General
Method    : POST
Endpoint  : /resendmail
Status    : 400

Request:
"{\"email\":\"ahilcicillin@gmail.com\"}"

Response:
"{\"message\":\"email is already verified\",\"success\":false}"

**


**
Time      : 2026-07-27 14:28:51
Service   : General
Method    : POST
Endpoint  : /resendmail
Status    : 400

Request:
"{\"email\":\"ahilcicillin@gmail.com\"}"

Response:
"{\"message\":\"email is already verified\",\"success\":false}"

**


**
Time      : 2026-07-27 14:28:51
Service   : General
Method    : POST
Endpoint  : /resendmail
Status    : 400

Request:
"{\"email\":\"ahilcicillin@gmail.com\"}"

Response:
"{\"message\":\"email is already verified\",\"success\":false}"

**


**
Time      : 2026-07-27 14:28:51
Service   : General
Method    : POST
Endpoint  : /resendmail
Status    : 400

Request:
"{\"email\":\"ahilcicillin@gmail.com\"}"

Response:
"{\"message\":\"email is already verified\",\"success\":false}"

**


**
Time      : 2026-07-27 14:28:51
Service   : General
Method    : POST
Endpoint  : /resendmail
Status    : 400

Request:
"{\"email\":\"ahilcicillin@gmail.com\"}"

Response:
"{\"message\":\"email is already verified\",\"success\":false}"

**


**
Time      : 2026-07-27 14:28:51
Service   : General
Method    : POST
Endpoint  : /resendmail
Status    : 400

Request:
"{\"email\":\"ahilcicillin@gmail.com\"}"

Response:
"{\"message\":\"email is already verified\",\"success\":false}"

**


**
Time      : 2026-07-27 14:30:53
Service   : Auth
Method    : POST
Endpoint  : /signin
Status    : 200

Request:
"[REDACTED/SENSITIVE]"

Response:
"{\"data\":{\"access_token\":\"eyJhbGciOiJIUzI1NiIsInR5cCI6IkpXVCJ9.eyJleHAiOjE3ODUxNDM3NTMsImlhdCI6MTc4NTE0Mjg1Mywic2Vzc2lvbl9pZCI6IjFlNTM1ZjI2LWFjN2MtNDY2NS1hY2QzLTcyNjlmMDI3OGM5YSIsInVzZXJfaWQiOjk0fQ.bFpjfgyBZ3kxOHgd8ngOjRi9oLm_YQolCkh8NTS9gmg\",\"refresh_token\":\"eyJhbGciOiJIUzI1NiIsInR5cCI6IkpXVCJ9.eyJleHAiOjE3ODc3MzQ4NTMsImlhdCI6MTc4NTE0Mjg1Mywic2Vzc2lvbl9pZCI6IjFlNTM1ZjI2LWFjN2MtNDY2NS1hY2QzLTcyNjlmMDI3OGM5YSIsInVzZXJfaWQiOjk0fQ.2to_IseArFI-UZOgepMXvb3bkfJQU_mP2mSA-AvvrgQ\",\"user_id\":94,\"session_id\":\"1e535f26-ac7c-4665-acd3-7269f0278c9a\"},\"message\":\"Signed in successfully\",\"success\":true}"

**


**
Time      : 2026-07-27 14:30:53
Service   : Institution
Method    : GET
Endpoint  : /institutes/
Status    : 200

Request:
""

Response:
"{\"data\":{\"items\":[{\"id\":3,\"name\":\"Anna\",\"institution_code\":\"sw51001\",\"state\":\"Tamil Nadu\",\"isactive\":true,\"departments\":[{\"id\":2,\"department_name\":\"Manu\",\"institution_id\":3,\"isactive\":true,\"faculties\":[]}]},{\"id\":4,\"name\":\"Anna University Main Campus\",\"institution_code\":\"AU1001-M\",\"state\":\"Tamil Nadu\",\"isactive\":true,\"departments\":[{\"id\":3,\"department_name\":\"Manu\",\"institution_id\":4,\"isactive\":true,\"faculties\":[{\"id\":2,\"name\":\"Dr. Amit Anand\",\"gender\":\"Male\",\"joining_date\":\"2026-06-24T00:00:00+05:30\",\"department_id\":3,\"isactive\":true,\"students\":[{\"id\":2,\"name\":\"Rahul Kumar Sharma\",\"email\":\"rahul.sharma@example.com\",\"gender\":\"male\",\"faculty_id\":2,\"isactive\":true,\"fees\":[{\"id\":2,\"payment_mode\":\"Online\",\"amount\":50000,\"student_id\":2,\"isactive\":true}]},{\"id\":4,\"name\":\"Rahul Kumar\",\"email\":\"raha@example.com\",\"gender\":\"Male\",\"faculty_id\":2,\"isactive\":true,\"fees\":[]},{\"id\":5,\"name\":\"Rahula Kumar\",\"email\":\"rahaaa@example.com\",\"gender\":\"Male\",\"faculty_id\":2,\"isactive\":true,\"fees\":[]}]}]}]},{\"id\":5,\"name\":\"Annas\",\"institution_code\":\"SW01001\",\"state\":\"Tamil Nadu\",\"isactive\":true,\"departments\":[{\"id\":5,\"department_name\":\"Manu\",\"institution_id\":5,\"isactive\":true,\"faculties\":[{\"id\":3,\"name\":\"Dr. Amit Anand\",\"gender\":\"Male\",\"joining_date\":\"2026-06-24T00:00:00+05:30\",\"department_id\":5,\"isactive\":true,\"students\":[{\"id\":6,\"name\":\"Rahula Kumar\",\"email\":\"raa@example.com\",\"gender\":\"Male\",\"faculty_id\":3,\"isactive\":true,\"fees\":[]},{\"id\":7,\"name\":\"Rahusla Kumar\",\"email\":\"radbshdsdiha@example.com\",\"gender\":\"Male\",\"faculty_id\":3,\"isactive\":true,\"fees\":[]},{\"id\":8,\"name\":\"Rarrhusla Kumar\",\"email\":\"rarrdbshdsdiha@example.com\",\"gender\":\"Male\",\"faculty_id\":3,\"isactive\":true,\"fees\":[]},{\"id\":9,\"name\":\"Rarrhuslddda Kumar\",\"email\":\"rarrdbshddsdiha@example.com\",\"gender\":\"Male\",\"faculty_id\":3,\"isactive\":true,\"fees\":[]},{\"id\":10,\"name\":\"Saple\",\"email\":\"saple@gmail.com\",\"gender\":\"Male\",\"faculty_id\":3,\"isactive\":true,\"fees\":[]}]}]}]},{\"id\":6,\"name\":\"Annasw\",\"institution_code\":\"SW018001\",\"state\":\"Tamil Nadu\",\"isactive\":true,\"departments\":[]},{\"id\":7,\"name\":\"Annass\",\"institution_code\":\"SW77789454\",\"state\":\"Tamil Nadu\",\"isactive\":true,\"departments\":[]},{\"id\":8,\"name\":\"Annassww\",\"institution_code\":\"SW778545489454\",\"state\":\"Tamil Nadu\",\"isactive\":true,\"departments\":[]},{\"id\":10,\"name\":\"Aw\",\"institution_code\":\"78545489454\",\"state\":\"Tamil Nadu\",\"isactive\":true,\"departments\":[]},{\"id\":11,\"name\":\"A5w\",\"institution_code\":\"dnjds\",\"state\":\"Tamil Nadu\",\"isactive\":true,\"departments\":[]},{\"id\":12,\"name\":\"A5DDw\",\"institution_code\":\"dnDjds\",\"state\":\"Tamil Nadu\",\"isactive\":true,\"departments\":[]},{\"id\":13,\"name\":\"A5DDwBB\",\"institution_code\":\"dnDjBBs\",\"state\":\"Tamil Nadu\",\"isactive\":true,\"departments\":[]}],\"limit\":10,\"page\":1,\"total_count\":16,\"total_pages\":2},\"message\":\"Institutes fetched successfully\",\"success\":true}"

**


**
Time      : 2026-07-27 14:30:55
Service   : Department
Method    : GET
Endpoint  : /departments
Status    : 200

Request:
""

Response:
"{\"data\":{\"items\":[{\"id\":1,\"department_name\":\"Manu\",\"institution_id\":2,\"isactive\":true,\"faculties\":[{\"id\":1,\"name\":\"Dr. Amit Anand\",\"gender\":\"Male\",\"joining_date\":\"2026-06-24T00:00:00+05:30\",\"department_id\":1,\"isactive\":true,\"students\":[{\"id\":1,\"name\":\"Rahul Kumar\",\"email\":\"rahul@example.com\",\"gender\":\"Male\",\"faculty_id\":1,\"isactive\":true,\"fees\":[{\"id\":1,\"payment_mode\":\"Online\",\"amount\":50000,\"student_id\":1,\"isactive\":true}]},{\"id\":3,\"name\":\"Rahul Kumar\",\"email\":\"rahula@example.com\",\"gender\":\"Male\",\"faculty_id\":1,\"isactive\":true,\"fees\":[]}]}]},{\"id\":2,\"department_name\":\"Manu\",\"institution_id\":3,\"isactive\":true,\"faculties\":[]},{\"id\":3,\"department_name\":\"Manu\",\"institution_id\":4,\"isactive\":true,\"faculties\":[{\"id\":2,\"name\":\"Dr. Amit Anand\",\"gender\":\"Male\",\"joining_date\":\"2026-06-24T00:00:00+05:30\",\"department_id\":3,\"isactive\":true,\"students\":[{\"id\":2,\"name\":\"Rahul Kumar Sharma\",\"email\":\"rahul.sharma@example.com\",\"gender\":\"male\",\"faculty_id\":2,\"isactive\":true,\"fees\":[{\"id\":2,\"payment_mode\":\"Online\",\"amount\":50000,\"student_id\":2,\"isactive\":true}]},{\"id\":4,\"name\":\"Rahul Kumar\",\"email\":\"raha@example.com\",\"gender\":\"Male\",\"faculty_id\":2,\"isactive\":true,\"fees\":[]},{\"id\":5,\"name\":\"Rahula Kumar\",\"email\":\"rahaaa@example.com\",\"gender\":\"Male\",\"faculty_id\":2,\"isactive\":true,\"fees\":[]}]}]},{\"id\":4,\"department_name\":\"Manu\",\"institution_id\":16,\"isactive\":true,\"faculties\":[]},{\"id\":5,\"department_name\":\"Manu\",\"institution_id\":5,\"isactive\":true,\"faculties\":[{\"id\":3,\"name\":\"Dr. Amit Anand\",\"gender\":\"Male\",\"joining_date\":\"2026-06-24T00:00:00+05:30\",\"department_id\":5,\"isactive\":true,\"students\":[{\"id\":6,\"name\":\"Rahula Kumar\",\"email\":\"raa@example.com\",\"gender\":\"Male\",\"faculty_id\":3,\"isactive\":true,\"fees\":[]},{\"id\":7,\"name\":\"Rahusla Kumar\",\"email\":\"radbshdsdiha@example.com\",\"gender\":\"Male\",\"faculty_id\":3,\"isactive\":true,\"fees\":[]},{\"id\":8,\"name\":\"Rarrhusla Kumar\",\"email\":\"rarrdbshdsdiha@example.com\",\"gender\":\"Male\",\"faculty_id\":3,\"isactive\":true,\"fees\":[]},{\"id\":9,\"name\":\"Rarrhuslddda Kumar\",\"email\":\"rarrdbshddsdiha@example.com\",\"gender\":\"Male\",\"faculty_id\":3,\"isactive\":true,\"fees\":[]},{\"id\":10,\"name\":\"Saple\",\"email\":\"saple@gmail.com\",\"gender\":\"Male\",\"faculty_id\":3,\"isactive\":true,\"fees\":[]}]}]},{\"id\":6,\"department_name\":\"IT\",\"institution_id\":19,\"isactive\":true,\"faculties\":[]}],\"limit\":10,\"page\":1,\"total_count\":6,\"total_pages\":1},\"message\":\"Departments fetched successfully\",\"success\":true}"

**


**
Time      : 2026-07-27 14:31:03
Service   : Student
Method    : GET
Endpoint  : /students
Status    : 200

Request:
""

Response:
"{\"data\":{\"items\":[{\"id\":1,\"name\":\"Rahul Kumar\",\"email\":\"rahul@example.com\",\"gender\":\"Male\",\"faculty_id\":1,\"isactive\":true,\"fees\":[{\"id\":1,\"payment_mode\":\"Online\",\"amount\":50000,\"student_id\":1,\"isactive\":true}]},{\"id\":2,\"name\":\"Rahul Kumar Sharma\",\"email\":\"rahul.sharma@example.com\",\"gender\":\"male\",\"faculty_id\":2,\"isactive\":true,\"fees\":[{\"id\":2,\"payment_mode\":\"Online\",\"amount\":50000,\"student_id\":2,\"isactive\":true}]},{\"id\":3,\"name\":\"Rahul Kumar\",\"email\":\"rahula@example.com\",\"gender\":\"Male\",\"faculty_id\":1,\"isactive\":true,\"fees\":[]},{\"id\":4,\"name\":\"Rahul Kumar\",\"email\":\"raha@example.com\",\"gender\":\"Male\",\"faculty_id\":2,\"isactive\":true,\"fees\":[]},{\"id\":5,\"name\":\"Rahula Kumar\",\"email\":\"rahaaa@example.com\",\"gender\":\"Male\",\"faculty_id\":2,\"isactive\":true,\"fees\":[]},{\"id\":6,\"name\":\"Rahula Kumar\",\"email\":\"raa@example.com\",\"gender\":\"Male\",\"faculty_id\":3,\"isactive\":true,\"fees\":[]},{\"id\":7,\"name\":\"Rahusla Kumar\",\"email\":\"radbshdsdiha@example.com\",\"gender\":\"Male\",\"faculty_id\":3,\"isactive\":true,\"fees\":[]},{\"id\":8,\"name\":\"Rarrhusla Kumar\",\"email\":\"rarrdbshdsdiha@example.com\",\"gender\":\"Male\",\"faculty_id\":3,\"isactive\":true,\"fees\":[]},{\"id\":9,\"name\":\"Rarrhuslddda Kumar\",\"email\":\"rarrdbshddsdiha@example.com\",\"gender\":\"Male\",\"faculty_id\":3,\"isactive\":true,\"fees\":[]},{\"id\":10,\"name\":\"Saple\",\"email\":\"saple@gmail.com\",\"gender\":\"Male\",\"faculty_id\":3,\"isactive\":true,\"fees\":[]}],\"limit\":10,\"page\":1,\"total_count\":10,\"total_pages\":1},\"message\":\"Students fetched successfully\",\"success\":true}"

**


**
Time      : 2026-07-27 14:31:13
Service   : General
Method    : POST
Endpoint  : /logout
Status    : 200

Request:
"{\"user_id\":94,\"refresh_token\":\"eyJhbGciOiJIUzI1NiIsInR5cCI6IkpXVCJ9.eyJleHAiOjE3ODc3MzQ4NTMsImlhdCI6MTc4NTE0Mjg1Mywic2Vzc2lvbl9pZCI6IjFlNTM1ZjI2LWFjN2MtNDY2NS1hY2QzLTcyNjlmMDI3OGM5YSIsInVzZXJfaWQiOjk0fQ.2to_IseArFI-UZOgepMXvb3bkfJQU_mP2mSA-AvvrgQ\"}"

Response:
"{\"data\":null,\"message\":\"Logout successful\",\"success\":true}"

**


**
Time      : 2026-07-27 14:31:29
Service   : Auth
Method    : POST
Endpoint  : /signin
Status    : 200

Request:
"[REDACTED/SENSITIVE]"

Response:
"{\"data\":{\"access_token\":\"eyJhbGciOiJIUzI1NiIsInR5cCI6IkpXVCJ9.eyJleHAiOjE3ODUxNDM3ODksImlhdCI6MTc4NTE0Mjg4OSwic2Vzc2lvbl9pZCI6ImRkMzJhOThmLTQ1NzYtNDg5Mi04MGFhLWRiMmI4OGVmM2FiNyIsInVzZXJfaWQiOjk0fQ.cmThfnX3llEOBcQU2MyZfJQIU_czIyJJzy2KZr2rnH8\",\"refresh_token\":\"eyJhbGciOiJIUzI1NiIsInR5cCI6IkpXVCJ9.eyJleHAiOjE3ODc3MzQ4ODksImlhdCI6MTc4NTE0Mjg4OSwic2Vzc2lvbl9pZCI6ImRkMzJhOThmLTQ1NzYtNDg5Mi04MGFhLWRiMmI4OGVmM2FiNyIsInVzZXJfaWQiOjk0fQ.sD-odEKj7QmZ-8KUB03QHiV5h2oKU1YkQsmDtyaJY-A\",\"user_id\":94,\"session_id\":\"dd32a98f-4576-4892-80aa-db2b88ef3ab7\"},\"message\":\"Signed in successfully\",\"success\":true}"

**


**
Time      : 2026-07-27 14:31:29
Service   : Institution
Method    : GET
Endpoint  : /institutes/
Status    : 200

Request:
""

Response:
"{\"data\":{\"items\":[{\"id\":3,\"name\":\"Anna\",\"institution_code\":\"sw51001\",\"state\":\"Tamil Nadu\",\"isactive\":true,\"departments\":[{\"id\":2,\"department_name\":\"Manu\",\"institution_id\":3,\"isactive\":true,\"faculties\":[]}]},{\"id\":4,\"name\":\"Anna University Main Campus\",\"institution_code\":\"AU1001-M\",\"state\":\"Tamil Nadu\",\"isactive\":true,\"departments\":[{\"id\":3,\"department_name\":\"Manu\",\"institution_id\":4,\"isactive\":true,\"faculties\":[{\"id\":2,\"name\":\"Dr. Amit Anand\",\"gender\":\"Male\",\"joining_date\":\"2026-06-24T00:00:00+05:30\",\"department_id\":3,\"isactive\":true,\"students\":[{\"id\":2,\"name\":\"Rahul Kumar Sharma\",\"email\":\"rahul.sharma@example.com\",\"gender\":\"male\",\"faculty_id\":2,\"isactive\":true,\"fees\":[{\"id\":2,\"payment_mode\":\"Online\",\"amount\":50000,\"student_id\":2,\"isactive\":true}]},{\"id\":4,\"name\":\"Rahul Kumar\",\"email\":\"raha@example.com\",\"gender\":\"Male\",\"faculty_id\":2,\"isactive\":true,\"fees\":[]},{\"id\":5,\"name\":\"Rahula Kumar\",\"email\":\"rahaaa@example.com\",\"gender\":\"Male\",\"faculty_id\":2,\"isactive\":true,\"fees\":[]}]}]}]},{\"id\":5,\"name\":\"Annas\",\"institution_code\":\"SW01001\",\"state\":\"Tamil Nadu\",\"isactive\":true,\"departments\":[{\"id\":5,\"department_name\":\"Manu\",\"institution_id\":5,\"isactive\":true,\"faculties\":[{\"id\":3,\"name\":\"Dr. Amit Anand\",\"gender\":\"Male\",\"joining_date\":\"2026-06-24T00:00:00+05:30\",\"department_id\":5,\"isactive\":true,\"students\":[{\"id\":6,\"name\":\"Rahula Kumar\",\"email\":\"raa@example.com\",\"gender\":\"Male\",\"faculty_id\":3,\"isactive\":true,\"fees\":[]},{\"id\":7,\"name\":\"Rahusla Kumar\",\"email\":\"radbshdsdiha@example.com\",\"gender\":\"Male\",\"faculty_id\":3,\"isactive\":true,\"fees\":[]},{\"id\":8,\"name\":\"Rarrhusla Kumar\",\"email\":\"rarrdbshdsdiha@example.com\",\"gender\":\"Male\",\"faculty_id\":3,\"isactive\":true,\"fees\":[]},{\"id\":9,\"name\":\"Rarrhuslddda Kumar\",\"email\":\"rarrdbshddsdiha@example.com\",\"gender\":\"Male\",\"faculty_id\":3,\"isactive\":true,\"fees\":[]},{\"id\":10,\"name\":\"Saple\",\"email\":\"saple@gmail.com\",\"gender\":\"Male\",\"faculty_id\":3,\"isactive\":true,\"fees\":[]}]}]}]},{\"id\":6,\"name\":\"Annasw\",\"institution_code\":\"SW018001\",\"state\":\"Tamil Nadu\",\"isactive\":true,\"departments\":[]},{\"id\":7,\"name\":\"Annass\",\"institution_code\":\"SW77789454\",\"state\":\"Tamil Nadu\",\"isactive\":true,\"departments\":[]},{\"id\":8,\"name\":\"Annassww\",\"institution_code\":\"SW778545489454\",\"state\":\"Tamil Nadu\",\"isactive\":true,\"departments\":[]},{\"id\":10,\"name\":\"Aw\",\"institution_code\":\"78545489454\",\"state\":\"Tamil Nadu\",\"isactive\":true,\"departments\":[]},{\"id\":11,\"name\":\"A5w\",\"institution_code\":\"dnjds\",\"state\":\"Tamil Nadu\",\"isactive\":true,\"departments\":[]},{\"id\":12,\"name\":\"A5DDw\",\"institution_code\":\"dnDjds\",\"state\":\"Tamil Nadu\",\"isactive\":true,\"departments\":[]},{\"id\":13,\"name\":\"A5DDwBB\",\"institution_code\":\"dnDjBBs\",\"state\":\"Tamil Nadu\",\"isactive\":true,\"departments\":[]}],\"limit\":10,\"page\":1,\"total_count\":16,\"total_pages\":2},\"message\":\"Institutes fetched successfully\",\"success\":true}"

**


**
Time      : 2026-07-27 14:33:03
Service   : Institution
Method    : PUT
Endpoint  : /institutes/3
Status    : 200

Request:
"{\"name\":\"Anna\",\"institution_code\":\"sw51001\",\"state\":\"Tamil Nadu\"}"

Response:
"{\"data\":{\"id\":3,\"name\":\"Anna\",\"institution_code\":\"sw51001\",\"state\":\"Tamil Nadu\",\"isactive\":true,\"departments\":[{\"id\":2,\"department_name\":\"Manu\",\"institution_id\":3,\"isactive\":true,\"faculties\":[]}]},\"message\":\"Institution updated successfully\",\"success\":true}"

**


**
Time      : 2026-07-27 14:33:03
Service   : Institution
Method    : GET
Endpoint  : /institutes/
Status    : 200

Request:
""

Response:
"{\"data\":{\"items\":[{\"id\":3,\"name\":\"Anna\",\"institution_code\":\"sw51001\",\"state\":\"Tamil Nadu\",\"isactive\":true,\"departments\":[{\"id\":2,\"department_name\":\"Manu\",\"institution_id\":3,\"isactive\":true,\"faculties\":[]}]},{\"id\":4,\"name\":\"Anna University Main Campus\",\"institution_code\":\"AU1001-M\",\"state\":\"Tamil Nadu\",\"isactive\":true,\"departments\":[{\"id\":3,\"department_name\":\"Manu\",\"institution_id\":4,\"isactive\":true,\"faculties\":[{\"id\":2,\"name\":\"Dr. Amit Anand\",\"gender\":\"Male\",\"joining_date\":\"2026-06-24T00:00:00+05:30\",\"department_id\":3,\"isactive\":true,\"students\":[{\"id\":2,\"name\":\"Rahul Kumar Sharma\",\"email\":\"rahul.sharma@example.com\",\"gender\":\"male\",\"faculty_id\":2,\"isactive\":true,\"fees\":[{\"id\":2,\"payment_mode\":\"Online\",\"amount\":50000,\"student_id\":2,\"isactive\":true}]},{\"id\":4,\"name\":\"Rahul Kumar\",\"email\":\"raha@example.com\",\"gender\":\"Male\",\"faculty_id\":2,\"isactive\":true,\"fees\":[]},{\"id\":5,\"name\":\"Rahula Kumar\",\"email\":\"rahaaa@example.com\",\"gender\":\"Male\",\"faculty_id\":2,\"isactive\":true,\"fees\":[]}]}]}]},{\"id\":5,\"name\":\"Annas\",\"institution_code\":\"SW01001\",\"state\":\"Tamil Nadu\",\"isactive\":true,\"departments\":[{\"id\":5,\"department_name\":\"Manu\",\"institution_id\":5,\"isactive\":true,\"faculties\":[{\"id\":3,\"name\":\"Dr. Amit Anand\",\"gender\":\"Male\",\"joining_date\":\"2026-06-24T00:00:00+05:30\",\"department_id\":5,\"isactive\":true,\"students\":[{\"id\":6,\"name\":\"Rahula Kumar\",\"email\":\"raa@example.com\",\"gender\":\"Male\",\"faculty_id\":3,\"isactive\":true,\"fees\":[]},{\"id\":7,\"name\":\"Rahusla Kumar\",\"email\":\"radbshdsdiha@example.com\",\"gender\":\"Male\",\"faculty_id\":3,\"isactive\":true,\"fees\":[]},{\"id\":8,\"name\":\"Rarrhusla Kumar\",\"email\":\"rarrdbshdsdiha@example.com\",\"gender\":\"Male\",\"faculty_id\":3,\"isactive\":true,\"fees\":[]},{\"id\":9,\"name\":\"Rarrhuslddda Kumar\",\"email\":\"rarrdbshddsdiha@example.com\",\"gender\":\"Male\",\"faculty_id\":3,\"isactive\":true,\"fees\":[]},{\"id\":10,\"name\":\"Saple\",\"email\":\"saple@gmail.com\",\"gender\":\"Male\",\"faculty_id\":3,\"isactive\":true,\"fees\":[]}]}]}]},{\"id\":6,\"name\":\"Annasw\",\"institution_code\":\"SW018001\",\"state\":\"Tamil Nadu\",\"isactive\":true,\"departments\":[]},{\"id\":7,\"name\":\"Annass\",\"institution_code\":\"SW77789454\",\"state\":\"Tamil Nadu\",\"isactive\":true,\"departments\":[]},{\"id\":8,\"name\":\"Annassww\",\"institution_code\":\"SW778545489454\",\"state\":\"Tamil Nadu\",\"isactive\":true,\"departments\":[]},{\"id\":10,\"name\":\"Aw\",\"institution_code\":\"78545489454\",\"state\":\"Tamil Nadu\",\"isactive\":true,\"departments\":[]},{\"id\":11,\"name\":\"A5w\",\"institution_code\":\"dnjds\",\"state\":\"Tamil Nadu\",\"isactive\":true,\"departments\":[]},{\"id\":12,\"name\":\"A5DDw\",\"institution_code\":\"dnDjds\",\"state\":\"Tamil Nadu\",\"isactive\":true,\"departments\":[]},{\"id\":13,\"name\":\"A5DDwBB\",\"institution_code\":\"dnDjBBs\",\"state\":\"Tamil Nadu\",\"isactive\":true,\"departments\":[]}],\"limit\":10,\"page\":1,\"total_count\":16,\"total_pages\":2},\"message\":\"Institutes fetched successfully\",\"success\":true}"

**


**
Time      : 2026-07-27 14:33:11
Service   : Institution
Method    : GET
Endpoint  : /institutes/3
Status    : 401

Request:
""

Response:
"{\"message\":\"Authorization header is required\",\"success\":false}"

**


**
Time      : 2026-07-27 14:33:38
Service   : Institution
Method    : DELETE
Endpoint  : /institutes/10
Status    : 200

Request:
""

Response:
"{\"data\":null,\"message\":\"Institution deleted successfully\",\"success\":true}"

**


**
Time      : 2026-07-27 14:33:38
Service   : Institution
Method    : GET
Endpoint  : /institutes/
Status    : 200

Request:
""

Response:
"{\"data\":{\"items\":[{\"id\":3,\"name\":\"Anna\",\"institution_code\":\"sw51001\",\"state\":\"Tamil Nadu\",\"isactive\":true,\"departments\":[{\"id\":2,\"department_name\":\"Manu\",\"institution_id\":3,\"isactive\":true,\"faculties\":[]}]},{\"id\":4,\"name\":\"Anna University Main Campus\",\"institution_code\":\"AU1001-M\",\"state\":\"Tamil Nadu\",\"isactive\":true,\"departments\":[{\"id\":3,\"department_name\":\"Manu\",\"institution_id\":4,\"isactive\":true,\"faculties\":[{\"id\":2,\"name\":\"Dr. Amit Anand\",\"gender\":\"Male\",\"joining_date\":\"2026-06-24T00:00:00+05:30\",\"department_id\":3,\"isactive\":true,\"students\":[{\"id\":2,\"name\":\"Rahul Kumar Sharma\",\"email\":\"rahul.sharma@example.com\",\"gender\":\"male\",\"faculty_id\":2,\"isactive\":true,\"fees\":[{\"id\":2,\"payment_mode\":\"Online\",\"amount\":50000,\"student_id\":2,\"isactive\":true}]},{\"id\":4,\"name\":\"Rahul Kumar\",\"email\":\"raha@example.com\",\"gender\":\"Male\",\"faculty_id\":2,\"isactive\":true,\"fees\":[]},{\"id\":5,\"name\":\"Rahula Kumar\",\"email\":\"rahaaa@example.com\",\"gender\":\"Male\",\"faculty_id\":2,\"isactive\":true,\"fees\":[]}]}]}]},{\"id\":5,\"name\":\"Annas\",\"institution_code\":\"SW01001\",\"state\":\"Tamil Nadu\",\"isactive\":true,\"departments\":[{\"id\":5,\"department_name\":\"Manu\",\"institution_id\":5,\"isactive\":true,\"faculties\":[{\"id\":3,\"name\":\"Dr. Amit Anand\",\"gender\":\"Male\",\"joining_date\":\"2026-06-24T00:00:00+05:30\",\"department_id\":5,\"isactive\":true,\"students\":[{\"id\":6,\"name\":\"Rahula Kumar\",\"email\":\"raa@example.com\",\"gender\":\"Male\",\"faculty_id\":3,\"isactive\":true,\"fees\":[]},{\"id\":7,\"name\":\"Rahusla Kumar\",\"email\":\"radbshdsdiha@example.com\",\"gender\":\"Male\",\"faculty_id\":3,\"isactive\":true,\"fees\":[]},{\"id\":8,\"name\":\"Rarrhusla Kumar\",\"email\":\"rarrdbshdsdiha@example.com\",\"gender\":\"Male\",\"faculty_id\":3,\"isactive\":true,\"fees\":[]},{\"id\":9,\"name\":\"Rarrhuslddda Kumar\",\"email\":\"rarrdbshddsdiha@example.com\",\"gender\":\"Male\",\"faculty_id\":3,\"isactive\":true,\"fees\":[]},{\"id\":10,\"name\":\"Saple\",\"email\":\"saple@gmail.com\",\"gender\":\"Male\",\"faculty_id\":3,\"isactive\":true,\"fees\":[]}]}]}]},{\"id\":6,\"name\":\"Annasw\",\"institution_code\":\"SW018001\",\"state\":\"Tamil Nadu\",\"isactive\":true,\"departments\":[]},{\"id\":7,\"name\":\"Annass\",\"institution_code\":\"SW77789454\",\"state\":\"Tamil Nadu\",\"isactive\":true,\"departments\":[]},{\"id\":8,\"name\":\"Annassww\",\"institution_code\":\"SW778545489454\",\"state\":\"Tamil Nadu\",\"isactive\":true,\"departments\":[]},{\"id\":11,\"name\":\"A5w\",\"institution_code\":\"dnjds\",\"state\":\"Tamil Nadu\",\"isactive\":true,\"departments\":[]},{\"id\":12,\"name\":\"A5DDw\",\"institution_code\":\"dnDjds\",\"state\":\"Tamil Nadu\",\"isactive\":true,\"departments\":[]},{\"id\":13,\"name\":\"A5DDwBB\",\"institution_code\":\"dnDjBBs\",\"state\":\"Tamil Nadu\",\"isactive\":true,\"departments\":[]},{\"id\":14,\"name\":\"A5DDwBBVV\",\"institution_code\":\"dnDVjBBs\",\"state\":\"Tamil Nadu\",\"isactive\":true,\"departments\":[]}],\"limit\":10,\"page\":1,\"total_count\":15,\"total_pages\":2},\"message\":\"Institutes fetched successfully\",\"success\":true}"

**


**
Time      : 2026-07-27 14:34:49
Service   : Institution
Method    : GET
Endpoint  : /institutes/6
Status    : 200

Request:
""

Response:
"{\"data\":{\"id\":6,\"name\":\"Annasw\",\"institution_code\":\"SW018001\",\"state\":\"Tamil Nadu\",\"isactive\":true,\"departments\":[]},\"message\":\"Institute fetched successfully\",\"success\":true}"

**


**
Time      : 2026-07-27 14:43:24
Service   : Institution
Method    : GET
Endpoint  : /institutes/
Status    : 200

Request:
""

Response:
"{\"data\":{\"items\":[{\"id\":3,\"name\":\"Anna\",\"institution_code\":\"sw51001\",\"state\":\"Tamil Nadu\",\"isactive\":true,\"departments\":[{\"id\":2,\"department_name\":\"Manu\",\"institution_id\":3,\"isactive\":true,\"faculties\":[]}]},{\"id\":4,\"name\":\"Anna University Main Campus\",\"institution_code\":\"AU1001-M\",\"state\":\"Tamil Nadu\",\"isactive\":true,\"departments\":[{\"id\":3,\"department_name\":\"Manu\",\"institution_id\":4,\"isactive\":true,\"faculties\":[{\"id\":2,\"name\":\"Dr. Amit Anand\",\"gender\":\"Male\",\"joining_date\":\"2026-06-24T00:00:00+05:30\",\"department_id\":3,\"isactive\":true,\"students\":[{\"id\":2,\"name\":\"Rahul Kumar Sharma\",\"email\":\"rahul.sharma@example.com\",\"gender\":\"male\",\"faculty_id\":2,\"isactive\":true,\"fees\":[{\"id\":2,\"payment_mode\":\"Online\",\"amount\":50000,\"student_id\":2,\"isactive\":true}]},{\"id\":4,\"name\":\"Rahul Kumar\",\"email\":\"raha@example.com\",\"gender\":\"Male\",\"faculty_id\":2,\"isactive\":true,\"fees\":[]},{\"id\":5,\"name\":\"Rahula Kumar\",\"email\":\"rahaaa@example.com\",\"gender\":\"Male\",\"faculty_id\":2,\"isactive\":true,\"fees\":[]}]}]}]},{\"id\":5,\"name\":\"Annas\",\"institution_code\":\"SW01001\",\"state\":\"Tamil Nadu\",\"isactive\":true,\"departments\":[{\"id\":5,\"department_name\":\"Manu\",\"institution_id\":5,\"isactive\":true,\"faculties\":[{\"id\":3,\"name\":\"Dr. Amit Anand\",\"gender\":\"Male\",\"joining_date\":\"2026-06-24T00:00:00+05:30\",\"department_id\":5,\"isactive\":true,\"students\":[{\"id\":6,\"name\":\"Rahula Kumar\",\"email\":\"raa@example.com\",\"gender\":\"Male\",\"faculty_id\":3,\"isactive\":true,\"fees\":[]},{\"id\":7,\"name\":\"Rahusla Kumar\",\"email\":\"radbshdsdiha@example.com\",\"gender\":\"Male\",\"faculty_id\":3,\"isactive\":true,\"fees\":[]},{\"id\":8,\"name\":\"Rarrhusla Kumar\",\"email\":\"rarrdbshdsdiha@example.com\",\"gender\":\"Male\",\"faculty_id\":3,\"isactive\":true,\"fees\":[]},{\"id\":9,\"name\":\"Rarrhuslddda Kumar\",\"email\":\"rarrdbshddsdiha@example.com\",\"gender\":\"Male\",\"faculty_id\":3,\"isactive\":true,\"fees\":[]},{\"id\":10,\"name\":\"Saple\",\"email\":\"saple@gmail.com\",\"gender\":\"Male\",\"faculty_id\":3,\"isactive\":true,\"fees\":[]}]}]}]},{\"id\":6,\"name\":\"Annasw\",\"institution_code\":\"SW018001\",\"state\":\"Tamil Nadu\",\"isactive\":true,\"departments\":[]},{\"id\":7,\"name\":\"Annass\",\"institution_code\":\"SW77789454\",\"state\":\"Tamil Nadu\",\"isactive\":true,\"departments\":[]},{\"id\":8,\"name\":\"Annassww\",\"institution_code\":\"SW778545489454\",\"state\":\"Tamil Nadu\",\"isactive\":true,\"departments\":[]},{\"id\":11,\"name\":\"A5w\",\"institution_code\":\"dnjds\",\"state\":\"Tamil Nadu\",\"isactive\":true,\"departments\":[]},{\"id\":12,\"name\":\"A5DDw\",\"institution_code\":\"dnDjds\",\"state\":\"Tamil Nadu\",\"isactive\":true,\"departments\":[]},{\"id\":13,\"name\":\"A5DDwBB\",\"institution_code\":\"dnDjBBs\",\"state\":\"Tamil Nadu\",\"isactive\":true,\"departments\":[]},{\"id\":14,\"name\":\"A5DDwBBVV\",\"institution_code\":\"dnDVjBBs\",\"state\":\"Tamil Nadu\",\"isactive\":true,\"departments\":[]}],\"limit\":10,\"page\":1,\"total_count\":15,\"total_pages\":2},\"message\":\"Institutes fetched successfully\",\"success\":true}"

**


**
Time      : 2026-07-27 14:43:25
Service   : General
Method    : POST
Endpoint  : /logout
Status    : 200

Request:
"{\"user_id\":94,\"refresh_token\":\"eyJhbGciOiJIUzI1NiIsInR5cCI6IkpXVCJ9.eyJleHAiOjE3ODc3MzQ4ODksImlhdCI6MTc4NTE0Mjg4OSwic2Vzc2lvbl9pZCI6ImRkMzJhOThmLTQ1NzYtNDg5Mi04MGFhLWRiMmI4OGVmM2FiNyIsInVzZXJfaWQiOjk0fQ.sD-odEKj7QmZ-8KUB03QHiV5h2oKU1YkQsmDtyaJY-A\"}"

Response:
"{\"data\":null,\"message\":\"Logout successful\",\"success\":true}"

**


**
Time      : 2026-07-27 14:45:25
Service   : Auth
Method    : POST
Endpoint  : /signin
Status    : 401

Request:
"[REDACTED/SENSITIVE]"

Response:
"{\"message\":\"please verify your email before signing in\",\"success\":false}"

**


**
Time      : 2026-07-27 14:45:31
Service   : Auth
Method    : POST
Endpoint  : /signup
Status    : 400

Request:
"[REDACTED/SENSITIVE]"

Response:
"{\"message\":\"email already exists\",\"success\":false}"

**


**
Time      : 2026-07-27 15:42:23
Service   : Auth
Method    : POST
Endpoint  : /signin
Status    : 200

Request:
"[REDACTED/SENSITIVE]"

Response:
"{\"data\":{\"access_token\":\"eyJhbGciOiJIUzI1NiIsInR5cCI6IkpXVCJ9.eyJleHAiOjE3ODUxNDgwNDMsImlhdCI6MTc4NTE0NzE0Mywic2Vzc2lvbl9pZCI6Ijk5ZDcxOGU5LWM2ZmMtNGM1NS04M2JkLTJmOTEwZjNmMjlmZSIsInVzZXJfaWQiOjk0fQ.bVuS8oYJlQ5qKEOtuNZrbOUy_ZAYdRbD5xROqdGltB4\",\"refresh_token\":\"eyJhbGciOiJIUzI1NiIsInR5cCI6IkpXVCJ9.eyJleHAiOjE3ODc3MzkxNDMsImlhdCI6MTc4NTE0NzE0Mywic2Vzc2lvbl9pZCI6Ijk5ZDcxOGU5LWM2ZmMtNGM1NS04M2JkLTJmOTEwZjNmMjlmZSIsInVzZXJfaWQiOjk0fQ.se-d8Qi1FouU6_1aEQsN8hSvgrUdQd6wjNWdRSgpL9U\",\"user_id\":94,\"session_id\":\"99d718e9-c6fc-4c55-83bd-2f910f3f29fe\"},\"message\":\"Signed in successfully\",\"success\":true}"

**


**
Time      : 2026-07-27 15:42:23
Service   : Institution
Method    : GET
Endpoint  : /institutes/
Status    : 200

Request:
""

Response:
"{\"data\":{\"items\":[{\"id\":3,\"name\":\"Anna\",\"institution_code\":\"sw51001\",\"state\":\"Tamil Nadu\",\"isactive\":true,\"departments\":[{\"id\":2,\"department_name\":\"Manu\",\"institution_id\":3,\"isactive\":true,\"faculties\":[]}]},{\"id\":4,\"name\":\"Anna University Main Campus\",\"institution_code\":\"AU1001-M\",\"state\":\"Tamil Nadu\",\"isactive\":true,\"departments\":[{\"id\":3,\"department_name\":\"Manu\",\"institution_id\":4,\"isactive\":true,\"faculties\":[{\"id\":2,\"name\":\"Dr. Amit Anand\",\"gender\":\"Male\",\"joining_date\":\"2026-06-24T00:00:00+05:30\",\"department_id\":3,\"isactive\":true,\"students\":[{\"id\":2,\"name\":\"Rahul Kumar Sharma\",\"email\":\"rahul.sharma@example.com\",\"gender\":\"male\",\"faculty_id\":2,\"isactive\":true,\"fees\":[{\"id\":2,\"payment_mode\":\"Online\",\"amount\":50000,\"student_id\":2,\"isactive\":true}]},{\"id\":4,\"name\":\"Rahul Kumar\",\"email\":\"raha@example.com\",\"gender\":\"Male\",\"faculty_id\":2,\"isactive\":true,\"fees\":[]},{\"id\":5,\"name\":\"Rahula Kumar\",\"email\":\"rahaaa@example.com\",\"gender\":\"Male\",\"faculty_id\":2,\"isactive\":true,\"fees\":[]}]}]}]},{\"id\":5,\"name\":\"Annas\",\"institution_code\":\"SW01001\",\"state\":\"Tamil Nadu\",\"isactive\":true,\"departments\":[{\"id\":5,\"department_name\":\"Manu\",\"institution_id\":5,\"isactive\":true,\"faculties\":[{\"id\":3,\"name\":\"Dr. Amit Anand\",\"gender\":\"Male\",\"joining_date\":\"2026-06-24T00:00:00+05:30\",\"department_id\":5,\"isactive\":true,\"students\":[{\"id\":6,\"name\":\"Rahula Kumar\",\"email\":\"raa@example.com\",\"gender\":\"Male\",\"faculty_id\":3,\"isactive\":true,\"fees\":[]},{\"id\":7,\"name\":\"Rahusla Kumar\",\"email\":\"radbshdsdiha@example.com\",\"gender\":\"Male\",\"faculty_id\":3,\"isactive\":true,\"fees\":[]},{\"id\":8,\"name\":\"Rarrhusla Kumar\",\"email\":\"rarrdbshdsdiha@example.com\",\"gender\":\"Male\",\"faculty_id\":3,\"isactive\":true,\"fees\":[]},{\"id\":9,\"name\":\"Rarrhuslddda Kumar\",\"email\":\"rarrdbshddsdiha@example.com\",\"gender\":\"Male\",\"faculty_id\":3,\"isactive\":true,\"fees\":[]},{\"id\":10,\"name\":\"Saple\",\"email\":\"saple@gmail.com\",\"gender\":\"Male\",\"faculty_id\":3,\"isactive\":true,\"fees\":[]}]}]}]},{\"id\":6,\"name\":\"Annasw\",\"institution_code\":\"SW018001\",\"state\":\"Tamil Nadu\",\"isactive\":true,\"departments\":[]},{\"id\":7,\"name\":\"Annass\",\"institution_code\":\"SW77789454\",\"state\":\"Tamil Nadu\",\"isactive\":true,\"departments\":[]},{\"id\":8,\"name\":\"Annassww\",\"institution_code\":\"SW778545489454\",\"state\":\"Tamil Nadu\",\"isactive\":true,\"departments\":[]},{\"id\":11,\"name\":\"A5w\",\"institution_code\":\"dnjds\",\"state\":\"Tamil Nadu\",\"isactive\":true,\"departments\":[]},{\"id\":12,\"name\":\"A5DDw\",\"institution_code\":\"dnDjds\",\"state\":\"Tamil Nadu\",\"isactive\":true,\"departments\":[]},{\"id\":13,\"name\":\"A5DDwBB\",\"institution_code\":\"dnDjBBs\",\"state\":\"Tamil Nadu\",\"isactive\":true,\"departments\":[]},{\"id\":14,\"name\":\"A5DDwBBVV\",\"institution_code\":\"dnDVjBBs\",\"state\":\"Tamil Nadu\",\"isactive\":true,\"departments\":[]}],\"limit\":10,\"page\":1,\"total_count\":15,\"total_pages\":2},\"message\":\"Institutes fetched successfully\",\"success\":true}"

**


**
Time      : 2026-07-27 15:42:25
Service   : Student
Method    : GET
Endpoint  : /students
Status    : 200

Request:
""

Response:
"{\"data\":{\"items\":[{\"id\":1,\"name\":\"Rahul Kumar\",\"email\":\"rahul@example.com\",\"gender\":\"Male\",\"faculty_id\":1,\"isactive\":true,\"fees\":[{\"id\":1,\"payment_mode\":\"Online\",\"amount\":50000,\"student_id\":1,\"isactive\":true}]},{\"id\":2,\"name\":\"Rahul Kumar Sharma\",\"email\":\"rahul.sharma@example.com\",\"gender\":\"male\",\"faculty_id\":2,\"isactive\":true,\"fees\":[{\"id\":2,\"payment_mode\":\"Online\",\"amount\":50000,\"student_id\":2,\"isactive\":true}]},{\"id\":3,\"name\":\"Rahul Kumar\",\"email\":\"rahula@example.com\",\"gender\":\"Male\",\"faculty_id\":1,\"isactive\":true,\"fees\":[]},{\"id\":4,\"name\":\"Rahul Kumar\",\"email\":\"raha@example.com\",\"gender\":\"Male\",\"faculty_id\":2,\"isactive\":true,\"fees\":[]},{\"id\":5,\"name\":\"Rahula Kumar\",\"email\":\"rahaaa@example.com\",\"gender\":\"Male\",\"faculty_id\":2,\"isactive\":true,\"fees\":[]},{\"id\":6,\"name\":\"Rahula Kumar\",\"email\":\"raa@example.com\",\"gender\":\"Male\",\"faculty_id\":3,\"isactive\":true,\"fees\":[]},{\"id\":7,\"name\":\"Rahusla Kumar\",\"email\":\"radbshdsdiha@example.com\",\"gender\":\"Male\",\"faculty_id\":3,\"isactive\":true,\"fees\":[]},{\"id\":8,\"name\":\"Rarrhusla Kumar\",\"email\":\"rarrdbshdsdiha@example.com\",\"gender\":\"Male\",\"faculty_id\":3,\"isactive\":true,\"fees\":[]},{\"id\":9,\"name\":\"Rarrhuslddda Kumar\",\"email\":\"rarrdbshddsdiha@example.com\",\"gender\":\"Male\",\"faculty_id\":3,\"isactive\":true,\"fees\":[]},{\"id\":10,\"name\":\"Saple\",\"email\":\"saple@gmail.com\",\"gender\":\"Male\",\"faculty_id\":3,\"isactive\":true,\"fees\":[]}],\"limit\":10,\"page\":1,\"total_count\":10,\"total_pages\":1},\"message\":\"Students fetched successfully\",\"success\":true}"

**


**
Time      : 2026-07-27 15:42:30
Service   : Student
Method    : GET
Endpoint  : /students
Status    : 200

Request:
""

Response:
"{\"data\":{\"items\":[{\"id\":1,\"name\":\"Rahul Kumar\",\"email\":\"rahul@example.com\",\"gender\":\"Male\",\"faculty_id\":1,\"isactive\":true,\"fees\":[{\"id\":1,\"payment_mode\":\"Online\",\"amount\":50000,\"student_id\":1,\"isactive\":true}]},{\"id\":2,\"name\":\"Rahul Kumar Sharma\",\"email\":\"rahul.sharma@example.com\",\"gender\":\"male\",\"faculty_id\":2,\"isactive\":true,\"fees\":[{\"id\":2,\"payment_mode\":\"Online\",\"amount\":50000,\"student_id\":2,\"isactive\":true}]},{\"id\":3,\"name\":\"Rahul Kumar\",\"email\":\"rahula@example.com\",\"gender\":\"Male\",\"faculty_id\":1,\"isactive\":true,\"fees\":[]},{\"id\":4,\"name\":\"Rahul Kumar\",\"email\":\"raha@example.com\",\"gender\":\"Male\",\"faculty_id\":2,\"isactive\":true,\"fees\":[]},{\"id\":5,\"name\":\"Rahula Kumar\",\"email\":\"rahaaa@example.com\",\"gender\":\"Male\",\"faculty_id\":2,\"isactive\":true,\"fees\":[]}],\"limit\":5,\"page\":1,\"total_count\":10,\"total_pages\":2},\"message\":\"Students fetched successfully\",\"success\":true}"

**


**
Time      : 2026-07-27 15:42:32
Service   : Student
Method    : GET
Endpoint  : /students
Status    : 200

Request:
""

Response:
"{\"data\":{\"items\":[{\"id\":1,\"name\":\"Rahul Kumar\",\"email\":\"rahul@example.com\",\"gender\":\"Male\",\"faculty_id\":1,\"isactive\":true,\"fees\":[{\"id\":1,\"payment_mode\":\"Online\",\"amount\":50000,\"student_id\":1,\"isactive\":true}]},{\"id\":2,\"name\":\"Rahul Kumar Sharma\",\"email\":\"rahul.sharma@example.com\",\"gender\":\"male\",\"faculty_id\":2,\"isactive\":true,\"fees\":[{\"id\":2,\"payment_mode\":\"Online\",\"amount\":50000,\"student_id\":2,\"isactive\":true}]},{\"id\":3,\"name\":\"Rahul Kumar\",\"email\":\"rahula@example.com\",\"gender\":\"Male\",\"faculty_id\":1,\"isactive\":true,\"fees\":[]},{\"id\":4,\"name\":\"Rahul Kumar\",\"email\":\"raha@example.com\",\"gender\":\"Male\",\"faculty_id\":2,\"isactive\":true,\"fees\":[]},{\"id\":5,\"name\":\"Rahula Kumar\",\"email\":\"rahaaa@example.com\",\"gender\":\"Male\",\"faculty_id\":2,\"isactive\":true,\"fees\":[]},{\"id\":6,\"name\":\"Rahula Kumar\",\"email\":\"raa@example.com\",\"gender\":\"Male\",\"faculty_id\":3,\"isactive\":true,\"fees\":[]},{\"id\":7,\"name\":\"Rahusla Kumar\",\"email\":\"radbshdsdiha@example.com\",\"gender\":\"Male\",\"faculty_id\":3,\"isactive\":true,\"fees\":[]},{\"id\":8,\"name\":\"Rarrhusla Kumar\",\"email\":\"rarrdbshdsdiha@example.com\",\"gender\":\"Male\",\"faculty_id\":3,\"isactive\":true,\"fees\":[]},{\"id\":9,\"name\":\"Rarrhuslddda Kumar\",\"email\":\"rarrdbshddsdiha@example.com\",\"gender\":\"Male\",\"faculty_id\":3,\"isactive\":true,\"fees\":[]},{\"id\":10,\"name\":\"Saple\",\"email\":\"saple@gmail.com\",\"gender\":\"Male\",\"faculty_id\":3,\"isactive\":true,\"fees\":[]}],\"limit\":10,\"page\":1,\"total_count\":10,\"total_pages\":1},\"message\":\"Students fetched successfully\",\"success\":true}"

**


**
Time      : 2026-07-27 15:42:49
Service   : General
Method    : POST
Endpoint  : /logout
Status    : 200

Request:
"{\"user_id\":94,\"refresh_token\":\"eyJhbGciOiJIUzI1NiIsInR5cCI6IkpXVCJ9.eyJleHAiOjE3ODc3MzkxNDMsImlhdCI6MTc4NTE0NzE0Mywic2Vzc2lvbl9pZCI6Ijk5ZDcxOGU5LWM2ZmMtNGM1NS04M2JkLTJmOTEwZjNmMjlmZSIsInVzZXJfaWQiOjk0fQ.se-d8Qi1FouU6_1aEQsN8hSvgrUdQd6wjNWdRSgpL9U\"}"

Response:
"{\"data\":null,\"message\":\"Logout successful\",\"success\":true}"

**


**
Time      : 2026-07-27 15:43:05
Service   : Auth
Method    : POST
Endpoint  : /signin
Status    : 200

Request:
"[REDACTED/SENSITIVE]"

Response:
"{\"data\":{\"access_token\":\"eyJhbGciOiJIUzI1NiIsInR5cCI6IkpXVCJ9.eyJleHAiOjE3ODUxNDgwODUsImlhdCI6MTc4NTE0NzE4NSwic2Vzc2lvbl9pZCI6IjAzZDFmNWVlLTY4YWMtNDI3OC04OTZhLTllOWM4ZWY0ZTE1NCIsInVzZXJfaWQiOjk0fQ.w0OdtN6HSvq549_zhn5gLCquJddM6P44g7F6sNzJE08\",\"refresh_token\":\"eyJhbGciOiJIUzI1NiIsInR5cCI6IkpXVCJ9.eyJleHAiOjE3ODc3MzkxODUsImlhdCI6MTc4NTE0NzE4NSwic2Vzc2lvbl9pZCI6IjAzZDFmNWVlLTY4YWMtNDI3OC04OTZhLTllOWM4ZWY0ZTE1NCIsInVzZXJfaWQiOjk0fQ.5IvlMACgkGnDABGbx-KEo1WcnajjlYF6CHyVihxaMos\",\"user_id\":94,\"session_id\":\"03d1f5ee-68ac-4278-896a-9e9c8ef4e154\"},\"message\":\"Signed in successfully\",\"success\":true}"

**


**
Time      : 2026-07-27 15:43:05
Service   : Institution
Method    : GET
Endpoint  : /institutes/
Status    : 200

Request:
""

Response:
"{\"data\":{\"items\":[{\"id\":3,\"name\":\"Anna\",\"institution_code\":\"sw51001\",\"state\":\"Tamil Nadu\",\"isactive\":true,\"departments\":[{\"id\":2,\"department_name\":\"Manu\",\"institution_id\":3,\"isactive\":true,\"faculties\":[]}]},{\"id\":4,\"name\":\"Anna University Main Campus\",\"institution_code\":\"AU1001-M\",\"state\":\"Tamil Nadu\",\"isactive\":true,\"departments\":[{\"id\":3,\"department_name\":\"Manu\",\"institution_id\":4,\"isactive\":true,\"faculties\":[{\"id\":2,\"name\":\"Dr. Amit Anand\",\"gender\":\"Male\",\"joining_date\":\"2026-06-24T00:00:00+05:30\",\"department_id\":3,\"isactive\":true,\"students\":[{\"id\":2,\"name\":\"Rahul Kumar Sharma\",\"email\":\"rahul.sharma@example.com\",\"gender\":\"male\",\"faculty_id\":2,\"isactive\":true,\"fees\":[{\"id\":2,\"payment_mode\":\"Online\",\"amount\":50000,\"student_id\":2,\"isactive\":true}]},{\"id\":4,\"name\":\"Rahul Kumar\",\"email\":\"raha@example.com\",\"gender\":\"Male\",\"faculty_id\":2,\"isactive\":true,\"fees\":[]},{\"id\":5,\"name\":\"Rahula Kumar\",\"email\":\"rahaaa@example.com\",\"gender\":\"Male\",\"faculty_id\":2,\"isactive\":true,\"fees\":[]}]}]}]},{\"id\":5,\"name\":\"Annas\",\"institution_code\":\"SW01001\",\"state\":\"Tamil Nadu\",\"isactive\":true,\"departments\":[{\"id\":5,\"department_name\":\"Manu\",\"institution_id\":5,\"isactive\":true,\"faculties\":[{\"id\":3,\"name\":\"Dr. Amit Anand\",\"gender\":\"Male\",\"joining_date\":\"2026-06-24T00:00:00+05:30\",\"department_id\":5,\"isactive\":true,\"students\":[{\"id\":6,\"name\":\"Rahula Kumar\",\"email\":\"raa@example.com\",\"gender\":\"Male\",\"faculty_id\":3,\"isactive\":true,\"fees\":[]},{\"id\":7,\"name\":\"Rahusla Kumar\",\"email\":\"radbshdsdiha@example.com\",\"gender\":\"Male\",\"faculty_id\":3,\"isactive\":true,\"fees\":[]},{\"id\":8,\"name\":\"Rarrhusla Kumar\",\"email\":\"rarrdbshdsdiha@example.com\",\"gender\":\"Male\",\"faculty_id\":3,\"isactive\":true,\"fees\":[]},{\"id\":9,\"name\":\"Rarrhuslddda Kumar\",\"email\":\"rarrdbshddsdiha@example.com\",\"gender\":\"Male\",\"faculty_id\":3,\"isactive\":true,\"fees\":[]},{\"id\":10,\"name\":\"Saple\",\"email\":\"saple@gmail.com\",\"gender\":\"Male\",\"faculty_id\":3,\"isactive\":true,\"fees\":[]}]}]}]},{\"id\":6,\"name\":\"Annasw\",\"institution_code\":\"SW018001\",\"state\":\"Tamil Nadu\",\"isactive\":true,\"departments\":[]},{\"id\":7,\"name\":\"Annass\",\"institution_code\":\"SW77789454\",\"state\":\"Tamil Nadu\",\"isactive\":true,\"departments\":[]},{\"id\":8,\"name\":\"Annassww\",\"institution_code\":\"SW778545489454\",\"state\":\"Tamil Nadu\",\"isactive\":true,\"departments\":[]},{\"id\":11,\"name\":\"A5w\",\"institution_code\":\"dnjds\",\"state\":\"Tamil Nadu\",\"isactive\":true,\"departments\":[]},{\"id\":12,\"name\":\"A5DDw\",\"institution_code\":\"dnDjds\",\"state\":\"Tamil Nadu\",\"isactive\":true,\"departments\":[]},{\"id\":13,\"name\":\"A5DDwBB\",\"institution_code\":\"dnDjBBs\",\"state\":\"Tamil Nadu\",\"isactive\":true,\"departments\":[]},{\"id\":14,\"name\":\"A5DDwBBVV\",\"institution_code\":\"dnDVjBBs\",\"state\":\"Tamil Nadu\",\"isactive\":true,\"departments\":[]}],\"limit\":10,\"page\":1,\"total_count\":15,\"total_pages\":2},\"message\":\"Institutes fetched successfully\",\"success\":true}"

**


**
Time      : 2026-07-27 15:44:57
Service   : General
Method    : POST
Endpoint  : /logout
Status    : 400

Request:
"{\n   \"user_id\":94,\n   \"refresh_token\":\"eyJhbGciOiJIUzI1NiIsInR5cCI6IkpXVCJ9.eyJleHAiOjE3ODc3MjI3ODQsImlhdCI6MTc4NTEzMDc4NCwic2Vzc2lvbl9pZCI6ImRkZDcyNDQ1LTQ3NDItNGRiMy1hYTNiLTc2ZjI0YzBjZDE2MyIsInVzZXJfaWQiOjk0fQ.73OfFK0ShikUP67LTzAN4KC9Nzz1AH9aK40eWZWOdz\"\n}"

Response:
"{\"message\":\"invalid session or already logged out\",\"success\":false}"

**


**
Time      : 2026-07-27 15:45:02
Service   : General
Method    : POST
Endpoint  : /logout
Status    : 200

Request:
"{\n   \"user_id\":94,\n   \"refresh_token\":\"eyJhbGciOiJIUzI1NiIsInR5cCI6IkpXVCJ9.eyJleHAiOjE3ODc3MjI3ODQsImlhdCI6MTc4NTEzMDc4NCwic2Vzc2lvbl9pZCI6ImRkZDcyNDQ1LTQ3NDItNGRiMy1hYTNiLTc2ZjI0YzBjZDE2MyIsInVzZXJfaWQiOjk0fQ.73OfFK0ShikUP67LTzAN4KC9Nzz1AH9aK40eWZWOdz0\"\n}"

Response:
"{\"data\":null,\"message\":\"Logout successful\",\"success\":true}"

**


**
Time      : 2026-07-27 15:48:26
Service   : Department
Method    : GET
Endpoint  : /departments
Status    : 200

Request:
""

Response:
"{\"data\":{\"items\":[{\"id\":1,\"department_name\":\"Manu\",\"institution_id\":2,\"isactive\":true,\"faculties\":[{\"id\":1,\"name\":\"Dr. Amit Anand\",\"gender\":\"Male\",\"joining_date\":\"2026-06-24T00:00:00+05:30\",\"department_id\":1,\"isactive\":true,\"students\":[{\"id\":1,\"name\":\"Rahul Kumar\",\"email\":\"rahul@example.com\",\"gender\":\"Male\",\"faculty_id\":1,\"isactive\":true,\"fees\":[{\"id\":1,\"payment_mode\":\"Online\",\"amount\":50000,\"student_id\":1,\"isactive\":true}]},{\"id\":3,\"name\":\"Rahul Kumar\",\"email\":\"rahula@example.com\",\"gender\":\"Male\",\"faculty_id\":1,\"isactive\":true,\"fees\":[]}]}]},{\"id\":2,\"department_name\":\"Manu\",\"institution_id\":3,\"isactive\":true,\"faculties\":[]},{\"id\":3,\"department_name\":\"Manu\",\"institution_id\":4,\"isactive\":true,\"faculties\":[{\"id\":2,\"name\":\"Dr. Amit Anand\",\"gender\":\"Male\",\"joining_date\":\"2026-06-24T00:00:00+05:30\",\"department_id\":3,\"isactive\":true,\"students\":[{\"id\":2,\"name\":\"Rahul Kumar Sharma\",\"email\":\"rahul.sharma@example.com\",\"gender\":\"male\",\"faculty_id\":2,\"isactive\":true,\"fees\":[{\"id\":2,\"payment_mode\":\"Online\",\"amount\":50000,\"student_id\":2,\"isactive\":true}]},{\"id\":4,\"name\":\"Rahul Kumar\",\"email\":\"raha@example.com\",\"gender\":\"Male\",\"faculty_id\":2,\"isactive\":true,\"fees\":[]},{\"id\":5,\"name\":\"Rahula Kumar\",\"email\":\"rahaaa@example.com\",\"gender\":\"Male\",\"faculty_id\":2,\"isactive\":true,\"fees\":[]}]}]},{\"id\":4,\"department_name\":\"Manu\",\"institution_id\":16,\"isactive\":true,\"faculties\":[]},{\"id\":5,\"department_name\":\"Manu\",\"institution_id\":5,\"isactive\":true,\"faculties\":[{\"id\":3,\"name\":\"Dr. Amit Anand\",\"gender\":\"Male\",\"joining_date\":\"2026-06-24T00:00:00+05:30\",\"department_id\":5,\"isactive\":true,\"students\":[{\"id\":6,\"name\":\"Rahula Kumar\",\"email\":\"raa@example.com\",\"gender\":\"Male\",\"faculty_id\":3,\"isactive\":true,\"fees\":[]},{\"id\":7,\"name\":\"Rahusla Kumar\",\"email\":\"radbshdsdiha@example.com\",\"gender\":\"Male\",\"faculty_id\":3,\"isactive\":true,\"fees\":[]},{\"id\":8,\"name\":\"Rarrhusla Kumar\",\"email\":\"rarrdbshdsdiha@example.com\",\"gender\":\"Male\",\"faculty_id\":3,\"isactive\":true,\"fees\":[]},{\"id\":9,\"name\":\"Rarrhuslddda Kumar\",\"email\":\"rarrdbshddsdiha@example.com\",\"gender\":\"Male\",\"faculty_id\":3,\"isactive\":true,\"fees\":[]},{\"id\":10,\"name\":\"Saple\",\"email\":\"saple@gmail.com\",\"gender\":\"Male\",\"faculty_id\":3,\"isactive\":true,\"fees\":[]}]}]},{\"id\":6,\"department_name\":\"IT\",\"institution_id\":19,\"isactive\":true,\"faculties\":[]}],\"limit\":10,\"page\":1,\"total_count\":6,\"total_pages\":1},\"message\":\"Departments fetched successfully\",\"success\":true}"

**


**
Time      : 2026-07-27 15:48:27
Service   : Department
Method    : GET
Endpoint  : /departments/2
Status    : 200

Request:
""

Response:
"{\"data\":{\"id\":2,\"department_name\":\"Manu\",\"institution_id\":3,\"isactive\":true,\"faculties\":[]},\"message\":\"Department fetched successfully\",\"success\":true}"

**


**
Time      : 2026-07-27 15:55:59
Service   : General
Method    : POST
Endpoint  : /logout
Status    : 200

Request:
"{\"user_id\":94,\"refresh_token\":\"eyJhbGciOiJIUzI1NiIsInR5cCI6IkpXVCJ9.eyJleHAiOjE3ODc3MzkxODUsImlhdCI6MTc4NTE0NzE4NSwic2Vzc2lvbl9pZCI6IjAzZDFmNWVlLTY4YWMtNDI3OC04OTZhLTllOWM4ZWY0ZTE1NCIsInVzZXJfaWQiOjk0fQ.5IvlMACgkGnDABGbx-KEo1WcnajjlYF6CHyVihxaMos\"}"

Response:
"{\"data\":null,\"message\":\"Logout successful\",\"success\":true}"

**


**
Time      : 2026-07-27 15:56:02
Service   : Auth
Method    : POST
Endpoint  : /signin
Status    : 200

Request:
"[REDACTED/SENSITIVE]"

Response:
"{\"data\":{\"access_token\":\"eyJhbGciOiJIUzI1NiIsInR5cCI6IkpXVCJ9.eyJleHAiOjE3ODUxNDg4NjIsImlhdCI6MTc4NTE0Nzk2Miwic2Vzc2lvbl9pZCI6IjRhYThkYTNkLWFlODMtNGM0Yi05YjEwLTM4YmU1YjFiMDRlOSIsInVzZXJfaWQiOjk0fQ.-40HDPBKrsTbLM4UgFJ8KJ6rnN_qviQVmaD1KpqmKT0\",\"refresh_token\":\"eyJhbGciOiJIUzI1NiIsInR5cCI6IkpXVCJ9.eyJleHAiOjE3ODc3Mzk5NjIsImlhdCI6MTc4NTE0Nzk2Miwic2Vzc2lvbl9pZCI6IjRhYThkYTNkLWFlODMtNGM0Yi05YjEwLTM4YmU1YjFiMDRlOSIsInVzZXJfaWQiOjk0fQ.XfAGPAgBaB29jPHu8VpeesnutpbX06p10RUMWB2Kbcw\",\"user_id\":94,\"session_id\":\"4aa8da3d-ae83-4c4b-9b10-38be5b1b04e9\"},\"message\":\"Signed in successfully\",\"success\":true}"

**


**
Time      : 2026-07-27 15:56:02
Service   : Institution
Method    : GET
Endpoint  : /institutes/
Status    : 200

Request:
""

Response:
"{\"data\":{\"items\":[{\"id\":3,\"name\":\"Anna\",\"institution_code\":\"sw51001\",\"state\":\"Tamil Nadu\",\"isactive\":true,\"departments\":[{\"id\":2,\"department_name\":\"Manu\",\"institution_id\":3,\"isactive\":true,\"faculties\":[]}]},{\"id\":4,\"name\":\"Anna University Main Campus\",\"institution_code\":\"AU1001-M\",\"state\":\"Tamil Nadu\",\"isactive\":true,\"departments\":[{\"id\":3,\"department_name\":\"Manu\",\"institution_id\":4,\"isactive\":true,\"faculties\":[{\"id\":2,\"name\":\"Dr. Amit Anand\",\"gender\":\"Male\",\"joining_date\":\"2026-06-24T00:00:00+05:30\",\"department_id\":3,\"isactive\":true,\"students\":[{\"id\":2,\"name\":\"Rahul Kumar Sharma\",\"email\":\"rahul.sharma@example.com\",\"gender\":\"male\",\"faculty_id\":2,\"isactive\":true,\"fees\":[{\"id\":2,\"payment_mode\":\"Online\",\"amount\":50000,\"student_id\":2,\"isactive\":true}]},{\"id\":4,\"name\":\"Rahul Kumar\",\"email\":\"raha@example.com\",\"gender\":\"Male\",\"faculty_id\":2,\"isactive\":true,\"fees\":[]},{\"id\":5,\"name\":\"Rahula Kumar\",\"email\":\"rahaaa@example.com\",\"gender\":\"Male\",\"faculty_id\":2,\"isactive\":true,\"fees\":[]}]}]}]},{\"id\":5,\"name\":\"Annas\",\"institution_code\":\"SW01001\",\"state\":\"Tamil Nadu\",\"isactive\":true,\"departments\":[{\"id\":5,\"department_name\":\"Manu\",\"institution_id\":5,\"isactive\":true,\"faculties\":[{\"id\":3,\"name\":\"Dr. Amit Anand\",\"gender\":\"Male\",\"joining_date\":\"2026-06-24T00:00:00+05:30\",\"department_id\":5,\"isactive\":true,\"students\":[{\"id\":6,\"name\":\"Rahula Kumar\",\"email\":\"raa@example.com\",\"gender\":\"Male\",\"faculty_id\":3,\"isactive\":true,\"fees\":[]},{\"id\":7,\"name\":\"Rahusla Kumar\",\"email\":\"radbshdsdiha@example.com\",\"gender\":\"Male\",\"faculty_id\":3,\"isactive\":true,\"fees\":[]},{\"id\":8,\"name\":\"Rarrhusla Kumar\",\"email\":\"rarrdbshdsdiha@example.com\",\"gender\":\"Male\",\"faculty_id\":3,\"isactive\":true,\"fees\":[]},{\"id\":9,\"name\":\"Rarrhuslddda Kumar\",\"email\":\"rarrdbshddsdiha@example.com\",\"gender\":\"Male\",\"faculty_id\":3,\"isactive\":true,\"fees\":[]},{\"id\":10,\"name\":\"Saple\",\"email\":\"saple@gmail.com\",\"gender\":\"Male\",\"faculty_id\":3,\"isactive\":true,\"fees\":[]}]}]}]},{\"id\":6,\"name\":\"Annasw\",\"institution_code\":\"SW018001\",\"state\":\"Tamil Nadu\",\"isactive\":true,\"departments\":[]},{\"id\":7,\"name\":\"Annass\",\"institution_code\":\"SW77789454\",\"state\":\"Tamil Nadu\",\"isactive\":true,\"departments\":[]},{\"id\":8,\"name\":\"Annassww\",\"institution_code\":\"SW778545489454\",\"state\":\"Tamil Nadu\",\"isactive\":true,\"departments\":[]},{\"id\":11,\"name\":\"A5w\",\"institution_code\":\"dnjds\",\"state\":\"Tamil Nadu\",\"isactive\":true,\"departments\":[]},{\"id\":12,\"name\":\"A5DDw\",\"institution_code\":\"dnDjds\",\"state\":\"Tamil Nadu\",\"isactive\":true,\"departments\":[]},{\"id\":13,\"name\":\"A5DDwBB\",\"institution_code\":\"dnDjBBs\",\"state\":\"Tamil Nadu\",\"isactive\":true,\"departments\":[]},{\"id\":14,\"name\":\"A5DDwBBVV\",\"institution_code\":\"dnDVjBBs\",\"state\":\"Tamil Nadu\",\"isactive\":true,\"departments\":[]}],\"limit\":10,\"page\":1,\"total_count\":15,\"total_pages\":2},\"message\":\"Institutes fetched successfully\",\"success\":true}"

**


**
Time      : 2026-07-27 15:56:04
Service   : Institution
Method    : GET
Endpoint  : /institutes/3
Status    : 200

Request:
""

Response:
"{\"data\":{\"id\":3,\"name\":\"Anna\",\"institution_code\":\"sw51001\",\"state\":\"Tamil Nadu\",\"isactive\":true,\"departments\":[{\"id\":2,\"department_name\":\"Manu\",\"institution_id\":3,\"isactive\":true,\"faculties\":[]}]},\"message\":\"Institute fetched successfully\",\"success\":true}"

**


**
Time      : 2026-07-27 16:18:19
Service   : Institution
Method    : GET
Endpoint  : /institutes/
Status    : 401

Request:
""

Response:
"{\"message\":\"Invalid or expired token\",\"success\":false}"

**


**
Time      : 2026-07-27 16:18:58
Service   : Auth
Method    : POST
Endpoint  : /signin
Status    : 200

Request:
"[REDACTED/SENSITIVE]"

Response:
"{\"data\":{\"access_token\":\"eyJhbGciOiJIUzI1NiIsInR5cCI6IkpXVCJ9.eyJleHAiOjE3ODUxNTAyMzgsImlhdCI6MTc4NTE0OTMzOCwic2Vzc2lvbl9pZCI6ImY3OGMzOWE3LTRlOTYtNGRjMi05ZDI4LWVmNTg4NmYyOGM1MyIsInVzZXJfaWQiOjk0fQ.kUEN17aroR6M9HVXC-EHN2ohVKFNeZL7L5bIryihMjI\",\"refresh_token\":\"eyJhbGciOiJIUzI1NiIsInR5cCI6IkpXVCJ9.eyJleHAiOjE3ODc3NDEzMzgsImlhdCI6MTc4NTE0OTMzOCwic2Vzc2lvbl9pZCI6ImY3OGMzOWE3LTRlOTYtNGRjMi05ZDI4LWVmNTg4NmYyOGM1MyIsInVzZXJfaWQiOjk0fQ.NpvPKI-gs5YatNPDllFPrlDytB6T-98NfCa8pob09eI\",\"user_id\":94,\"session_id\":\"f78c39a7-4e96-4dc2-9d28-ef5886f28c53\"},\"message\":\"Signed in successfully\",\"success\":true}"

**


**
Time      : 2026-07-27 16:18:58
Service   : Institution
Method    : GET
Endpoint  : /institutes/
Status    : 200

Request:
""

Response:
"{\"data\":{\"items\":[{\"id\":3,\"name\":\"Anna\",\"institution_code\":\"sw51001\",\"state\":\"Tamil Nadu\",\"isactive\":true,\"departments\":[{\"id\":2,\"department_name\":\"Manu\",\"institution_id\":3,\"isactive\":true,\"faculties\":[]}]},{\"id\":4,\"name\":\"Anna University Main Campus\",\"institution_code\":\"AU1001-M\",\"state\":\"Tamil Nadu\",\"isactive\":true,\"departments\":[{\"id\":3,\"department_name\":\"Manu\",\"institution_id\":4,\"isactive\":true,\"faculties\":[{\"id\":2,\"name\":\"Dr. Amit Anand\",\"gender\":\"Male\",\"joining_date\":\"2026-06-24T00:00:00+05:30\",\"department_id\":3,\"isactive\":true,\"students\":[{\"id\":2,\"name\":\"Rahul Kumar Sharma\",\"email\":\"rahul.sharma@example.com\",\"gender\":\"male\",\"faculty_id\":2,\"isactive\":true,\"fees\":[{\"id\":2,\"payment_mode\":\"Online\",\"amount\":50000,\"student_id\":2,\"isactive\":true}]},{\"id\":4,\"name\":\"Rahul Kumar\",\"email\":\"raha@example.com\",\"gender\":\"Male\",\"faculty_id\":2,\"isactive\":true,\"fees\":[]},{\"id\":5,\"name\":\"Rahula Kumar\",\"email\":\"rahaaa@example.com\",\"gender\":\"Male\",\"faculty_id\":2,\"isactive\":true,\"fees\":[]}]}]}]},{\"id\":5,\"name\":\"Annas\",\"institution_code\":\"SW01001\",\"state\":\"Tamil Nadu\",\"isactive\":true,\"departments\":[{\"id\":5,\"department_name\":\"Manu\",\"institution_id\":5,\"isactive\":true,\"faculties\":[{\"id\":3,\"name\":\"Dr. Amit Anand\",\"gender\":\"Male\",\"joining_date\":\"2026-06-24T00:00:00+05:30\",\"department_id\":5,\"isactive\":true,\"students\":[{\"id\":6,\"name\":\"Rahula Kumar\",\"email\":\"raa@example.com\",\"gender\":\"Male\",\"faculty_id\":3,\"isactive\":true,\"fees\":[]},{\"id\":7,\"name\":\"Rahusla Kumar\",\"email\":\"radbshdsdiha@example.com\",\"gender\":\"Male\",\"faculty_id\":3,\"isactive\":true,\"fees\":[]},{\"id\":8,\"name\":\"Rarrhusla Kumar\",\"email\":\"rarrdbshdsdiha@example.com\",\"gender\":\"Male\",\"faculty_id\":3,\"isactive\":true,\"fees\":[]},{\"id\":9,\"name\":\"Rarrhuslddda Kumar\",\"email\":\"rarrdbshddsdiha@example.com\",\"gender\":\"Male\",\"faculty_id\":3,\"isactive\":true,\"fees\":[]},{\"id\":10,\"name\":\"Saple\",\"email\":\"saple@gmail.com\",\"gender\":\"Male\",\"faculty_id\":3,\"isactive\":true,\"fees\":[]}]}]}]},{\"id\":6,\"name\":\"Annasw\",\"institution_code\":\"SW018001\",\"state\":\"Tamil Nadu\",\"isactive\":true,\"departments\":[]},{\"id\":7,\"name\":\"Annass\",\"institution_code\":\"SW77789454\",\"state\":\"Tamil Nadu\",\"isactive\":true,\"departments\":[]},{\"id\":8,\"name\":\"Annassww\",\"institution_code\":\"SW778545489454\",\"state\":\"Tamil Nadu\",\"isactive\":true,\"departments\":[]},{\"id\":11,\"name\":\"A5w\",\"institution_code\":\"dnjds\",\"state\":\"Tamil Nadu\",\"isactive\":true,\"departments\":[]},{\"id\":12,\"name\":\"A5DDw\",\"institution_code\":\"dnDjds\",\"state\":\"Tamil Nadu\",\"isactive\":true,\"departments\":[]},{\"id\":13,\"name\":\"A5DDwBB\",\"institution_code\":\"dnDjBBs\",\"state\":\"Tamil Nadu\",\"isactive\":true,\"departments\":[]},{\"id\":14,\"name\":\"A5DDwBBVV\",\"institution_code\":\"dnDVjBBs\",\"state\":\"Tamil Nadu\",\"isactive\":true,\"departments\":[]}],\"limit\":10,\"page\":1,\"total_count\":15,\"total_pages\":2},\"message\":\"Institutes fetched successfully\",\"success\":true}"

**


**
Time      : 2026-07-27 16:23:17
Service   : General
Method    : POST
Endpoint  : /logout
Status    : 200

Request:
"{\"user_id\":94,\"refresh_token\":\"eyJhbGciOiJIUzI1NiIsInR5cCI6IkpXVCJ9.eyJleHAiOjE3ODc3NDEzMzgsImlhdCI6MTc4NTE0OTMzOCwic2Vzc2lvbl9pZCI6ImY3OGMzOWE3LTRlOTYtNGRjMi05ZDI4LWVmNTg4NmYyOGM1MyIsInVzZXJfaWQiOjk0fQ.NpvPKI-gs5YatNPDllFPrlDytB6T-98NfCa8pob09eI\"}"

Response:
"{\"data\":null,\"message\":\"Logout successful\",\"success\":true}"

**


**
Time      : 2026-07-27 16:23:21
Service   : Auth
Method    : POST
Endpoint  : /signin
Status    : 200

Request:
"[REDACTED/SENSITIVE]"

Response:
"{\"data\":{\"access_token\":\"eyJhbGciOiJIUzI1NiIsInR5cCI6IkpXVCJ9.eyJleHAiOjE3ODUxNTA1MDEsImlhdCI6MTc4NTE0OTYwMSwic2Vzc2lvbl9pZCI6IjlhZDk5NTZkLWY4MzgtNDg0Zi04MmE4LWY5ZjhlNGUwZjZkYSIsInVzZXJfaWQiOjk0fQ.KRZhTZ0mOIOWEUyXFU8__eJ6y06rQm93rYhu3u86w1M\",\"refresh_token\":\"eyJhbGciOiJIUzI1NiIsInR5cCI6IkpXVCJ9.eyJleHAiOjE3ODc3NDE2MDEsImlhdCI6MTc4NTE0OTYwMSwic2Vzc2lvbl9pZCI6IjlhZDk5NTZkLWY4MzgtNDg0Zi04MmE4LWY5ZjhlNGUwZjZkYSIsInVzZXJfaWQiOjk0fQ.9WvmsfjCJGuefq-F5uMVtmwBTKL2ZMh5rdQ4m_ukv9Q\",\"user_id\":94,\"session_id\":\"9ad9956d-f838-484f-82a8-f9f8e4e0f6da\"},\"message\":\"Signed in successfully\",\"success\":true}"

**


**
Time      : 2026-07-27 16:23:22
Service   : Institution
Method    : GET
Endpoint  : /institutes/
Status    : 200

Request:
""

Response:
"{\"data\":{\"items\":[{\"id\":3,\"name\":\"Anna\",\"institution_code\":\"sw51001\",\"state\":\"Tamil Nadu\",\"isactive\":true,\"departments\":[{\"id\":2,\"department_name\":\"Manu\",\"institution_id\":3,\"isactive\":true,\"faculties\":[]}]},{\"id\":4,\"name\":\"Anna University Main Campus\",\"institution_code\":\"AU1001-M\",\"state\":\"Tamil Nadu\",\"isactive\":true,\"departments\":[{\"id\":3,\"department_name\":\"Manu\",\"institution_id\":4,\"isactive\":true,\"faculties\":[{\"id\":2,\"name\":\"Dr. Amit Anand\",\"gender\":\"Male\",\"joining_date\":\"2026-06-24T00:00:00+05:30\",\"department_id\":3,\"isactive\":true,\"students\":[{\"id\":2,\"name\":\"Rahul Kumar Sharma\",\"email\":\"rahul.sharma@example.com\",\"gender\":\"male\",\"faculty_id\":2,\"isactive\":true,\"fees\":[{\"id\":2,\"payment_mode\":\"Online\",\"amount\":50000,\"student_id\":2,\"isactive\":true}]},{\"id\":4,\"name\":\"Rahul Kumar\",\"email\":\"raha@example.com\",\"gender\":\"Male\",\"faculty_id\":2,\"isactive\":true,\"fees\":[]},{\"id\":5,\"name\":\"Rahula Kumar\",\"email\":\"rahaaa@example.com\",\"gender\":\"Male\",\"faculty_id\":2,\"isactive\":true,\"fees\":[]}]}]}]},{\"id\":5,\"name\":\"Annas\",\"institution_code\":\"SW01001\",\"state\":\"Tamil Nadu\",\"isactive\":true,\"departments\":[{\"id\":5,\"department_name\":\"Manu\",\"institution_id\":5,\"isactive\":true,\"faculties\":[{\"id\":3,\"name\":\"Dr. Amit Anand\",\"gender\":\"Male\",\"joining_date\":\"2026-06-24T00:00:00+05:30\",\"department_id\":5,\"isactive\":true,\"students\":[{\"id\":6,\"name\":\"Rahula Kumar\",\"email\":\"raa@example.com\",\"gender\":\"Male\",\"faculty_id\":3,\"isactive\":true,\"fees\":[]},{\"id\":7,\"name\":\"Rahusla Kumar\",\"email\":\"radbshdsdiha@example.com\",\"gender\":\"Male\",\"faculty_id\":3,\"isactive\":true,\"fees\":[]},{\"id\":8,\"name\":\"Rarrhusla Kumar\",\"email\":\"rarrdbshdsdiha@example.com\",\"gender\":\"Male\",\"faculty_id\":3,\"isactive\":true,\"fees\":[]},{\"id\":9,\"name\":\"Rarrhuslddda Kumar\",\"email\":\"rarrdbshddsdiha@example.com\",\"gender\":\"Male\",\"faculty_id\":3,\"isactive\":true,\"fees\":[]},{\"id\":10,\"name\":\"Saple\",\"email\":\"saple@gmail.com\",\"gender\":\"Male\",\"faculty_id\":3,\"isactive\":true,\"fees\":[]}]}]}]},{\"id\":6,\"name\":\"Annasw\",\"institution_code\":\"SW018001\",\"state\":\"Tamil Nadu\",\"isactive\":true,\"departments\":[]},{\"id\":7,\"name\":\"Annass\",\"institution_code\":\"SW77789454\",\"state\":\"Tamil Nadu\",\"isactive\":true,\"departments\":[]},{\"id\":8,\"name\":\"Annassww\",\"institution_code\":\"SW778545489454\",\"state\":\"Tamil Nadu\",\"isactive\":true,\"departments\":[]},{\"id\":11,\"name\":\"A5w\",\"institution_code\":\"dnjds\",\"state\":\"Tamil Nadu\",\"isactive\":true,\"departments\":[]},{\"id\":12,\"name\":\"A5DDw\",\"institution_code\":\"dnDjds\",\"state\":\"Tamil Nadu\",\"isactive\":true,\"departments\":[]},{\"id\":13,\"name\":\"A5DDwBB\",\"institution_code\":\"dnDjBBs\",\"state\":\"Tamil Nadu\",\"isactive\":true,\"departments\":[]},{\"id\":14,\"name\":\"A5DDwBBVV\",\"institution_code\":\"dnDVjBBs\",\"state\":\"Tamil Nadu\",\"isactive\":true,\"departments\":[]}],\"limit\":10,\"page\":1,\"total_count\":15,\"total_pages\":2},\"message\":\"Institutes fetched successfully\",\"success\":true}"

**


**
Time      : 2026-07-27 16:24:14
Service   : General
Method    : POST
Endpoint  : /logout
Status    : 200

Request:
"{\"user_id\":94,\"refresh_token\":\"eyJhbGciOiJIUzI1NiIsInR5cCI6IkpXVCJ9.eyJleHAiOjE3ODc3NDE2MDEsImlhdCI6MTc4NTE0OTYwMSwic2Vzc2lvbl9pZCI6IjlhZDk5NTZkLWY4MzgtNDg0Zi04MmE4LWY5ZjhlNGUwZjZkYSIsInVzZXJfaWQiOjk0fQ.9WvmsfjCJGuefq-F5uMVtmwBTKL2ZMh5rdQ4m_ukv9Q\"}"

Response:
"{\"data\":null,\"message\":\"Logout successful\",\"success\":true}"

**

